kem,signature,kem_category,signature_category,loss_profile,iterations,outliers_removed,mean_ms,std_ms,ci95_low_ms,ci95_high_ms,quic_mode
MLKEM512,MLDSA44,pqc,pqc,off,20,0,2.650500,0.791185,2.303748,2.997252,0 - default
MLKEM512,MLDSA65,pqc,pqc,off,19,1,2.848421,0.536369,2.607240,3.089602,0 - default
MLKEM512,MLDSA87,pqc,pqc,off,20,0,3.419000,0.770700,3.081226,3.756774,0 - default
MLKEM512,p256_mldsa44,pqc,pqc-hybrid,off,18,2,3.321111,0.112191,3.269281,3.372941,0 - default
MLKEM512,rsa3072_mldsa44,pqc,pqc-hybrid,off,18,2,5.135556,0.070978,5.102765,5.168346,0 - default
MLKEM512,p384_mldsa65,pqc,pqc-hybrid,off,19,1,4.976316,0.112458,4.925749,5.026883,0 - default
MLKEM512,p521_mldsa87,pqc,pqc-hybrid,off,19,1,6.968421,0.142605,6.904298,7.032544,0 - default
MLKEM512,falcon512,pqc,pqc,off,19,1,2.516316,0.117672,2.463404,2.569228,0 - default
MLKEM512,falcon1024,pqc,pqc,off,18,2,2.854444,0.071144,2.821578,2.887311,0 - default
MLKEM512,p256_falcon512,pqc,pqc-hybrid,off,19,1,3.487895,0.099865,3.442990,3.532800,0 - default
MLKEM512,rsa3072_falcon512,pqc,pqc-hybrid,off,18,2,5.275556,0.088066,5.234871,5.316240,0 - default
MLKEM512,falconpadded512,pqc,pqc,off,18,2,2.513889,0.089583,2.472504,2.555274,0 - default
MLKEM512,p256_falconpadded512,pqc,pqc-hybrid,off,18,2,3.500000,0.078665,3.463658,3.536342,0 - default
MLKEM512,rsa3072_falconpadded512,pqc,pqc-hybrid,off,18,2,5.290000,0.083031,5.251642,5.328358,0 - default
MLKEM512,p521_falcon1024,pqc,pqc-hybrid,off,18,2,7.076667,0.069621,7.044503,7.108830,0 - default
MLKEM512,falconpadded1024,pqc,pqc,off,20,0,2.952500,0.145923,2.888547,3.016453,0 - default
MLKEM512,p521_falconpadded1024,pqc,pqc-hybrid,off,19,1,7.086842,0.080142,7.050806,7.122879,0 - default
MLKEM512,sphincssha2128fsimple,pqc,pqc,off,19,1,10.280000,0.088066,10.240401,10.319599,0 - default
MLKEM512,p256_sphincssha2128fsimple,pqc,pqc-hybrid,off,19,1,11.195789,0.144427,11.130847,11.260732,0 - default
MLKEM512,rsa3072_sphincssha2128fsimple,pqc,pqc-hybrid,off,19,1,12.834211,0.099739,12.789362,12.879059,0 - default
MLKEM512,sphincssha2128ssimple,pqc,pqc,off,17,3,149.112941,0.140257,149.046267,149.179615,0 - default
MLKEM512,p256_sphincssha2128ssimple,pqc,pqc-hybrid,off,18,2,150.045556,0.155836,149.973563,150.117548,0 - default
MLKEM512,rsa3072_sphincssha2128ssimple,pqc,pqc-hybrid,off,18,2,151.805000,0.167130,151.727790,151.882210,0 - default
MLKEM512,sphincssha2192fsimple,pqc,pqc,off,18,2,15.584444,0.064189,15.554791,15.614098,0 - default
MLKEM512,p384_sphincssha2192fsimple,pqc,pqc-hybrid,off,18,2,17.885556,0.056488,17.859460,17.911651,0 - default
MLKEM512,sphincssha2192ssimple,pqc,pqc,off,19,1,267.085263,0.179641,267.004487,267.166039,0 - default
MLKEM512,p384_sphincssha2192ssimple,pqc,pqc-hybrid,off,19,1,269.324737,0.252199,269.211335,269.438139,0 - default
MLKEM512,sphincssha2256fsimple,pqc,pqc,off,18,2,28.262778,0.074739,28.228250,28.297306,0 - default
MLKEM512,p521_sphincssha2256fsimple,pqc,pqc-hybrid,off,19,1,32.470526,0.161399,32.397952,32.543100,0 - default
MLKEM512,sphincssha2256ssimple,pqc,pqc,off,19,1,242.806842,0.172113,242.729451,242.884233,0 - default
MLKEM512,p521_sphincssha2256ssimple,pqc,pqc-hybrid,off,18,2,247.080556,0.141191,247.015329,247.145783,0 - default
MLKEM512,sphincsshake128fsimple,pqc,pqc,off,18,2,18.956111,0.077698,18.920217,18.992006,0 - default
MLKEM512,p256_sphincsshake128fsimple,pqc,pqc-hybrid,off,18,2,19.805000,0.054151,19.779983,19.830017,0 - default
MLKEM512,rsa3072_sphincsshake128fsimple,pqc,pqc-hybrid,off,18,2,21.507778,0.092517,21.465037,21.550519,0 - default
MLKEM512,sphincsshake128ssimple,pqc,pqc,off,20,0,318.092500,0.308270,317.957395,318.227605,0 - default
MLKEM512,p256_sphincsshake128ssimple,pqc,pqc-hybrid,off,19,1,319.243684,0.237539,319.136874,319.350495,0 - default
MLKEM512,rsa3072_sphincsshake128ssimple,pqc,pqc-hybrid,off,19,1,320.812632,0.205854,320.720068,320.905195,0 - default
MLKEM512,sphincsshake192fsimple,pqc,pqc,off,19,1,29.057368,0.081366,29.020782,29.093955,0 - default
MLKEM512,p384_sphincsshake192fsimple,pqc,pqc-hybrid,off,18,2,31.231111,0.084845,31.191915,31.270308,0 - default
MLKEM512,sphincsshake192ssimple,pqc,pqc,off,18,2,569.315556,0.123918,569.258309,569.372803,0 - default
MLKEM512,p384_sphincsshake192ssimple,pqc,pqc-hybrid,off,17,3,571.687647,0.240716,571.573218,571.802076,0 - default
MLKEM512,sphincsshake256fsimple,pqc,pqc,off,19,1,56.655263,0.115680,56.603247,56.707279,0 - default
MLKEM512,p521_sphincsshake256fsimple,pqc,pqc-hybrid,off,20,0,60.958000,0.161688,60.887137,61.028863,0 - default
MLKEM512,sphincsshake256ssimple,pqc,pqc,off,20,0,485.812000,0.195599,485.726275,485.897725,0 - default
MLKEM512,p521_sphincsshake256ssimple,pqc,pqc-hybrid,off,20,0,490.331500,0.381248,490.164411,490.498589,0 - default
MLKEM512,ED25519,pqc,classic,off,19,1,1.605789,0.021938,1.595925,1.615654,0 - default
MLKEM512,ED448,pqc,classic,off,19,1,1.913158,0.025178,1.901837,1.924479,0 - default
MLKEM768,MLDSA44,pqc,pqc,off,18,2,2.156111,0.234374,2.047836,2.264386,0 - default
MLKEM768,MLDSA65,pqc,pqc,off,19,1,3.142632,0.736929,2.811268,3.473995,0 - default
MLKEM768,MLDSA87,pqc,pqc,off,18,2,2.983889,0.305174,2.842906,3.124872,0 - default
MLKEM768,p256_mldsa44,pqc,pqc-hybrid,off,19,1,3.362105,0.118490,3.308826,3.415385,0 - default
MLKEM768,rsa3072_mldsa44,pqc,pqc-hybrid,off,18,2,5.182222,0.038738,5.164326,5.200118,0 - default
MLKEM768,p384_mldsa65,pqc,pqc-hybrid,off,19,1,4.937895,0.123404,4.882405,4.993384,0 - default
MLKEM768,p521_mldsa87,pqc,pqc-hybrid,off,19,1,6.991053,0.144179,6.926222,7.055884,0 - default
MLKEM768,falcon512,pqc,pqc,off,20,0,2.645500,0.173766,2.569344,2.721656,0 - default
MLKEM768,falcon1024,pqc,pqc,off,19,1,2.884737,0.096169,2.841494,2.927980,0 - default
MLKEM768,p256_falcon512,pqc,pqc-hybrid,off,19,1,3.494211,0.143307,3.429772,3.558649,0 - default
MLKEM768,rsa3072_falcon512,pqc,pqc-hybrid,off,19,1,5.213158,0.074016,5.179876,5.246440,0 - default
MLKEM768,falconpadded512,pqc,pqc,off,17,3,2.529412,0.040229,2.510288,2.548535,0 - default
MLKEM768,p256_falconpadded512,pqc,pqc-hybrid,off,18,2,3.424444,0.039738,3.406087,3.442802,0 - default
MLKEM768,rsa3072_falconpadded512,pqc,pqc-hybrid,off,19,1,5.291053,0.099772,5.246190,5.335915,0 - default
MLKEM768,p521_falcon1024,pqc,pqc-hybrid,off,19,1,7.144737,0.070267,7.113141,7.176333,0 - default
MLKEM768,falconpadded1024,pqc,pqc,off,19,1,2.922105,0.099363,2.877426,2.966785,0 - default
MLKEM768,p521_falconpadded1024,pqc,pqc-hybrid,off,19,1,7.165263,0.134758,7.104669,7.225858,0 - default
MLKEM768,sphincssha2128fsimple,pqc,pqc,off,20,0,10.263500,0.124278,10.209033,10.317967,0 - default
MLKEM768,p256_sphincssha2128fsimple,pqc,pqc-hybrid,off,18,2,11.116111,0.098944,11.070401,11.161821,0 - default
MLKEM768,rsa3072_sphincssha2128fsimple,pqc,pqc-hybrid,off,19,1,12.830000,0.079931,12.794059,12.865941,0 - default
MLKEM768,sphincssha2128ssimple,pqc,pqc,off,20,0,149.118000,0.157767,149.048855,149.187145,0 - default
MLKEM768,p256_sphincssha2128ssimple,pqc,pqc-hybrid,off,20,0,150.077500,0.225012,149.978884,150.176116,0 - default
MLKEM768,rsa3072_sphincssha2128ssimple,pqc,pqc-hybrid,off,19,1,151.763158,0.156917,151.692600,151.833716,0 - default
MLKEM768,sphincssha2192fsimple,pqc,pqc,off,19,1,15.657368,0.080749,15.621059,15.693678,0 - default
MLKEM768,p384_sphincssha2192fsimple,pqc,pqc-hybrid,off,19,1,17.904211,0.068663,17.873336,17.935085,0 - default
MLKEM768,sphincssha2192ssimple,pqc,pqc,off,20,0,267.183500,0.218831,267.087593,267.279407,0 - default
MLKEM768,p384_sphincssha2192ssimple,pqc,pqc-hybrid,off,19,1,269.605789,0.164969,269.531611,269.679968,0 - default
MLKEM768,sphincssha2256fsimple,pqc,pqc,off,18,2,28.413333,0.062591,28.384418,28.442249,0 - default
MLKEM768,p521_sphincssha2256fsimple,pqc,pqc-hybrid,off,18,2,32.438889,0.092793,32.396021,32.481757,0 - default
MLKEM768,sphincssha2256ssimple,pqc,pqc,off,20,0,242.726000,0.127047,242.670319,242.781681,0 - default
MLKEM768,p521_sphincssha2256ssimple,pqc,pqc-hybrid,off,20,0,247.190000,0.311296,247.053568,247.326432,0 - default
MLKEM768,sphincsshake128fsimple,pqc,pqc,off,19,1,19.020000,0.097525,18.976147,19.063853,0 - default
MLKEM768,p256_sphincsshake128fsimple,pqc,pqc-hybrid,off,18,2,19.849444,0.096068,19.805063,19.893826,0 - default
MLKEM768,rsa3072_sphincsshake128fsimple,pqc,pqc-hybrid,off,17,3,21.557059,0.100546,21.509262,21.604856,0 - default
MLKEM768,sphincsshake128ssimple,pqc,pqc,off,17,3,318.322353,0.158530,318.246993,318.397713,0 - default
MLKEM768,p256_sphincsshake128ssimple,pqc,pqc-hybrid,off,20,0,319.402500,0.283398,319.278295,319.526705,0 - default
MLKEM768,rsa3072_sphincsshake128ssimple,pqc,pqc-hybrid,off,19,1,320.672632,0.149252,320.605520,320.739743,0 - default
MLKEM768,sphincsshake192fsimple,pqc,pqc,off,19,1,29.117368,0.079011,29.081841,29.152896,0 - default
MLKEM768,p384_sphincsshake192fsimple,pqc,pqc-hybrid,off,19,1,31.310000,0.138964,31.247514,31.372486,0 - default
MLKEM768,sphincsshake192ssimple,pqc,pqc,off,18,2,568.721111,0.207531,568.625236,568.816986,0 - default
MLKEM768,p384_sphincsshake192ssimple,pqc,pqc-hybrid,off,18,2,571.457222,0.254161,571.339806,571.574639,0 - default
MLKEM768,sphincsshake256fsimple,pqc,pqc,off,20,0,56.702000,0.109044,56.654209,56.749791,0 - default
MLKEM768,p521_sphincsshake256fsimple,pqc,pqc-hybrid,off,19,1,60.854737,0.093593,60.812652,60.896821,0 - default
MLKEM768,sphincsshake256ssimple,pqc,pqc,off,20,0,485.900500,0.297135,485.770275,486.030725,0 - default
MLKEM768,p521_sphincsshake256ssimple,pqc,pqc-hybrid,off,19,1,490.161579,0.187269,490.077373,490.245785,0 - default
MLKEM768,ED25519,pqc,classic,off,19,1,1.627895,0.013572,1.621792,1.633998,0 - default
MLKEM768,ED448,pqc,classic,off,19,1,1.941053,0.026852,1.928978,1.953127,0 - default
MLKEM1024,MLDSA44,pqc,pqc,off,18,2,2.380556,0.255285,2.262620,2.498491,0 - default
MLKEM1024,MLDSA65,pqc,pqc,off,20,0,3.356000,0.965393,2.932898,3.779102,0 - default
MLKEM1024,MLDSA87,pqc,pqc,off,17,3,2.837647,0.236631,2.725160,2.950134,0 - default
MLKEM1024,p256_mldsa44,pqc,pqc-hybrid,off,19,1,3.404211,0.130056,3.345730,3.462691,0 - default
MLKEM1024,rsa3072_mldsa44,pqc,pqc-hybrid,off,16,4,5.150000,0.055737,5.122689,5.177311,0 - default
MLKEM1024,p384_mldsa65,pqc,pqc-hybrid,off,17,3,4.918824,0.068637,4.886196,4.951451,0 - default
MLKEM1024,p521_mldsa87,pqc,pqc-hybrid,off,19,1,6.952105,0.107475,6.903779,7.000432,0 - default
MLKEM1024,falcon512,pqc,pqc,off,16,4,2.555625,0.058306,2.527055,2.584195,0 - default
MLKEM1024,falcon1024,pqc,pqc,off,19,1,2.961053,0.098087,2.916947,3.005158,0 - default
MLKEM1024,p256_falcon512,pqc,pqc-hybrid,off,19,1,3.511053,0.132241,3.451590,3.570516,0 - default
MLKEM1024,rsa3072_falcon512,pqc,pqc-hybrid,off,19,1,5.287895,0.123179,5.232507,5.343283,0 - default
MLKEM1024,falconpadded512,pqc,pqc,off,19,1,2.597895,0.095660,2.554881,2.640909,0 - default
MLKEM1024,p256_falconpadded512,pqc,pqc-hybrid,off,20,0,3.601000,0.257332,3.488219,3.713781,0 - default
MLKEM1024,rsa3072_falconpadded512,pqc,pqc-hybrid,off,19,1,5.307895,0.120673,5.253634,5.362156,0 - default
MLKEM1024,p521_falcon1024,pqc,pqc-hybrid,off,18,2,7.164444,0.101704,7.117459,7.211429,0 - default
MLKEM1024,falconpadded1024,pqc,pqc,off,19,1,2.942632,0.083523,2.905075,2.980188,0 - default
MLKEM1024,p521_falconpadded1024,pqc,pqc-hybrid,off,18,2,7.206111,0.094255,7.162568,7.249655,0 - default
MLKEM1024,sphincssha2128fsimple,pqc,pqc,off,18,2,10.265000,0.091796,10.222592,10.307408,0 - default
MLKEM1024,p256_sphincssha2128fsimple,pqc,pqc-hybrid,off,19,1,11.154211,0.094241,11.111835,11.196586,0 - default
MLKEM1024,rsa3072_sphincssha2128fsimple,pqc,pqc-hybrid,off,18,2,12.903889,0.034152,12.888112,12.919666,0 - default
MLKEM1024,sphincssha2128ssimple,pqc,pqc,off,19,1,149.236842,0.153009,149.168041,149.305643,0 - default
MLKEM1024,p256_sphincssha2128ssimple,pqc,pqc-hybrid,off,19,1,150.185789,0.203069,150.094479,150.277100,0 - default
MLKEM1024,rsa3072_sphincssha2128ssimple,pqc,pqc-hybrid,off,19,1,151.849474,0.192512,151.762910,151.936038,0 - default
MLKEM1024,sphincssha2192fsimple,pqc,pqc,off,19,1,15.723684,0.093465,15.681657,15.765711,0 - default
MLKEM1024,p384_sphincssha2192fsimple,pqc,pqc-hybrid,off,17,3,17.926471,0.049110,17.903125,17.949816,0 - default
MLKEM1024,sphincssha2192ssimple,pqc,pqc,off,20,0,267.136500,0.177416,267.058744,267.214256,0 - default
MLKEM1024,p384_sphincssha2192ssimple,pqc,pqc-hybrid,off,20,0,271.822000,0.230961,271.720777,271.923223,0 - default
MLKEM1024,sphincssha2256fsimple,pqc,pqc,off,18,2,28.565556,0.050436,28.542255,28.588856,0 - default
MLKEM1024,p521_sphincssha2256fsimple,pqc,pqc-hybrid,off,19,1,32.725789,0.134797,32.665177,32.786402,0 - default
MLKEM1024,sphincssha2256ssimple,pqc,pqc,off,19,1,242.872632,0.141729,242.808902,242.936361,0 - default
MLKEM1024,p521_sphincssha2256ssimple,pqc,pqc-hybrid,off,17,3,246.950588,0.106505,246.899959,247.001218,0 - default
MLKEM1024,sphincsshake128fsimple,pqc,pqc,off,19,1,18.987895,0.090957,18.946996,19.028794,0 - default
MLKEM1024,p256_sphincsshake128fsimple,pqc,pqc-hybrid,off,18,2,19.883889,0.050543,19.860539,19.907238,0 - default
MLKEM1024,rsa3072_sphincsshake128fsimple,pqc,pqc-hybrid,off,19,1,21.576316,0.127026,21.519198,21.633434,0 - default
MLKEM1024,sphincsshake128ssimple,pqc,pqc,off,19,1,318.094211,0.162355,318.021207,318.167214,0 - default
MLKEM1024,p256_sphincsshake128ssimple,pqc,pqc-hybrid,off,20,0,319.125500,0.327100,318.982142,319.268858,0 - default
MLKEM1024,rsa3072_sphincsshake128ssimple,pqc,pqc-hybrid,off,18,2,320.872222,0.288761,320.738821,321.005623,0 - default
MLKEM1024,sphincsshake192fsimple,pqc,pqc,off,18,2,29.096111,0.077318,29.060392,29.131830,0 - default
MLKEM1024,p384_sphincsshake192fsimple,pqc,pqc-hybrid,off,19,1,31.355263,0.094420,31.312807,31.397720,0 - default
MLKEM1024,sphincsshake192ssimple,pqc,pqc,off,20,0,569.585500,0.273351,569.465699,569.705301,0 - default
MLKEM1024,p384_sphincsshake192ssimple,pqc,pqc-hybrid,off,19,1,571.836842,0.231758,571.732631,571.941053,0 - default
MLKEM1024,sphincsshake256fsimple,pqc,pqc,off,17,3,56.715294,0.087330,56.673780,56.756808,0 - default
MLKEM1024,p521_sphincsshake256fsimple,pqc,pqc-hybrid,off,18,2,60.930556,0.135450,60.867981,60.993130,0 - default
MLKEM1024,sphincsshake256ssimple,pqc,pqc,off,18,2,485.919444,0.149960,485.850167,485.988722,0 - default
MLKEM1024,p521_sphincsshake256ssimple,pqc,pqc-hybrid,off,20,0,490.123500,0.268647,490.005760,490.241240,0 - default
MLKEM1024,ED25519,pqc,classic,off,19,1,1.680000,0.010541,1.675260,1.684740,0 - default
MLKEM1024,ED448,pqc,classic,off,19,1,2.023684,0.031129,2.009687,2.037681,0 - default
SecP256r1MLKEM768,MLDSA44,pqc-hybrid,pqc,off,20,0,2.795000,0.359612,2.637393,2.952607,0 - default
SecP256r1MLKEM768,MLDSA65,pqc-hybrid,pqc,off,19,1,3.067895,0.527495,2.830704,3.305085,0 - default
SecP256r1MLKEM768,MLDSA87,pqc-hybrid,pqc,off,20,0,3.953000,0.825999,3.590990,4.315010,0 - default
SecP256r1MLKEM768,p256_mldsa44,pqc-hybrid,pqc-hybrid,off,19,1,3.634211,0.148298,3.567527,3.700894,0 - default
SecP256r1MLKEM768,rsa3072_mldsa44,pqc-hybrid,pqc-hybrid,off,19,1,5.546316,0.122846,5.491077,5.601554,0 - default
SecP256r1MLKEM768,p384_mldsa65,pqc-hybrid,pqc-hybrid,off,18,2,5.102222,0.095212,5.058236,5.146208,0 - default
SecP256r1MLKEM768,p521_mldsa87,pqc-hybrid,pqc-hybrid,off,19,1,7.142632,0.115751,7.090584,7.194679,0 - default
SecP256r1MLKEM768,falcon512,pqc-hybrid,pqc,off,19,1,2.807368,0.085365,2.768984,2.845753,0 - default
SecP256r1MLKEM768,falcon1024,pqc-hybrid,pqc,off,17,3,3.192353,0.046305,3.170341,3.214365,0 - default
SecP256r1MLKEM768,p256_falcon512,pqc-hybrid,pqc-hybrid,off,19,1,3.732632,0.088684,3.692754,3.772509,0 - default
SecP256r1MLKEM768,rsa3072_falcon512,pqc-hybrid,pqc-hybrid,off,17,3,5.514706,0.113088,5.460947,5.568465,0 - default
SecP256r1MLKEM768,falconpadded512,pqc-hybrid,pqc,off,19,1,2.837895,0.108401,2.789151,2.886638,0 - default
SecP256r1MLKEM768,p256_falconpadded512,pqc-hybrid,pqc-hybrid,off,19,1,3.726842,0.091897,3.685520,3.768164,0 - default
SecP256r1MLKEM768,rsa3072_falconpadded512,pqc-hybrid,pqc-hybrid,off,19,1,5.460526,0.095188,5.417724,5.503328,0 - default
SecP256r1MLKEM768,p521_falcon1024,pqc-hybrid,pqc-hybrid,off,17,3,7.344118,0.051120,7.319817,7.368418,0 - default
SecP256r1MLKEM768,falconpadded1024,pqc-hybrid,pqc,off,17,3,3.207647,0.061596,3.178366,3.236928,0 - default
SecP256r1MLKEM768,p521_falconpadded1024,pqc-hybrid,pqc-hybrid,off,19,1,7.417368,0.089433,7.377154,7.457582,0 - default
SecP256r1MLKEM768,sphincssha2128fsimple,pqc-hybrid,pqc,off,19,1,10.448947,0.097177,10.405251,10.492643,0 - default
SecP256r1MLKEM768,p256_sphincssha2128fsimple,pqc-hybrid,pqc-hybrid,off,19,1,11.389474,0.079266,11.353832,11.425116,0 - default
SecP256r1MLKEM768,rsa3072_sphincssha2128fsimple,pqc-hybrid,pqc-hybrid,off,18,2,13.122778,0.104533,13.074486,13.171070,0 - default
SecP256r1MLKEM768,sphincssha2128ssimple,pqc-hybrid,pqc,off,18,2,149.624444,0.138531,149.560446,149.688443,0 - default
SecP256r1MLKEM768,p256_sphincssha2128ssimple,pqc-hybrid,pqc-hybrid,off,20,0,150.396500,0.265494,150.280142,150.512858,0 - default
SecP256r1MLKEM768,rsa3072_sphincssha2128ssimple,pqc-hybrid,pqc-hybrid,off,19,1,151.927368,0.174319,151.848985,152.005752,0 - default
SecP256r1MLKEM768,sphincssha2192fsimple,pqc-hybrid,pqc,off,19,1,15.977368,0.095907,15.934243,16.020494,0 - default
SecP256r1MLKEM768,p384_sphincssha2192fsimple,pqc-hybrid,pqc-hybrid,off,19,1,18.264737,0.121855,18.209944,18.319529,0 - default
SecP256r1MLKEM768,sphincssha2192ssimple,pqc-hybrid,pqc,off,20,0,267.255500,0.242454,267.149240,267.361760,0 - default
SecP256r1MLKEM768,p384_sphincssha2192ssimple,pqc-hybrid,pqc-hybrid,off,20,0,269.552500,0.252876,269.441672,269.663328,0 - default
SecP256r1MLKEM768,sphincssha2256fsimple,pqc-hybrid,pqc,off,18,2,28.598333,0.086382,28.558427,28.638240,0 - default
SecP256r1MLKEM768,p521_sphincssha2256fsimple,pqc-hybrid,pqc-hybrid,off,16,4,32.862500,0.041231,32.842297,32.882703,0 - default
SecP256r1MLKEM768,sphincssha2256ssimple,pqc-hybrid,pqc,off,17,3,243.362353,0.101583,243.314063,243.410642,0 - default
SecP256r1MLKEM768,p521_sphincssha2256ssimple,pqc-hybrid,pqc-hybrid,off,19,1,247.226316,0.213078,247.130504,247.322127,0 - default
SecP256r1MLKEM768,sphincsshake128fsimple,pqc-hybrid,pqc,off,19,1,19.199474,0.080862,19.163114,19.235833,0 - default
SecP256r1MLKEM768,p256_sphincsshake128fsimple,pqc-hybrid,pqc-hybrid,off,19,1,20.096316,0.077975,20.061254,20.131378,0 - default
SecP256r1MLKEM768,rsa3072_sphincsshake128fsimple,pqc-hybrid,pqc-hybrid,off,19,1,21.755263,0.101125,21.709792,21.800735,0 - default
SecP256r1MLKEM768,sphincsshake128ssimple,pqc-hybrid,pqc,off,20,0,318.512500,0.245161,318.405053,318.619947,0 - default
SecP256r1MLKEM768,p256_sphincsshake128ssimple,pqc-hybrid,pqc-hybrid,off,18,2,319.401111,0.265150,319.278618,319.523604,0 - default
SecP256r1MLKEM768,rsa3072_sphincsshake128ssimple,pqc-hybrid,pqc-hybrid,off,19,1,320.805789,0.231140,320.701856,320.909723,0 - default
SecP256r1MLKEM768,sphincsshake192fsimple,pqc-hybrid,pqc,off,19,1,29.302632,0.070225,29.271054,29.334209,0 - default
SecP256r1MLKEM768,p384_sphincsshake192fsimple,pqc-hybrid,pqc-hybrid,off,19,1,31.496316,0.080361,31.460181,31.532451,0 - default
SecP256r1MLKEM768,sphincsshake192ssimple,pqc-hybrid,pqc,off,20,0,569.798000,0.218020,569.702449,569.893551,0 - default
SecP256r1MLKEM768,p384_sphincsshake192ssimple,pqc-hybrid,pqc-hybrid,off,15,5,571.883333,0.083209,571.841224,571.925443,0 - default
SecP256r1MLKEM768,sphincsshake256fsimple,pqc-hybrid,pqc,off,19,1,56.982105,0.150058,56.914631,57.049580,0 - default
SecP256r1MLKEM768,p521_sphincsshake256fsimple,pqc-hybrid,pqc-hybrid,off,19,1,61.081579,0.267712,60.961201,61.201957,0 - default
SecP256r1MLKEM768,sphincsshake256ssimple,pqc-hybrid,pqc,off,20,0,486.112500,0.256225,486.000204,486.224796,0 - default
SecP256r1MLKEM768,p521_sphincsshake256ssimple,pqc-hybrid,pqc-hybrid,off,18,2,490.298889,0.208916,490.202375,490.395403,0 - default
SecP256r1MLKEM768,ED25519,pqc-hybrid,classic,off,18,2,1.882222,0.016290,1.874697,1.889748,0 - default
SecP256r1MLKEM768,ED448,pqc-hybrid,classic,off,19,1,2.183684,0.024315,2.172751,2.194618,0 - default
X25519MLKEM768,MLDSA44,pqc-hybrid,pqc,off,20,0,2.706000,0.480037,2.495614,2.916386,0 - default
X25519MLKEM768,MLDSA65,pqc-hybrid,pqc,off,19,1,3.065789,0.608380,2.792229,3.339350,0 - default
X25519MLKEM768,MLDSA87,pqc-hybrid,pqc,off,19,1,3.305789,0.506703,3.077948,3.533631,0 - default
X25519MLKEM768,p256_mldsa44,pqc-hybrid,pqc-hybrid,off,19,1,3.575789,0.152071,3.507410,3.644169,0 - default
X25519MLKEM768,rsa3072_mldsa44,pqc-hybrid,pqc-hybrid,off,19,1,5.313158,0.092739,5.271457,5.354859,0 - default
X25519MLKEM768,p384_mldsa65,pqc-hybrid,pqc-hybrid,off,19,1,5.154211,0.109864,5.104809,5.203612,0 - default
X25519MLKEM768,p521_mldsa87,pqc-hybrid,pqc-hybrid,off,19,1,7.074211,0.133013,7.014401,7.134020,0 - default
X25519MLKEM768,falcon512,pqc-hybrid,pqc,off,20,0,2.867500,0.140783,2.805799,2.929201,0 - default
X25519MLKEM768,falcon1024,pqc-hybrid,pqc,off,19,1,3.137895,0.078992,3.102376,3.173414,0 - default
X25519MLKEM768,p256_falcon512,pqc-hybrid,pqc-hybrid,off,19,1,3.687368,0.104395,3.640427,3.734310,0 - default
X25519MLKEM768,rsa3072_falcon512,pqc-hybrid,pqc-hybrid,off,19,1,5.428947,0.138158,5.366824,5.491071,0 - default
X25519MLKEM768,falconpadded512,pqc-hybrid,pqc,off,19,1,2.804211,0.139456,2.741503,2.866918,0 - default
X25519MLKEM768,p256_falconpadded512,pqc-hybrid,pqc-hybrid,off,19,1,3.650526,0.100525,3.605325,3.695728,0 - default
X25519MLKEM768,rsa3072_falconpadded512,pqc-hybrid,pqc-hybrid,off,19,1,5.471579,0.173310,5.393649,5.549508,0 - default
X25519MLKEM768,p521_falcon1024,pqc-hybrid,pqc-hybrid,off,19,1,7.390000,0.103548,7.343439,7.436561,0 - default
X25519MLKEM768,falconpadded1024,pqc-hybrid,pqc,off,17,3,3.154706,0.046384,3.132656,3.176755,0 - default
X25519MLKEM768,p521_falconpadded1024,pqc-hybrid,pqc-hybrid,off,18,2,7.289444,0.068037,7.258013,7.320876,0 - default
X25519MLKEM768,sphincssha2128fsimple,pqc-hybrid,pqc,off,19,1,10.429474,0.102169,10.383533,10.475415,0 - default
X25519MLKEM768,p256_sphincssha2128fsimple,pqc-hybrid,pqc-hybrid,off,19,1,11.378947,0.109133,11.329875,11.428019,0 - default
X25519MLKEM768,rsa3072_sphincssha2128fsimple,pqc-hybrid,pqc-hybrid,off,18,2,13.126111,0.093692,13.082828,13.169394,0 - default
X25519MLKEM768,sphincssha2128ssimple,pqc-hybrid,pqc,off,19,1,149.623684,0.201666,149.533004,149.714364,0 - default
X25519MLKEM768,p256_sphincssha2128ssimple,pqc-hybrid,pqc-hybrid,off,19,1,150.447895,0.141287,150.384364,150.511425,0 - default
X25519MLKEM768,rsa3072_sphincssha2128ssimple,pqc-hybrid,pqc-hybrid,off,18,2,152.111667,0.137210,152.048279,152.175054,0 - default
X25519MLKEM768,sphincssha2192fsimple,pqc-hybrid,pqc,off,20,0,15.890500,0.148057,15.825611,15.955389,0 - default
X25519MLKEM768,p384_sphincssha2192fsimple,pqc-hybrid,pqc-hybrid,off,18,2,18.082778,0.057272,18.056320,18.109236,0 - default
X25519MLKEM768,sphincssha2192ssimple,pqc-hybrid,pqc,off,18,2,267.662222,0.122213,267.605763,267.718682,0 - default
X25519MLKEM768,p384_sphincssha2192ssimple,pqc-hybrid,pqc-hybrid,off,19,1,269.603684,0.239193,269.496130,269.711239,0 - default
X25519MLKEM768,sphincssha2256fsimple,pqc-hybrid,pqc,off,15,5,28.786667,0.039581,28.766636,28.806697,0 - default
X25519MLKEM768,p521_sphincssha2256fsimple,pqc-hybrid,pqc-hybrid,off,18,2,32.827222,0.103742,32.779296,32.875149,0 - default
X25519MLKEM768,sphincssha2256ssimple,pqc-hybrid,pqc,off,19,1,242.960526,0.192368,242.874027,243.047025,0 - default
X25519MLKEM768,p521_sphincssha2256ssimple,pqc-hybrid,pqc-hybrid,off,19,1,247.306842,0.235326,247.201027,247.412658,0 - default
X25519MLKEM768,sphincsshake128fsimple,pqc-hybrid,pqc,off,20,0,19.217000,0.156040,19.148613,19.285387,0 - default
X25519MLKEM768,p256_sphincsshake128fsimple,pqc-hybrid,pqc-hybrid,off,19,1,20.148421,0.091849,20.107121,20.189721,0 - default
X25519MLKEM768,rsa3072_sphincsshake128fsimple,pqc-hybrid,pqc-hybrid,off,19,1,21.824211,0.156784,21.753712,21.894709,0 - default
X25519MLKEM768,sphincsshake128ssimple,pqc-hybrid,pqc,off,19,1,318.124737,0.190098,318.039258,318.210216,0 - default
X25519MLKEM768,p256_sphincsshake128ssimple,pqc-hybrid,pqc-hybrid,off,19,1,319.080526,0.165176,319.006254,319.154798,0 - default
X25519MLKEM768,rsa3072_sphincsshake128ssimple,pqc-hybrid,pqc-hybrid,off,18,2,320.940000,0.201290,320.847009,321.032991,0 - default
X25519MLKEM768,sphincsshake192fsimple,pqc-hybrid,pqc,off,18,2,29.247778,0.050707,29.224352,29.271203,0 - default
X25519MLKEM768,p384_sphincsshake192fsimple,pqc-hybrid,pqc-hybrid,off,19,1,31.512105,0.098690,31.467729,31.556482,0 - default
X25519MLKEM768,sphincsshake192ssimple,pqc-hybrid,pqc,off,20,0,569.891000,0.427230,569.703758,570.078242,0 - default
X25519MLKEM768,p384_sphincsshake192ssimple,pqc-hybrid,pqc-hybrid,off,18,2,571.495556,0.301022,571.356490,571.634621,0 - default
X25519MLKEM768,sphincsshake256fsimple,pqc-hybrid,pqc,off,17,3,56.794118,0.093612,56.749617,56.838618,0 - default
X25519MLKEM768,p521_sphincsshake256fsimple,pqc-hybrid,pqc-hybrid,off,19,1,61.134211,0.118148,61.081084,61.187337,0 - default
X25519MLKEM768,sphincsshake256ssimple,pqc-hybrid,pqc,off,19,1,486.157368,0.264530,486.038421,486.276316,0 - default
X25519MLKEM768,p521_sphincsshake256ssimple,pqc-hybrid,pqc-hybrid,off,20,0,490.285000,0.413477,490.103786,490.466214,0 - default
X25519MLKEM768,ED25519,pqc-hybrid,classic,off,18,2,1.820000,0.017489,1.811920,1.828080,0 - default
X25519MLKEM768,ED448,pqc-hybrid,classic,off,18,2,2.130556,0.020428,2.121118,2.139993,0 - default
SecP384r1MLKEM1024,MLDSA44,pqc-hybrid,pqc,off,17,3,4.832353,0.247071,4.714903,4.949803,0 - default
SecP384r1MLKEM1024,MLDSA65,pqc-hybrid,pqc,off,17,3,5.187059,0.312485,5.038513,5.335605,0 - default
SecP384r1MLKEM1024,MLDSA87,pqc-hybrid,pqc,off,20,0,5.649000,0.554626,5.405925,5.892075,0 - default
SecP384r1MLKEM1024,p256_mldsa44,pqc-hybrid,pqc-hybrid,off,19,1,5.906842,0.095047,5.864104,5.949580,0 - default
SecP384r1MLKEM1024,rsa3072_mldsa44,pqc-hybrid,pqc-hybrid,off,19,1,7.481579,0.088145,7.441944,7.521214,0 - default
SecP384r1MLKEM1024,p384_mldsa65,pqc-hybrid,pqc-hybrid,off,18,2,7.292222,0.060054,7.264478,7.319966,0 - default
SecP384r1MLKEM1024,p521_mldsa87,pqc-hybrid,pqc-hybrid,off,19,1,9.314737,0.068586,9.283897,9.345577,0 - default
SecP384r1MLKEM1024,falcon512,pqc-hybrid,pqc,off,18,2,5.075556,0.066529,5.044821,5.106291,0 - default
SecP384r1MLKEM1024,falcon1024,pqc-hybrid,pqc,off,19,1,5.398947,0.098989,5.354436,5.443458,0 - default
SecP384r1MLKEM1024,p256_falcon512,pqc-hybrid,pqc-hybrid,off,19,1,5.973684,0.074402,5.940229,6.007139,0 - default
SecP384r1MLKEM1024,rsa3072_falcon512,pqc-hybrid,pqc-hybrid,off,19,1,7.615789,0.057669,7.589858,7.641721,0 - default
SecP384r1MLKEM1024,falconpadded512,pqc-hybrid,pqc,off,19,1,5.076842,0.074688,5.043258,5.110426,0 - default
SecP384r1MLKEM1024,p256_falconpadded512,pqc-hybrid,pqc-hybrid,off,19,1,5.975789,0.088964,5.935786,6.015793,0 - default
SecP384r1MLKEM1024,rsa3072_falconpadded512,pqc-hybrid,pqc-hybrid,off,19,1,7.640526,0.075165,7.606728,7.674324,0 - default
SecP384r1MLKEM1024,p521_falcon1024,pqc-hybrid,pqc-hybrid,off,19,1,9.507368,0.083123,9.469992,9.544745,0 - default
SecP384r1MLKEM1024,falconpadded1024,pqc-hybrid,pqc,off,19,1,5.381053,0.088185,5.341400,5.420705,0 - default
SecP384r1MLKEM1024,p521_falconpadded1024,pqc-hybrid,pqc-hybrid,off,18,2,9.522778,0.063413,9.493482,9.552073,0 - default
SecP384r1MLKEM1024,sphincssha2128fsimple,pqc-hybrid,pqc,off,18,2,12.700556,0.092766,12.657700,12.743411,0 - default
SecP384r1MLKEM1024,p256_sphincssha2128fsimple,pqc-hybrid,pqc-hybrid,off,19,1,13.596842,0.110003,13.547379,13.646305,0 - default
SecP384r1MLKEM1024,rsa3072_sphincssha2128fsimple,pqc-hybrid,pqc-hybrid,off,18,2,15.213333,0.070126,15.180937,15.245730,0 - default
SecP384r1MLKEM1024,sphincssha2128ssimple,pqc-hybrid,pqc,off,20,0,151.647000,0.216603,151.552070,151.741930,0 - default
SecP384r1MLKEM1024,p256_sphincssha2128ssimple,pqc-hybrid,pqc-hybrid,off,19,1,152.505263,0.216881,152.407742,152.602785,0 - default
SecP384r1MLKEM1024,rsa3072_sphincssha2128ssimple,pqc-hybrid,pqc-hybrid,off,19,1,154.129474,0.149349,154.062318,154.196629,0 - default
SecP384r1MLKEM1024,sphincssha2192fsimple,pqc-hybrid,pqc,off,20,0,18.165500,0.140243,18.104036,18.226964,0 - default
SecP384r1MLKEM1024,p384_sphincssha2192fsimple,pqc-hybrid,pqc-hybrid,off,19,1,20.362632,0.114156,20.311301,20.413962,0 - default
SecP384r1MLKEM1024,sphincssha2192ssimple,pqc-hybrid,pqc,off,18,2,269.737222,0.206620,269.641769,269.832676,0 - default
SecP384r1MLKEM1024,p384_sphincssha2192ssimple,pqc-hybrid,pqc-hybrid,off,20,0,271.820500,0.270700,271.701860,271.939140,0 - default
SecP384r1MLKEM1024,sphincssha2256fsimple,pqc-hybrid,pqc,off,17,3,30.779412,0.071017,30.745653,30.813171,0 - default
SecP384r1MLKEM1024,p521_sphincssha2256fsimple,pqc-hybrid,pqc-hybrid,off,19,1,35.025789,0.160911,34.953435,35.098144,0 - default
SecP384r1MLKEM1024,sphincssha2256ssimple,pqc-hybrid,pqc,off,19,1,245.146316,0.160250,245.074259,245.218373,0 - default
SecP384r1MLKEM1024,p521_sphincssha2256ssimple,pqc-hybrid,pqc-hybrid,off,17,3,249.291176,0.063530,249.260976,249.321377,0 - default
SecP384r1MLKEM1024,sphincsshake128fsimple,pqc-hybrid,pqc,off,18,2,21.392222,0.082430,21.354141,21.430303,0 - default
SecP384r1MLKEM1024,p256_sphincsshake128fsimple,pqc-hybrid,pqc-hybrid,off,19,1,22.272105,0.077429,22.237289,22.306922,0 - default
SecP384r1MLKEM1024,rsa3072_sphincsshake128fsimple,pqc-hybrid,pqc-hybrid,off,19,1,23.910526,0.076846,23.875972,23.945080,0 - default
SecP384r1MLKEM1024,sphincsshake128ssimple,pqc-hybrid,pqc,off,20,0,320.654000,0.219818,320.557660,320.750340,0 - default
SecP384r1MLKEM1024,p256_sphincsshake128ssimple,pqc-hybrid,pqc-hybrid,off,20,0,321.517000,0.227622,321.417240,321.616760,0 - default
SecP384r1MLKEM1024,rsa3072_sphincsshake128ssimple,pqc-hybrid,pqc-hybrid,off,19,1,322.951053,0.185649,322.867575,323.034531,0 - default
SecP384r1MLKEM1024,sphincsshake192fsimple,pqc-hybrid,pqc,off,19,1,31.535263,0.151047,31.467344,31.603182,0 - default
SecP384r1MLKEM1024,p384_sphincsshake192fsimple,pqc-hybrid,pqc-hybrid,off,19,1,33.807368,0.109333,33.758206,33.856531,0 - default
SecP384r1MLKEM1024,sphincsshake192ssimple,pqc-hybrid,pqc,off,20,0,572.120500,0.368174,571.959140,572.281860,0 - default
SecP384r1MLKEM1024,p384_sphincsshake192ssimple,pqc-hybrid,pqc-hybrid,off,20,0,573.644000,0.296903,573.513876,573.774124,0 - default
SecP384r1MLKEM1024,sphincsshake256fsimple,pqc-hybrid,pqc,off,19,1,59.146842,0.151879,59.078549,59.215135,0 - default
SecP384r1MLKEM1024,p521_sphincsshake256fsimple,pqc-hybrid,pqc-hybrid,off,18,2,63.250556,0.126931,63.191916,63.309195,0 - default
SecP384r1MLKEM1024,sphincsshake256ssimple,pqc-hybrid,pqc,off,18,2,488.224444,0.169644,488.146073,488.302816,0 - default
SecP384r1MLKEM1024,p521_sphincsshake256ssimple,pqc-hybrid,pqc-hybrid,off,20,0,492.559000,0.380538,492.392222,492.725778,0 - default
SecP384r1MLKEM1024,ED25519,pqc-hybrid,classic,off,19,1,4.188947,0.085887,4.150328,4.227567,0 - default
SecP384r1MLKEM1024,ED448,pqc-hybrid,classic,off,19,1,4.485789,0.061221,4.458261,4.513318,0 - default
p256_mlkem512,MLDSA44,pqc-hybrid,pqc,off,18,2,7.091667,0.285642,6.959707,7.223626,0 - default
p256_mlkem512,MLDSA65,pqc-hybrid,pqc,off,16,4,7.206875,0.226413,7.095933,7.317817,0 - default
p256_mlkem512,MLDSA87,pqc-hybrid,pqc,off,20,0,7.934500,0.782751,7.591444,8.277556,0 - default
p256_mlkem512,p256_mldsa44,pqc-hybrid,pqc-hybrid,off,19,1,7.348421,0.054900,7.323735,7.373107,0 - default
p256_mlkem512,rsa3072_mldsa44,pqc-hybrid,pqc-hybrid,off,17,3,9.177059,0.080294,9.138890,9.215228,0 - default
p256_mlkem512,p384_mldsa65,pqc-hybrid,pqc-hybrid,off,18,2,8.788889,0.081594,8.751195,8.826583,0 - default
p256_mlkem512,p521_mldsa87,pqc-hybrid,pqc-hybrid,off,17,3,10.782353,0.060573,10.753558,10.811148,0 - default
p256_mlkem512,falcon512,pqc-hybrid,pqc,off,19,1,7.081053,0.068629,7.050193,7.111912,0 - default
p256_mlkem512,falcon1024,pqc-hybrid,pqc,off,18,2,7.409444,0.072718,7.375850,7.443038,0 - default
p256_mlkem512,p256_falcon512,pqc-hybrid,pqc-hybrid,off,19,1,7.543158,0.083270,7.505715,7.580601,0 - default
p256_mlkem512,rsa3072_falcon512,pqc-hybrid,pqc-hybrid,off,19,1,9.321053,0.069594,9.289760,9.352346,0 - default
p256_mlkem512,falconpadded512,pqc-hybrid,pqc,off,18,2,7.020000,0.058611,6.992923,7.047077,0 - default
p256_mlkem512,p256_falconpadded512,pqc-hybrid,pqc-hybrid,off,18,2,7.541667,0.085492,7.502172,7.581162,0 - default
p256_mlkem512,rsa3072_falconpadded512,pqc-hybrid,pqc-hybrid,off,18,2,9.321667,0.101010,9.275003,9.368331,0 - default
p256_mlkem512,p521_falcon1024,pqc-hybrid,pqc-hybrid,off,19,1,11.046842,0.093455,11.004819,11.088865,0 - default
p256_mlkem512,falconpadded1024,pqc-hybrid,pqc,off,19,1,7.412105,0.076709,7.377613,7.446598,0 - default
p256_mlkem512,p521_falconpadded1024,pqc-hybrid,pqc-hybrid,off,19,1,10.962105,0.061244,10.934566,10.989644,0 - default
p256_mlkem512,sphincssha2128fsimple,pqc-hybrid,pqc,off,19,1,14.723158,0.046434,14.702279,14.744037,0 - default
p256_mlkem512,p256_sphincssha2128fsimple,pqc-hybrid,pqc-hybrid,off,19,1,15.075263,0.087010,15.036139,15.114388,0 - default
p256_mlkem512,rsa3072_sphincssha2128fsimple,pqc-hybrid,pqc-hybrid,off,19,1,16.842632,0.086721,16.803637,16.881626,0 - default
p256_mlkem512,sphincssha2128ssimple,pqc-hybrid,pqc,off,18,2,153.579444,0.136747,153.516271,153.642618,0 - default
p256_mlkem512,p256_sphincssha2128ssimple,pqc-hybrid,pqc-hybrid,off,20,0,154.231500,0.182390,154.151564,154.311436,0 - default
p256_mlkem512,rsa3072_sphincssha2128ssimple,pqc-hybrid,pqc-hybrid,off,19,1,156.074211,0.226527,155.972351,156.176070,0 - default
p256_mlkem512,sphincssha2192fsimple,pqc-hybrid,pqc,off,19,1,20.279474,0.129421,20.221279,20.337668,0 - default
p256_mlkem512,p384_sphincssha2192fsimple,pqc-hybrid,pqc-hybrid,off,19,1,21.990526,0.162975,21.917244,22.063809,0 - default
p256_mlkem512,sphincssha2192ssimple,pqc-hybrid,pqc,off,18,2,271.617778,0.095089,271.573849,271.661706,0 - default
p256_mlkem512,p384_sphincssha2192ssimple,pqc-hybrid,pqc-hybrid,off,19,1,273.732105,0.224761,273.631040,273.833170,0 - default
p256_mlkem512,sphincssha2256fsimple,pqc-hybrid,pqc,off,19,1,32.845789,0.086751,32.806781,32.884797,0 - default
p256_mlkem512,p521_sphincssha2256fsimple,pqc-hybrid,pqc-hybrid,off,17,3,36.405882,0.040783,36.386495,36.425269,0 - default
p256_mlkem512,sphincssha2256ssimple,pqc-hybrid,pqc,off,19,1,247.269474,0.136523,247.208085,247.330862,0 - default
p256_mlkem512,p521_sphincssha2256ssimple,pqc-hybrid,pqc-hybrid,off,19,1,250.987895,0.153137,250.919036,251.056753,0 - default
p256_mlkem512,sphincsshake128fsimple,pqc-hybrid,pqc,off,19,1,23.473684,0.078472,23.438399,23.508970,0 - default
p256_mlkem512,p256_sphincsshake128fsimple,pqc-hybrid,pqc-hybrid,off,17,3,23.837647,0.085989,23.796770,23.878524,0 - default
p256_mlkem512,rsa3072_sphincsshake128fsimple,pqc-hybrid,pqc-hybrid,off,19,1,25.617895,0.093665,25.575778,25.660012,0 - default
p256_mlkem512,sphincsshake128ssimple,pqc-hybrid,pqc,off,19,1,322.811053,0.266664,322.691146,322.930960,0 - default
p256_mlkem512,p256_sphincsshake128ssimple,pqc-hybrid,pqc-hybrid,off,16,4,322.928750,0.122685,322.868634,322.988866,0 - default
p256_mlkem512,rsa3072_sphincsshake128ssimple,pqc-hybrid,pqc-hybrid,off,19,1,324.863158,0.197373,324.774408,324.951908,0 - default
p256_mlkem512,sphincsshake192fsimple,pqc-hybrid,pqc,off,19,1,33.606316,0.147882,33.539820,33.672812,0 - default
p256_mlkem512,p384_sphincsshake192fsimple,pqc-hybrid,pqc-hybrid,off,18,2,35.313333,0.088051,35.272656,35.354011,0 - default
p256_mlkem512,sphincsshake192ssimple,pqc-hybrid,pqc,off,18,2,573.971111,0.291222,573.836573,574.105649,0 - default
p256_mlkem512,p384_sphincsshake192ssimple,pqc-hybrid,pqc-hybrid,off,19,1,575.838947,0.311304,575.698968,575.978927,0 - default
p256_mlkem512,sphincsshake256fsimple,pqc-hybrid,pqc,off,19,1,61.218421,0.105739,61.170875,61.265967,0 - default
p256_mlkem512,p521_sphincsshake256fsimple,pqc-hybrid,pqc-hybrid,off,20,0,65.016500,0.205971,64.926229,65.106771,0 - default
p256_mlkem512,sphincsshake256ssimple,pqc-hybrid,pqc,off,19,1,490.193684,0.286341,490.064930,490.322439,0 - default
p256_mlkem512,p521_sphincsshake256ssimple,pqc-hybrid,pqc-hybrid,off,18,2,493.610556,0.153334,493.539719,493.681392,0 - default
p256_mlkem512,ED25519,pqc-hybrid,classic,off,19,1,6.357368,0.052898,6.333582,6.381154,0 - default
p256_mlkem512,ED448,pqc-hybrid,classic,off,19,1,6.644211,0.083687,6.606580,6.681841,0 - default
p384_mlkem768,MLDSA44,pqc-hybrid,pqc,off,19,1,9.843158,0.271499,9.721077,9.965239,0 - default
p384_mlkem768,MLDSA65,pqc-hybrid,pqc,off,19,1,10.436316,0.702592,10.120392,10.752240,0 - default
p384_mlkem768,MLDSA87,pqc-hybrid,pqc,off,17,3,10.698235,0.496138,10.462386,10.934084,0 - default
p384_mlkem768,p256_mldsa44,pqc-hybrid,pqc-hybrid,off,18,2,10.210000,0.061930,10.181390,10.238610,0 - default
p384_mlkem768,rsa3072_mldsa44,pqc-hybrid,pqc-hybrid,off,19,1,12.024737,0.115584,11.972764,12.076710,0 - default
p384_mlkem768,p384_mldsa65,pqc-hybrid,pqc-hybrid,off,16,4,11.651250,0.060208,11.621748,11.680752,0 - default
p384_mlkem768,p521_mldsa87,pqc-hybrid,pqc-hybrid,off,18,2,13.702222,0.080700,13.664941,13.739504,0 - default
p384_mlkem768,falcon512,pqc-hybrid,pqc,off,19,1,9.896316,0.062022,9.868427,9.924204,0 - default
p384_mlkem768,falcon1024,pqc-hybrid,pqc,off,19,1,10.241053,0.106400,10.193209,10.288896,0 - default
p384_mlkem768,p256_falcon512,pqc-hybrid,pqc-hybrid,off,19,1,10.355789,0.087833,10.316295,10.395284,0 - default
p384_mlkem768,rsa3072_falcon512,pqc-hybrid,pqc-hybrid,off,19,1,12.195789,0.087706,12.156352,12.235227,0 - default
p384_mlkem768,falconpadded512,pqc-hybrid,pqc,off,19,1,9.982105,0.053808,9.957910,10.006300,0 - default
p384_mlkem768,p256_falconpadded512,pqc-hybrid,pqc-hybrid,off,19,1,10.315263,0.080026,10.279279,10.351247,0 - default
p384_mlkem768,rsa3072_falconpadded512,pqc-hybrid,pqc-hybrid,off,19,1,12.101579,0.077047,12.066934,12.136224,0 - default
p384_mlkem768,p521_falcon1024,pqc-hybrid,pqc-hybrid,off,19,1,13.787895,0.070835,13.756044,13.819746,0 - default
p384_mlkem768,falconpadded1024,pqc-hybrid,pqc,off,19,1,10.194211,0.123977,10.138464,10.249957,0 - default
p384_mlkem768,p521_falconpadded1024,pqc-hybrid,pqc-hybrid,off,19,1,13.764737,0.080303,13.728628,13.800845,0 - default
p384_mlkem768,sphincssha2128fsimple,pqc-hybrid,pqc,off,18,2,17.588889,0.065699,17.558538,17.619240,0 - default
p384_mlkem768,p256_sphincssha2128fsimple,pqc-hybrid,pqc-hybrid,off,18,2,17.886667,0.113137,17.834400,17.938933,0 - default
p384_mlkem768,rsa3072_sphincssha2128fsimple,pqc-hybrid,pqc-hybrid,off,17,3,19.741765,0.064152,19.711269,19.772260,0 - default
p384_mlkem768,sphincssha2128ssimple,pqc-hybrid,pqc,off,17,3,156.312941,0.063911,156.282560,156.343322,0 - default
p384_mlkem768,p256_sphincssha2128ssimple,pqc-hybrid,pqc-hybrid,off,20,0,156.903500,0.237360,156.799472,157.007528,0 - default
p384_mlkem768,rsa3072_sphincssha2128ssimple,pqc-hybrid,pqc-hybrid,off,17,3,158.555294,0.062562,158.525554,158.585034,0 - default
p384_mlkem768,sphincssha2192fsimple,pqc-hybrid,pqc,off,17,3,23.148235,0.044754,23.126960,23.169510,0 - default
p384_mlkem768,p384_sphincssha2192fsimple,pqc-hybrid,pqc-hybrid,off,19,1,24.853158,0.097128,24.809484,24.896832,0 - default
p384_mlkem768,sphincssha2192ssimple,pqc-hybrid,pqc,off,19,1,274.489474,0.181245,274.407976,274.570971,0 - default
p384_mlkem768,p384_sphincssha2192ssimple,pqc-hybrid,pqc-hybrid,off,20,0,276.081500,0.164614,276.009355,276.153645,0 - default
p384_mlkem768,sphincssha2256fsimple,pqc-hybrid,pqc,off,19,1,35.915263,0.092998,35.873446,35.957080,0 - default
p384_mlkem768,p521_sphincssha2256fsimple,pqc-hybrid,pqc-hybrid,off,18,2,39.393889,0.057203,39.367462,39.420315,0 - default
p384_mlkem768,sphincssha2256ssimple,pqc-hybrid,pqc,off,19,1,250.060000,0.179134,249.979452,250.140548,0 - default
p384_mlkem768,p521_sphincssha2256ssimple,pqc-hybrid,pqc-hybrid,off,20,0,253.495000,0.217921,253.399492,253.590508,0 - default
p384_mlkem768,sphincsshake128fsimple,pqc-hybrid,pqc,off,18,2,26.371667,0.066532,26.340931,26.402403,0 - default
p384_mlkem768,p256_sphincsshake128fsimple,pqc-hybrid,pqc-hybrid,off,19,1,26.574211,0.085004,26.535988,26.612433,0 - default
p384_mlkem768,rsa3072_sphincsshake128fsimple,pqc-hybrid,pqc-hybrid,off,19,1,28.388947,0.085173,28.350649,28.427246,0 - default
p384_mlkem768,sphincsshake128ssimple,pqc-hybrid,pqc,off,18,2,325.303333,0.147129,325.235363,325.371304,0 - default
p384_mlkem768,p256_sphincsshake128ssimple,pqc-hybrid,pqc-hybrid,off,20,0,325.640000,0.289464,325.513137,325.766863,0 - default
p384_mlkem768,rsa3072_sphincsshake128ssimple,pqc-hybrid,pqc-hybrid,off,19,1,327.370000,0.192642,327.283377,327.456623,0 - default
p384_mlkem768,sphincsshake192fsimple,pqc-hybrid,pqc,off,17,3,36.545294,0.057458,36.517980,36.572608,0 - default
p384_mlkem768,p384_sphincsshake192fsimple,pqc-hybrid,pqc-hybrid,off,19,1,38.115263,0.110773,38.065453,38.165073,0 - default
p384_mlkem768,sphincsshake192ssimple,pqc-hybrid,pqc,off,18,2,576.575000,0.320060,576.427140,576.722860,0 - default
p384_mlkem768,p384_sphincsshake192ssimple,pqc-hybrid,pqc-hybrid,off,20,0,578.140500,0.245453,578.032926,578.248074,0 - default
p384_mlkem768,sphincsshake256fsimple,pqc-hybrid,pqc,off,19,1,64.227368,0.179593,64.146613,64.308123,0 - default
p384_mlkem768,p521_sphincsshake256fsimple,pqc-hybrid,pqc-hybrid,off,19,1,67.832632,0.158038,67.761569,67.903694,0 - default
p384_mlkem768,sphincsshake256ssimple,pqc-hybrid,pqc,off,18,2,493.225000,0.238284,493.114918,493.335082,0 - default
p384_mlkem768,p521_sphincsshake256ssimple,pqc-hybrid,pqc-hybrid,off,17,3,496.818235,0.186421,496.729616,496.906854,0 - default
p384_mlkem768,ED25519,pqc-hybrid,classic,off,19,1,9.204211,0.159524,9.132480,9.275941,0 - default
p384_mlkem768,ED448,pqc-hybrid,classic,off,19,1,9.507368,0.061900,9.479535,9.535202,0 - default
p521_mlkem1024,MLDSA44,pqc-hybrid,pqc,off,19,1,14.068421,0.379872,13.897610,14.239232,0 - default
p521_mlkem1024,MLDSA65,pqc-hybrid,pqc,off,18,2,14.401111,0.429910,14.202503,14.599719,0 - default
p521_mlkem1024,MLDSA87,pqc-hybrid,pqc,off,18,2,14.605556,0.484419,14.381766,14.829346,0 - default
p521_mlkem1024,p256_mldsa44,pqc-hybrid,pqc-hybrid,off,19,1,14.372105,0.080937,14.335711,14.408499,0 - default
p521_mlkem1024,rsa3072_mldsa44,pqc-hybrid,pqc-hybrid,off,19,1,16.116842,0.096785,16.073322,16.160362,0 - default
p521_mlkem1024,p384_mldsa65,pqc-hybrid,pqc-hybrid,off,18,2,15.726111,0.080230,15.689047,15.763176,0 - default
p521_mlkem1024,p521_mldsa87,pqc-hybrid,pqc-hybrid,off,18,2,17.776667,0.103980,17.728631,17.824703,0 - default
p521_mlkem1024,falcon512,pqc-hybrid,pqc,off,19,1,14.101053,0.119949,14.047117,14.154988,0 - default
p521_mlkem1024,falcon1024,pqc-hybrid,pqc,off,19,1,14.410526,0.120438,14.356371,14.464682,0 - default
p521_mlkem1024,p256_falcon512,pqc-hybrid,pqc-hybrid,off,19,1,14.551053,0.131652,14.491855,14.610250,0 - default
p521_mlkem1024,rsa3072_falcon512,pqc-hybrid,pqc-hybrid,off,19,1,16.290526,0.040480,16.272324,16.308728,0 - default
p521_mlkem1024,falconpadded512,pqc-hybrid,pqc,off,19,1,14.040526,0.071761,14.008258,14.072794,0 - default
p521_mlkem1024,p256_falconpadded512,pqc-hybrid,pqc-hybrid,off,18,2,14.535556,0.109985,14.484745,14.586366,0 - default
p521_mlkem1024,rsa3072_falconpadded512,pqc-hybrid,pqc-hybrid,off,18,2,16.310556,0.110105,16.259689,16.361422,0 - default
p521_mlkem1024,p521_falcon1024,pqc-hybrid,pqc-hybrid,off,19,1,17.970000,0.097866,17.925994,18.014006,0 - default
p521_mlkem1024,falconpadded1024,pqc-hybrid,pqc,off,19,1,14.383158,0.193478,14.296159,14.470156,0 - default
p521_mlkem1024,p521_falconpadded1024,pqc-hybrid,pqc-hybrid,off,19,1,17.972105,0.122183,17.917165,18.027045,0 - default
p521_mlkem1024,sphincssha2128fsimple,pqc-hybrid,pqc,off,19,1,21.755789,0.069387,21.724589,21.786990,0 - default
p521_mlkem1024,p256_sphincssha2128fsimple,pqc-hybrid,pqc-hybrid,off,17,3,22.062353,0.060676,22.033509,22.091197,0 - default
p521_mlkem1024,rsa3072_sphincssha2128fsimple,pqc-hybrid,pqc-hybrid,off,17,3,23.956471,0.068460,23.923927,23.989014,0 - default
p521_mlkem1024,sphincssha2128ssimple,pqc-hybrid,pqc,off,19,1,160.671053,0.198379,160.581850,160.760255,0 - default
p521_mlkem1024,p256_sphincssha2128ssimple,pqc-hybrid,pqc-hybrid,off,20,0,161.170000,0.203496,161.080814,161.259186,0 - default
p521_mlkem1024,rsa3072_sphincssha2128ssimple,pqc-hybrid,pqc-hybrid,off,19,1,162.809474,0.184526,162.726501,162.892447,0 - default
p521_mlkem1024,sphincssha2192fsimple,pqc-hybrid,pqc,off,16,4,27.305000,0.061319,27.274954,27.335046,0 - default
p521_mlkem1024,p384_sphincssha2192fsimple,pqc-hybrid,pqc-hybrid,off,19,1,29.006316,0.120195,28.952270,29.060362,0 - default
p521_mlkem1024,sphincssha2192ssimple,pqc-hybrid,pqc,off,19,1,278.830526,0.227705,278.728138,278.932915,0 - default
p521_mlkem1024,p384_sphincssha2192ssimple,pqc-hybrid,pqc-hybrid,off,20,0,280.521500,0.227394,280.421840,280.621160,0 - default
p521_mlkem1024,sphincssha2256fsimple,pqc-hybrid,pqc,off,19,1,40.013158,0.104937,39.965973,40.060343,0 - default
p521_mlkem1024,p521_sphincssha2256fsimple,pqc-hybrid,pqc-hybrid,off,17,3,43.588235,0.087410,43.546683,43.629787,0 - default
p521_mlkem1024,sphincssha2256ssimple,pqc-hybrid,pqc,off,19,1,254.467368,0.171653,254.390184,254.544553,0 - default
p521_mlkem1024,p521_sphincssha2256ssimple,pqc-hybrid,pqc-hybrid,off,19,1,258.107368,0.189703,258.022068,258.192669,0 - default
p521_mlkem1024,sphincsshake128fsimple,pqc-hybrid,pqc,off,17,3,30.534706,0.066719,30.502990,30.566422,0 - default
p521_mlkem1024,p256_sphincsshake128fsimple,pqc-hybrid,pqc-hybrid,off,19,1,30.920000,0.157621,30.849125,30.990875,0 - default
p521_mlkem1024,rsa3072_sphincsshake128fsimple,pqc-hybrid,pqc-hybrid,off,18,2,32.547222,0.099989,32.501030,32.593415,0 - default
p521_mlkem1024,sphincsshake128ssimple,pqc-hybrid,pqc,off,19,1,329.306842,0.234569,329.201367,329.412317,0 - default
p521_mlkem1024,p256_sphincsshake128ssimple,pqc-hybrid,pqc-hybrid,off,20,0,330.401500,0.346915,330.249458,330.553542,0 - default
p521_mlkem1024,rsa3072_sphincsshake128ssimple,pqc-hybrid,pqc-hybrid,off,19,1,331.864737,0.267111,331.744629,331.984845,0 - default
p521_mlkem1024,sphincsshake192fsimple,pqc-hybrid,pqc,off,19,1,40.687895,0.171871,40.610612,40.765178,0 - default
p521_mlkem1024,p384_sphincsshake192fsimple,pqc-hybrid,pqc-hybrid,off,20,0,42.377500,0.179879,42.298664,42.456336,0 - default
p521_mlkem1024,sphincsshake192ssimple,pqc-hybrid,pqc,off,17,3,580.935294,0.247314,580.817729,581.052859,0 - default
p521_mlkem1024,p384_sphincsshake192ssimple,pqc-hybrid,pqc-hybrid,off,18,2,582.682222,0.212535,582.584036,582.780409,0 - default
p521_mlkem1024,sphincsshake256fsimple,pqc-hybrid,pqc,off,19,1,68.415789,0.135126,68.355029,68.476550,0 - default
p521_mlkem1024,p521_sphincsshake256fsimple,pqc-hybrid,pqc-hybrid,off,19,1,71.866316,0.108741,71.817420,71.915212,0 - default
p521_mlkem1024,sphincsshake256ssimple,pqc-hybrid,pqc,off,17,3,497.497059,0.178527,497.412192,497.581925,0 - default
p521_mlkem1024,p521_sphincsshake256ssimple,pqc-hybrid,pqc-hybrid,off,19,1,501.137368,0.160376,501.065255,501.209482,0 - default
p521_mlkem1024,ED25519,pqc-hybrid,classic,off,19,1,13.333684,0.128245,13.276018,13.391350,0 - default
p521_mlkem1024,ED448,pqc-hybrid,classic,off,18,2,13.656667,0.065350,13.626477,13.686857,0 - default
x25519_mlkem512,MLDSA44,pqc-hybrid,pqc,off,20,0,3.378500,0.571455,3.128049,3.628951,0 - default
x25519_mlkem512,MLDSA65,pqc-hybrid,pqc,off,19,1,3.633158,0.367046,3.468114,3.798202,0 - default
x25519_mlkem512,MLDSA87,pqc-hybrid,pqc,off,18,2,3.871111,0.469216,3.654345,4.087878,0 - default
x25519_mlkem512,p256_mldsa44,pqc-hybrid,pqc-hybrid,off,19,1,3.610526,0.102874,3.564269,3.656784,0 - default
x25519_mlkem512,rsa3072_mldsa44,pqc-hybrid,pqc-hybrid,off,19,1,5.331053,0.102680,5.284882,5.377223,0 - default
x25519_mlkem512,p384_mldsa65,pqc-hybrid,pqc-hybrid,off,19,1,5.114211,0.087959,5.074659,5.153762,0 - default
x25519_mlkem512,p521_mldsa87,pqc-hybrid,pqc-hybrid,off,19,1,7.176316,0.096391,7.132973,7.219658,0 - default
x25519_mlkem512,falcon512,pqc-hybrid,pqc,off,19,1,3.308421,0.056002,3.283239,3.333603,0 - default
x25519_mlkem512,falcon1024,pqc-hybrid,pqc,off,19,1,3.624737,0.055414,3.599819,3.649654,0 - default
x25519_mlkem512,p256_falcon512,pqc-hybrid,pqc-hybrid,off,19,1,3.823158,0.036675,3.806667,3.839649,0 - default
x25519_mlkem512,rsa3072_falcon512,pqc-hybrid,pqc-hybrid,off,19,1,5.473684,0.067512,5.443327,5.504041,0 - default
x25519_mlkem512,falconpadded512,pqc-hybrid,pqc,off,19,1,3.302632,0.078304,3.267422,3.337842,0 - default
x25519_mlkem512,p256_falconpadded512,pqc-hybrid,pqc-hybrid,off,18,2,3.830556,0.059752,3.802952,3.858159,0 - default
x25519_mlkem512,rsa3072_falconpadded512,pqc-hybrid,pqc-hybrid,off,17,3,5.520000,0.047434,5.497451,5.542549,0 - default
x25519_mlkem512,p521_falcon1024,pqc-hybrid,pqc-hybrid,off,19,1,7.398947,0.078308,7.363736,7.434159,0 - default
x25519_mlkem512,falconpadded1024,pqc-hybrid,pqc,off,16,4,3.642500,0.043894,3.620992,3.664008,0 - default
x25519_mlkem512,p521_falconpadded1024,pqc-hybrid,pqc-hybrid,off,19,1,7.402632,0.060539,7.375410,7.429853,0 - default
x25519_mlkem512,sphincssha2128fsimple,pqc-hybrid,pqc,off,19,1,10.926316,0.055997,10.901136,10.951495,0 - default
x25519_mlkem512,p256_sphincssha2128fsimple,pqc-hybrid,pqc-hybrid,off,19,1,11.426316,0.085843,11.387716,11.464915,0 - default
x25519_mlkem512,rsa3072_sphincssha2128fsimple,pqc-hybrid,pqc-hybrid,off,19,1,13.055789,0.131796,12.996527,13.115052,0 - default
x25519_mlkem512,sphincssha2128ssimple,pqc-hybrid,pqc,off,17,3,149.808824,0.100926,149.760846,149.856801,0 - default
x25519_mlkem512,p256_sphincssha2128ssimple,pqc-hybrid,pqc-hybrid,off,20,0,150.368500,0.237892,150.264239,150.472761,0 - default
x25519_mlkem512,rsa3072_sphincssha2128ssimple,pqc-hybrid,pqc-hybrid,off,18,2,151.976667,0.188180,151.889732,152.063601,0 - default
x25519_mlkem512,sphincssha2192fsimple,pqc-hybrid,pqc,off,18,2,16.283333,0.049823,16.260316,16.306350,0 - default
x25519_mlkem512,p384_sphincssha2192fsimple,pqc-hybrid,pqc-hybrid,off,18,2,18.083333,0.069452,18.051248,18.115418,0 - default
x25519_mlkem512,sphincssha2192ssimple,pqc-hybrid,pqc,off,18,2,267.845000,0.218558,267.744031,267.945969,0 - default
x25519_mlkem512,p384_sphincssha2192ssimple,pqc-hybrid,pqc-hybrid,off,18,2,269.766667,0.165138,269.690377,269.842957,0 - default
x25519_mlkem512,sphincssha2256fsimple,pqc-hybrid,pqc,off,19,1,28.964737,0.081197,28.928226,29.001248,0 - default
x25519_mlkem512,p521_sphincssha2256fsimple,pqc-hybrid,pqc-hybrid,off,18,2,32.645000,0.080018,32.608033,32.681967,0 - default
x25519_mlkem512,sphincssha2256ssimple,pqc-hybrid,pqc,off,18,2,243.428333,0.157153,243.355732,243.500934,0 - default
x25519_mlkem512,p521_sphincssha2256ssimple,pqc-hybrid,pqc-hybrid,off,19,1,247.810526,0.151492,247.742407,247.878645,0 - default
x25519_mlkem512,sphincsshake128fsimple,pqc-hybrid,pqc,off,19,1,19.627895,0.065708,19.598349,19.657441,0 - default
x25519_mlkem512,p256_sphincsshake128fsimple,pqc-hybrid,pqc-hybrid,off,18,2,20.116667,0.091908,20.074207,20.159126,0 - default
x25519_mlkem512,rsa3072_sphincsshake128fsimple,pqc-hybrid,pqc-hybrid,off,19,1,21.718947,0.091463,21.677821,21.760074,0 - default
x25519_mlkem512,sphincsshake128ssimple,pqc-hybrid,pqc,off,16,4,318.936250,0.110567,318.882072,318.990428,0 - default
x25519_mlkem512,p256_sphincsshake128ssimple,pqc-hybrid,pqc-hybrid,off,20,0,319.330000,0.198918,319.242820,319.417180,0 - default
x25519_mlkem512,rsa3072_sphincsshake128ssimple,pqc-hybrid,pqc-hybrid,off,18,2,320.765556,0.115719,320.712096,320.819015,0 - default
x25519_mlkem512,sphincsshake192fsimple,pqc-hybrid,pqc,off,19,1,29.652105,0.085348,29.613728,29.690482,0 - default
x25519_mlkem512,p384_sphincsshake192fsimple,pqc-hybrid,pqc-hybrid,off,19,1,31.482105,0.052343,31.458569,31.505641,0 - default
x25519_mlkem512,sphincsshake192ssimple,pqc-hybrid,pqc,off,19,1,569.938947,0.186008,569.855308,570.022587,0 - default
x25519_mlkem512,p384_sphincsshake192ssimple,pqc-hybrid,pqc-hybrid,off,19,1,571.538947,0.424420,571.348105,571.729790,0 - default
x25519_mlkem512,sphincsshake256fsimple,pqc-hybrid,pqc,off,18,2,57.222222,0.069499,57.190115,57.254329,0 - default
x25519_mlkem512,p521_sphincsshake256fsimple,pqc-hybrid,pqc-hybrid,off,19,1,60.963158,0.090924,60.922273,61.004043,0 - default
x25519_mlkem512,sphincsshake256ssimple,pqc-hybrid,pqc,off,20,0,486.473000,0.307230,486.338350,486.607650,0 - default
x25519_mlkem512,p521_sphincsshake256ssimple,pqc-hybrid,pqc-hybrid,off,16,4,490.293125,0.160902,490.214283,490.371967,0 - default
x25519_mlkem512,ED25519,pqc-hybrid,classic,off,17,3,2.369412,0.029041,2.355607,2.383217,0 - default
x25519_mlkem512,ED448,pqc-hybrid,classic,off,18,2,2.672222,0.040082,2.653705,2.690739,0 - default
x448_mlkem768,MLDSA44,pqc-hybrid,pqc,off,20,0,4.056500,0.353126,3.901736,4.211264,0 - default
x448_mlkem768,MLDSA65,pqc-hybrid,pqc,off,20,0,4.717000,0.675310,4.421032,5.012968,0 - default
x448_mlkem768,MLDSA87,pqc-hybrid,pqc,off,17,3,4.555294,0.446404,4.343087,4.767501,0 - default
x448_mlkem768,p256_mldsa44,pqc-hybrid,pqc-hybrid,off,19,1,4.470000,0.109798,4.420629,4.519371,0 - default
x448_mlkem768,rsa3072_mldsa44,pqc-hybrid,pqc-hybrid,off,19,1,6.196842,0.079516,6.161087,6.232597,0 - default
x448_mlkem768,p384_mldsa65,pqc-hybrid,pqc-hybrid,off,19,1,5.943684,0.093880,5.901471,5.985898,0 - default
x448_mlkem768,p521_mldsa87,pqc-hybrid,pqc-hybrid,off,18,2,7.940556,0.114351,7.887728,7.993383,0 - default
x448_mlkem768,falcon512,pqc-hybrid,pqc,off,19,1,4.072632,0.104128,4.025810,4.119453,0 - default
x448_mlkem768,falcon1024,pqc-hybrid,pqc,off,19,1,4.383158,0.062187,4.355195,4.411121,0 - default
x448_mlkem768,p256_falcon512,pqc-hybrid,pqc-hybrid,off,19,1,4.533158,0.105570,4.485688,4.580628,0 - default
x448_mlkem768,rsa3072_falcon512,pqc-hybrid,pqc-hybrid,off,18,2,6.210000,0.082462,6.171904,6.248096,0 - default
x448_mlkem768,falconpadded512,pqc-hybrid,pqc,off,19,1,4.102632,0.121374,4.048055,4.157208,0 - default
x448_mlkem768,p256_falconpadded512,pqc-hybrid,pqc-hybrid,off,19,1,4.576842,0.114990,4.525136,4.628548,0 - default
x448_mlkem768,rsa3072_falconpadded512,pqc-hybrid,pqc-hybrid,off,19,1,6.239474,0.089223,6.199354,6.279593,0 - default
x448_mlkem768,p521_falcon1024,pqc-hybrid,pqc-hybrid,off,19,1,8.142632,0.105717,8.095096,8.190168,0 - default
x448_mlkem768,falconpadded1024,pqc-hybrid,pqc,off,19,1,4.424211,0.068339,4.393482,4.454939,0 - default
x448_mlkem768,p521_falconpadded1024,pqc-hybrid,pqc-hybrid,off,19,1,8.114211,0.131669,8.055005,8.173416,0 - default
x448_mlkem768,sphincssha2128fsimple,pqc-hybrid,pqc,off,19,1,11.715789,0.071749,11.683527,11.748052,0 - default
x448_mlkem768,p256_sphincssha2128fsimple,pqc-hybrid,pqc-hybrid,off,18,2,12.174444,0.092242,12.131831,12.217058,0 - default
x448_mlkem768,rsa3072_sphincssha2128fsimple,pqc-hybrid,pqc-hybrid,off,19,1,13.842105,0.055835,13.816999,13.867212,0 - default
x448_mlkem768,sphincssha2128ssimple,pqc-hybrid,pqc,off,19,1,150.500000,0.068394,150.469246,150.530754,0 - default
x448_mlkem768,p256_sphincssha2128ssimple,pqc-hybrid,pqc-hybrid,off,18,2,151.086111,0.143451,151.019840,151.152382,0 - default
x448_mlkem768,rsa3072_sphincssha2128ssimple,pqc-hybrid,pqc-hybrid,off,18,2,152.854444,0.240324,152.743420,152.965468,0 - default
x448_mlkem768,sphincssha2192fsimple,pqc-hybrid,pqc,off,18,2,17.122778,0.051656,17.098914,17.146641,0 - default
x448_mlkem768,p384_sphincssha2192fsimple,pqc-hybrid,pqc-hybrid,off,19,1,18.951053,0.062441,18.922976,18.979129,0 - default
x448_mlkem768,sphincssha2192ssimple,pqc-hybrid,pqc,off,18,2,268.902778,0.131856,268.841864,268.963692,0 - default
x448_mlkem768,p384_sphincssha2192ssimple,pqc-hybrid,pqc-hybrid,off,19,1,270.760526,0.238199,270.653419,270.867633,0 - default
x448_mlkem768,sphincssha2256fsimple,pqc-hybrid,pqc,off,18,2,29.808889,0.132216,29.747808,29.869970,0 - default
x448_mlkem768,p521_sphincssha2256fsimple,pqc-hybrid,pqc-hybrid,off,19,1,33.541579,0.109253,33.492453,33.590705,0 - default
x448_mlkem768,sphincssha2256ssimple,pqc-hybrid,pqc,off,19,1,244.347368,0.205638,244.254902,244.439835,0 - default
x448_mlkem768,p521_sphincssha2256ssimple,pqc-hybrid,pqc-hybrid,off,18,2,248.052778,0.141080,247.987602,248.117953,0 - default
x448_mlkem768,sphincsshake128fsimple,pqc-hybrid,pqc,off,17,3,20.368235,0.052230,20.343407,20.393064,0 - default
x448_mlkem768,p256_sphincsshake128fsimple,pqc-hybrid,pqc-hybrid,off,18,2,20.850000,0.082533,20.811872,20.888128,0 - default
x448_mlkem768,rsa3072_sphincsshake128fsimple,pqc-hybrid,pqc-hybrid,off,19,1,22.603158,0.096785,22.559638,22.646678,0 - default
x448_mlkem768,sphincsshake128ssimple,pqc-hybrid,pqc,off,18,2,319.772222,0.190959,319.684004,319.860441,0 - default
x448_mlkem768,p256_sphincsshake128ssimple,pqc-hybrid,pqc-hybrid,off,20,0,320.051000,0.275488,319.930262,320.171738,0 - default
x448_mlkem768,rsa3072_sphincsshake128ssimple,pqc-hybrid,pqc-hybrid,off,18,2,321.886111,0.210298,321.788958,321.983264,0 - default
x448_mlkem768,sphincsshake192fsimple,pqc-hybrid,pqc,off,17,3,30.456471,0.083062,30.416986,30.495956,0 - default
x448_mlkem768,p384_sphincsshake192fsimple,pqc-hybrid,pqc-hybrid,off,19,1,32.277368,0.122603,32.222239,32.332498,0 - default
x448_mlkem768,sphincsshake192ssimple,pqc-hybrid,pqc,off,19,1,570.468947,0.237998,570.361930,570.575965,0 - default
x448_mlkem768,p384_sphincsshake192ssimple,pqc-hybrid,pqc-hybrid,off,19,1,572.704211,0.226184,572.602506,572.805915,0 - default
x448_mlkem768,sphincsshake256fsimple,pqc-hybrid,pqc,off,19,1,58.178947,0.164110,58.105154,58.252740,0 - default
x448_mlkem768,p521_sphincsshake256fsimple,pqc-hybrid,pqc-hybrid,off,19,1,61.836316,0.152250,61.767856,61.904776,0 - default
x448_mlkem768,sphincsshake256ssimple,pqc-hybrid,pqc,off,19,1,487.109474,0.158095,487.038385,487.180562,0 - default
x448_mlkem768,p521_sphincsshake256ssimple,pqc-hybrid,pqc-hybrid,off,17,3,491.334706,0.134076,491.270970,491.398442,0 - default
x448_mlkem768,ED25519,pqc-hybrid,classic,off,19,1,3.306316,0.086552,3.267397,3.345234,0 - default
x448_mlkem768,ED448,pqc-hybrid,classic,off,15,5,3.648667,0.028251,3.634370,3.662963,0 - default
frodo640aes,MLDSA44,pqc,pqc,off,20,0,4.084000,0.248117,3.975258,4.192742,0 - default
frodo640aes,MLDSA65,pqc,pqc,off,20,0,4.753000,0.637232,4.473721,5.032279,0 - default
frodo640aes,MLDSA87,pqc,pqc,off,19,1,4.846316,0.546974,4.600366,5.092265,0 - default
frodo640aes,p256_mldsa44,pqc,pqc-hybrid,off,19,1,5.131053,0.081370,5.094464,5.167641,0 - default
frodo640aes,rsa3072_mldsa44,pqc,pqc-hybrid,off,19,1,6.775263,0.129545,6.717013,6.833514,0 - default
frodo640aes,p384_mldsa65,pqc,pqc-hybrid,off,20,0,6.639000,0.106618,6.592273,6.685727,0 - default
frodo640aes,p521_mldsa87,pqc,pqc-hybrid,off,19,1,8.484737,0.147059,8.418611,8.550863,0 - default
frodo640aes,falcon512,pqc,pqc,off,20,0,4.327500,0.107599,4.280342,4.374658,0 - default
frodo640aes,falcon1024,pqc,pqc,off,19,1,4.576842,0.073186,4.543934,4.609750,0 - default
frodo640aes,p256_falcon512,pqc,pqc-hybrid,off,19,1,5.233158,0.092799,5.191430,5.274886,0 - default
frodo640aes,rsa3072_falcon512,pqc,pqc-hybrid,off,18,2,6.843333,0.098936,6.797627,6.889039,0 - default
frodo640aes,falconpadded512,pqc,pqc,off,19,1,4.288421,0.087576,4.249042,4.327800,0 - default
frodo640aes,p256_falconpadded512,pqc,pqc-hybrid,off,18,2,5.218333,0.067758,5.187031,5.249636,0 - default
frodo640aes,rsa3072_falconpadded512,pqc,pqc-hybrid,off,18,2,6.911667,0.104783,6.863260,6.960074,0 - default
frodo640aes,p521_falcon1024,pqc,pqc-hybrid,off,16,4,8.737500,0.057446,8.709352,8.765648,0 - default
frodo640aes,falconpadded1024,pqc,pqc,off,19,1,4.586842,0.073715,4.553696,4.619988,0 - default
frodo640aes,p521_falconpadded1024,pqc,pqc-hybrid,off,19,1,8.773158,0.100723,8.727868,8.818448,0 - default
frodo640aes,sphincssha2128fsimple,pqc,pqc,off,19,1,11.866316,0.097651,11.822407,11.910225,0 - default
frodo640aes,p256_sphincssha2128fsimple,pqc,pqc-hybrid,off,20,0,12.840000,0.188484,12.757393,12.922607,0 - default
frodo640aes,rsa3072_sphincssha2128fsimple,pqc,pqc-hybrid,off,18,2,14.464444,0.107715,14.414682,14.514206,0 - default
frodo640aes,sphincssha2128ssimple,pqc,pqc,off,19,1,150.865789,0.169814,150.789432,150.942147,0 - default
frodo640aes,p256_sphincssha2128ssimple,pqc,pqc-hybrid,off,19,1,151.783684,0.175126,151.704938,151.862430,0 - default
frodo640aes,rsa3072_sphincssha2128ssimple,pqc,pqc-hybrid,off,19,1,153.315789,0.180380,153.234681,153.396898,0 - default
frodo640aes,sphincssha2192fsimple,pqc,pqc,off,18,2,17.331667,0.099247,17.285817,17.377517,0 - default
frodo640aes,p384_sphincssha2192fsimple,pqc,pqc-hybrid,off,17,3,19.525882,0.056685,19.498936,19.552829,0 - default
frodo640aes,sphincssha2192ssimple,pqc,pqc,off,19,1,268.927895,0.221575,268.828263,269.027527,0 - default
frodo640aes,p384_sphincssha2192ssimple,pqc,pqc-hybrid,off,19,1,270.904737,0.266945,270.784704,271.024770,0 - default
frodo640aes,sphincssha2256fsimple,pqc,pqc,off,19,1,29.989474,0.101241,29.943950,30.034997,0 - default
frodo640aes,p521_sphincssha2256fsimple,pqc,pqc-hybrid,off,18,2,34.116667,0.072922,34.082978,34.150355,0 - default
frodo640aes,sphincssha2256ssimple,pqc,pqc,off,20,0,244.554500,0.234329,244.451801,244.657199,0 - default
frodo640aes,p521_sphincssha2256ssimple,pqc,pqc-hybrid,off,20,0,248.835500,0.195353,248.749883,248.921117,0 - default
frodo640aes,sphincsshake128fsimple,pqc,pqc,off,19,1,20.546316,0.112409,20.495771,20.596861,0 - default
frodo640aes,p256_sphincsshake128fsimple,pqc,pqc-hybrid,off,17,3,21.478235,0.099388,21.430989,21.525481,0 - default
frodo640aes,rsa3072_sphincsshake128fsimple,pqc,pqc-hybrid,off,18,2,23.117778,0.105750,23.068924,23.166632,0 - default
frodo640aes,sphincsshake128ssimple,pqc,pqc,off,20,0,319.973500,0.209844,319.881532,320.065468,0 - default
frodo640aes,p256_sphincsshake128ssimple,pqc,pqc-hybrid,off,20,0,320.579500,0.274139,320.459353,320.699647,0 - default
frodo640aes,rsa3072_sphincsshake128ssimple,pqc,pqc-hybrid,off,19,1,322.553158,0.282962,322.425923,322.680393,0 - default
frodo640aes,sphincsshake192fsimple,pqc,pqc,off,18,2,30.582222,0.061122,30.553985,30.610459,0 - default
frodo640aes,p384_sphincsshake192fsimple,pqc,pqc-hybrid,off,19,1,32.904737,0.115199,32.852937,32.956537,0 - default
frodo640aes,sphincsshake192ssimple,pqc,pqc,off,17,3,571.072941,0.196143,570.979701,571.166182,0 - default
frodo640aes,p384_sphincsshake192ssimple,pqc,pqc-hybrid,off,19,1,573.423158,0.301442,573.287613,573.558703,0 - default
frodo640aes,sphincsshake256fsimple,pqc,pqc,off,18,2,58.344444,0.085833,58.304792,58.384097,0 - default
frodo640aes,p521_sphincsshake256fsimple,pqc,pqc-hybrid,off,19,1,62.447895,0.149093,62.380854,62.514935,0 - default
frodo640aes,sphincsshake256ssimple,pqc,pqc,off,19,1,487.468947,0.197959,487.379934,487.557961,0 - default
frodo640aes,p521_sphincsshake256ssimple,pqc,pqc-hybrid,off,19,1,491.704737,0.185453,491.621347,491.788127,0 - default
frodo640aes,ED25519,pqc,classic,off,19,1,3.513158,0.071107,3.481184,3.545131,0 - default
frodo640aes,ED448,pqc,classic,off,18,2,3.901667,0.067410,3.870525,3.932809,0 - default
p256_frodo640aes,MLDSA44,pqc-hybrid,pqc,off,18,2,8.121111,0.323890,7.971482,8.270741,0 - default
p256_frodo640aes,MLDSA65,pqc-hybrid,pqc,off,17,3,8.497059,0.282085,8.362964,8.631154,0 - default
p256_frodo640aes,MLDSA87,pqc-hybrid,pqc,off,18,2,8.441667,0.209488,8.344888,8.538445,0 - default
p256_frodo640aes,p256_mldsa44,pqc-hybrid,pqc-hybrid,off,19,1,8.433158,0.117665,8.380249,8.486066,0 - default
p256_frodo640aes,rsa3072_mldsa44,pqc-hybrid,pqc-hybrid,off,18,2,10.319444,0.116643,10.265558,10.373331,0 - default
p256_frodo640aes,p384_mldsa65,pqc-hybrid,pqc-hybrid,off,19,1,9.883684,0.132254,9.824215,9.943153,0 - default
p256_frodo640aes,p521_mldsa87,pqc-hybrid,pqc-hybrid,off,19,1,11.904737,0.115536,11.852786,11.956688,0 - default
p256_frodo640aes,falcon512,pqc-hybrid,pqc,off,17,3,8.325294,0.078272,8.288086,8.362502,0 - default
p256_frodo640aes,falcon1024,pqc-hybrid,pqc,off,19,1,8.573158,0.073262,8.540215,8.606100,0 - default
p256_frodo640aes,p256_falcon512,pqc-hybrid,pqc-hybrid,off,19,1,8.578421,0.083351,8.540942,8.615900,0 - default
p256_frodo640aes,rsa3072_falcon512,pqc-hybrid,pqc-hybrid,off,19,1,10.435263,0.134055,10.374985,10.495542,0 - default
p256_frodo640aes,falconpadded512,pqc-hybrid,pqc,off,18,2,8.334444,0.073262,8.300599,8.368290,0 - default
p256_frodo640aes,p256_falconpadded512,pqc-hybrid,pqc-hybrid,off,19,1,8.507895,0.097044,8.464258,8.551531,0 - default
p256_frodo640aes,rsa3072_falconpadded512,pqc-hybrid,pqc-hybrid,off,19,1,10.410526,0.137294,10.348791,10.472261,0 - default
p256_frodo640aes,p521_falcon1024,pqc-hybrid,pqc-hybrid,off,19,1,12.128947,0.112984,12.078143,12.179751,0 - default
p256_frodo640aes,falconpadded1024,pqc-hybrid,pqc,off,19,1,8.577895,0.070283,8.546291,8.609498,0 - default
p256_frodo640aes,p521_falconpadded1024,pqc-hybrid,pqc-hybrid,off,18,2,12.173889,0.072933,12.140195,12.207582,0 - default
p256_frodo640aes,sphincssha2128fsimple,pqc-hybrid,pqc,off,18,2,15.831667,0.098712,15.786064,15.877269,0 - default
p256_frodo640aes,p256_sphincssha2128fsimple,pqc-hybrid,pqc-hybrid,off,19,1,16.163684,0.106156,16.115951,16.211418,0 - default
p256_frodo640aes,rsa3072_sphincssha2128fsimple,pqc-hybrid,pqc-hybrid,off,19,1,17.956842,0.072038,17.924450,17.989234,0 - default
p256_frodo640aes,sphincssha2128ssimple,pqc-hybrid,pqc,off,19,1,154.867368,0.215144,154.770628,154.964109,0 - default
p256_frodo640aes,p256_sphincssha2128ssimple,pqc-hybrid,pqc-hybrid,off,20,0,155.297000,0.239189,155.192171,155.401829,0 - default
p256_frodo640aes,rsa3072_sphincssha2128ssimple,pqc-hybrid,pqc-hybrid,off,19,1,156.967895,0.167285,156.892674,157.043115,0 - default
p256_frodo640aes,sphincssha2192fsimple,pqc-hybrid,pqc,off,19,1,21.355789,0.109510,21.306548,21.405031,0 - default
p256_frodo640aes,p384_sphincssha2192fsimple,pqc-hybrid,pqc-hybrid,off,19,1,23.002105,0.081485,22.965465,23.038745,0 - default
p256_frodo640aes,sphincssha2192ssimple,pqc-hybrid,pqc,off,19,1,272.925263,0.256999,272.809702,273.040824,0 - default
p256_frodo640aes,p384_sphincssha2192ssimple,pqc-hybrid,pqc-hybrid,off,20,0,274.358000,0.269026,274.240094,274.475906,0 - default
p256_frodo640aes,sphincssha2256fsimple,pqc-hybrid,pqc,off,18,2,34.070000,0.124711,34.012386,34.127614,0 - default
p256_frodo640aes,p521_sphincssha2256fsimple,pqc-hybrid,pqc-hybrid,off,18,2,37.589444,0.088880,37.548384,37.630505,0 - default
p256_frodo640aes,sphincssha2256ssimple,pqc-hybrid,pqc,off,19,1,248.580000,0.244199,248.470195,248.689805,0 - default
p256_frodo640aes,p521_sphincssha2256ssimple,pqc-hybrid,pqc-hybrid,off,19,1,251.967895,0.192371,251.881394,252.054395,0 - default
p256_frodo640aes,sphincsshake128fsimple,pqc-hybrid,pqc,off,19,1,24.491053,0.120872,24.436702,24.545403,0 - default
p256_frodo640aes,p256_sphincsshake128fsimple,pqc-hybrid,pqc-hybrid,off,19,1,24.847895,0.151312,24.779857,24.915933,0 - default
p256_frodo640aes,rsa3072_sphincsshake128fsimple,pqc-hybrid,pqc-hybrid,off,19,1,26.738947,0.130507,26.680264,26.797631,0 - default
p256_frodo640aes,sphincsshake128ssimple,pqc-hybrid,pqc,off,17,3,323.797059,0.191173,323.706181,323.887937,0 - default
p256_frodo640aes,p256_sphincsshake128ssimple,pqc-hybrid,pqc-hybrid,off,20,0,323.900000,0.464973,323.696217,324.103783,0 - default
p256_frodo640aes,rsa3072_sphincsshake128ssimple,pqc-hybrid,pqc-hybrid,off,18,2,325.792222,0.136535,325.729146,325.855298,0 - default
p256_frodo640aes,sphincsshake192fsimple,pqc-hybrid,pqc,off,17,3,34.715294,0.084861,34.674954,34.755635,0 - default
p256_frodo640aes,p384_sphincsshake192fsimple,pqc-hybrid,pqc-hybrid,off,18,2,36.227222,0.074503,36.192804,36.261641,0 - default
p256_frodo640aes,sphincsshake192ssimple,pqc-hybrid,pqc,off,18,2,574.238889,0.359098,574.072994,574.404784,0 - default
p256_frodo640aes,p384_sphincsshake192ssimple,pqc-hybrid,pqc-hybrid,off,20,0,576.783500,0.300986,576.651587,576.915413,0 - default
p256_frodo640aes,sphincsshake256fsimple,pqc-hybrid,pqc,off,19,1,62.525789,0.162935,62.452525,62.599054,0 - default
p256_frodo640aes,p521_sphincsshake256fsimple,pqc-hybrid,pqc-hybrid,off,18,2,66.150556,0.117547,66.096252,66.204860,0 - default
p256_frodo640aes,sphincsshake256ssimple,pqc-hybrid,pqc,off,19,1,491.635789,0.257559,491.519977,491.751602,0 - default
p256_frodo640aes,p521_sphincsshake256ssimple,pqc-hybrid,pqc-hybrid,off,20,0,495.043000,0.292972,494.914599,495.171401,0 - default
p256_frodo640aes,ED25519,pqc-hybrid,classic,off,18,2,7.422778,0.052893,7.398342,7.447213,0 - default
p256_frodo640aes,ED448,pqc-hybrid,classic,off,19,1,7.773158,0.089384,7.732966,7.813350,0 - default
x25519_frodo640aes,MLDSA44,pqc-hybrid,pqc,off,19,1,4.429474,0.305277,4.292204,4.566743,0 - default
x25519_frodo640aes,MLDSA65,pqc-hybrid,pqc,off,19,1,4.634737,0.512720,4.404190,4.865284,0 - default
x25519_frodo640aes,MLDSA87,pqc-hybrid,pqc,off,20,0,5.250000,0.495665,5.032765,5.467235,0 - default
x25519_frodo640aes,p256_mldsa44,pqc-hybrid,pqc-hybrid,off,19,1,4.793684,0.095115,4.750915,4.836453,0 - default
x25519_frodo640aes,rsa3072_mldsa44,pqc-hybrid,pqc-hybrid,off,19,1,6.547895,0.095660,6.504881,6.590909,0 - default
x25519_frodo640aes,p384_mldsa65,pqc-hybrid,pqc-hybrid,off,19,1,6.271579,0.113150,6.220700,6.322457,0 - default
x25519_frodo640aes,p521_mldsa87,pqc-hybrid,pqc-hybrid,off,19,1,8.310000,0.116571,8.257583,8.362417,0 - default
x25519_frodo640aes,falcon512,pqc-hybrid,pqc,off,18,2,4.466667,0.066244,4.436064,4.497270,0 - default
x25519_frodo640aes,falcon1024,pqc-hybrid,pqc,off,19,1,4.761053,0.047363,4.739756,4.782350,0 - default
x25519_frodo640aes,p256_falcon512,pqc-hybrid,pqc-hybrid,off,19,1,4.983684,0.087953,4.944136,5.023233,0 - default
x25519_frodo640aes,rsa3072_falcon512,pqc-hybrid,pqc-hybrid,off,19,1,6.637895,0.129167,6.579814,6.695975,0 - default
x25519_frodo640aes,falconpadded512,pqc-hybrid,pqc,off,19,1,4.514211,0.105109,4.466948,4.561473,0 - default
x25519_frodo640aes,p256_falconpadded512,pqc-hybrid,pqc-hybrid,off,19,1,4.950526,0.092944,4.908734,4.992319,0 - default
x25519_frodo640aes,rsa3072_falconpadded512,pqc-hybrid,pqc-hybrid,off,17,3,6.538824,0.048462,6.515786,6.561861,0 - default
x25519_frodo640aes,p521_falcon1024,pqc-hybrid,pqc-hybrid,off,16,4,8.534375,0.047605,8.511048,8.557702,0 - default
x25519_frodo640aes,falconpadded1024,pqc-hybrid,pqc,off,17,3,4.787647,0.035449,4.770796,4.804498,0 - default
x25519_frodo640aes,p521_falconpadded1024,pqc-hybrid,pqc-hybrid,off,19,1,8.613684,0.072664,8.581010,8.646358,0 - default
x25519_frodo640aes,sphincssha2128fsimple,pqc-hybrid,pqc,off,19,1,12.075789,0.117109,12.023131,12.128448,0 - default
x25519_frodo640aes,p256_sphincssha2128fsimple,pqc-hybrid,pqc-hybrid,off,19,1,12.475263,0.125227,12.418954,12.531572,0 - default
x25519_frodo640aes,rsa3072_sphincssha2128fsimple,pqc-hybrid,pqc-hybrid,off,19,1,14.177895,0.109168,14.128807,14.226982,0 - default
x25519_frodo640aes,sphincssha2128ssimple,pqc-hybrid,pqc,off,18,2,151.183333,0.096162,151.138909,151.227758,0 - default
x25519_frodo640aes,p256_sphincssha2128ssimple,pqc-hybrid,pqc-hybrid,off,16,4,151.669375,0.065265,151.637395,151.701355,0 - default
x25519_frodo640aes,rsa3072_sphincssha2128ssimple,pqc-hybrid,pqc-hybrid,off,19,1,153.518947,0.167594,153.443588,153.594307,0 - default
x25519_frodo640aes,sphincssha2192fsimple,pqc-hybrid,pqc,off,19,1,17.577895,0.171580,17.500743,17.655047,0 - default
x25519_frodo640aes,p384_sphincssha2192fsimple,pqc-hybrid,pqc-hybrid,off,19,1,19.413684,0.178394,19.333468,19.493900,0 - default
x25519_frodo640aes,sphincssha2192ssimple,pqc-hybrid,pqc,off,18,2,269.168889,0.194086,269.079226,269.258552,0 - default
x25519_frodo640aes,p384_sphincssha2192ssimple,pqc-hybrid,pqc-hybrid,off,19,1,270.715263,0.197100,270.626636,270.803890,0 - default
x25519_frodo640aes,sphincssha2256fsimple,pqc-hybrid,pqc,off,17,3,30.228235,0.086475,30.187128,30.269343,0 - default
x25519_frodo640aes,p521_sphincssha2256fsimple,pqc-hybrid,pqc-hybrid,off,19,1,33.924737,0.094948,33.882043,33.967431,0 - default
x25519_frodo640aes,sphincssha2256ssimple,pqc-hybrid,pqc,off,19,1,244.873158,0.192730,244.786496,244.959820,0 - default
x25519_frodo640aes,p521_sphincssha2256ssimple,pqc-hybrid,pqc-hybrid,off,19,1,248.445263,0.231574,248.341135,248.549391,0 - default
x25519_frodo640aes,sphincsshake128fsimple,pqc-hybrid,pqc,off,19,1,20.747895,0.101575,20.702221,20.793569,0 - default
x25519_frodo640aes,p256_sphincsshake128fsimple,pqc-hybrid,pqc-hybrid,off,17,3,21.235882,0.082769,21.196536,21.275228,0 - default
x25519_frodo640aes,rsa3072_sphincsshake128fsimple,pqc-hybrid,pqc-hybrid,off,19,1,22.862105,0.115594,22.810128,22.914083,0 - default
x25519_frodo640aes,sphincsshake128ssimple,pqc-hybrid,pqc,off,18,2,319.806111,0.182600,319.721754,319.890468,0 - default
x25519_frodo640aes,p256_sphincsshake128ssimple,pqc-hybrid,pqc-hybrid,off,19,1,320.605263,0.204433,320.513339,320.697188,0 - default
x25519_frodo640aes,rsa3072_sphincsshake128ssimple,pqc-hybrid,pqc-hybrid,off,18,2,322.293333,0.282301,322.162917,322.423750,0 - default
x25519_frodo640aes,sphincsshake192fsimple,pqc-hybrid,pqc,off,19,1,30.942632,0.151945,30.874309,31.010954,0 - default
x25519_frodo640aes,p384_sphincsshake192fsimple,pqc-hybrid,pqc-hybrid,off,18,2,32.739444,0.109624,32.688801,32.790088,0 - default
x25519_frodo640aes,sphincsshake192ssimple,pqc-hybrid,pqc,off,20,0,571.414000,0.348869,571.261101,571.566899,0 - default
x25519_frodo640aes,p384_sphincsshake192ssimple,pqc-hybrid,pqc-hybrid,off,18,2,572.692778,0.283628,572.561748,572.823807,0 - default
x25519_frodo640aes,sphincsshake256fsimple,pqc-hybrid,pqc,off,19,1,58.526316,0.151225,58.458317,58.594315,0 - default
x25519_frodo640aes,p521_sphincsshake256fsimple,pqc-hybrid,pqc-hybrid,off,19,1,62.282105,0.183775,62.199470,62.364740,0 - default
x25519_frodo640aes,sphincsshake256ssimple,pqc-hybrid,pqc,off,19,1,487.658947,0.277306,487.534255,487.783640,0 - default
x25519_frodo640aes,p521_sphincsshake256ssimple,pqc-hybrid,pqc-hybrid,off,17,3,491.121765,0.163066,491.044248,491.199281,0 - default
x25519_frodo640aes,ED25519,pqc-hybrid,classic,off,19,1,3.708947,0.052588,3.685301,3.732594,0 - default
x25519_frodo640aes,ED448,pqc-hybrid,classic,off,18,2,3.989444,0.070916,3.956683,4.022206,0 - default
frodo640shake,MLDSA44,pqc,pqc,off,19,1,5.964737,0.260264,5.847708,6.081766,0 - default
frodo640shake,MLDSA65,pqc,pqc,off,19,1,6.761579,0.822241,6.391854,7.131304,0 - default
frodo640shake,MLDSA87,pqc,pqc,off,20,0,7.014000,0.675522,6.717939,7.310061,0 - default
frodo640shake,p256_mldsa44,pqc,pqc-hybrid,off,15,5,6.979333,0.040083,6.959048,6.999618,0 - default
frodo640shake,rsa3072_mldsa44,pqc,pqc-hybrid,off,19,1,8.560000,0.086281,8.521203,8.598797,0 - default
frodo640shake,p384_mldsa65,pqc,pqc-hybrid,off,19,1,8.323158,0.119446,8.269449,8.376867,0 - default
frodo640shake,p521_mldsa87,pqc,pqc-hybrid,off,19,1,10.403684,0.116247,10.351413,10.455955,0 - default
frodo640shake,falcon512,pqc,pqc,off,19,1,6.256316,0.055699,6.231271,6.281361,0 - default
frodo640shake,falcon1024,pqc,pqc,off,19,1,6.497895,0.056723,6.472389,6.523401,0 - default
frodo640shake,p256_falcon512,pqc,pqc-hybrid,off,18,2,7.136667,0.065888,7.106228,7.167105,0 - default
frodo640shake,rsa3072_falcon512,pqc,pqc-hybrid,off,19,1,8.755789,0.092335,8.714271,8.797308,0 - default
frodo640shake,falconpadded512,pqc,pqc,off,19,1,6.241053,0.049988,6.218575,6.263530,0 - default
frodo640shake,p256_falconpadded512,pqc,pqc-hybrid,off,17,3,7.113529,0.047029,7.091173,7.135886,0 - default
frodo640shake,rsa3072_falconpadded512,pqc,pqc-hybrid,off,19,1,8.752105,0.089043,8.712067,8.792144,0 - default
frodo640shake,p521_falcon1024,pqc,pqc-hybrid,off,18,2,10.616111,0.033631,10.600574,10.631648,0 - default
frodo640shake,falconpadded1024,pqc,pqc,off,19,1,6.427895,0.040357,6.409748,6.446041,0 - default
frodo640shake,p521_falconpadded1024,pqc,pqc-hybrid,off,19,1,10.649474,0.088786,10.609550,10.689397,0 - default
frodo640shake,sphincssha2128fsimple,pqc,pqc,off,19,1,13.690000,0.077817,13.655009,13.724991,0 - default
frodo640shake,p256_sphincssha2128fsimple,pqc,pqc-hybrid,off,19,1,14.651579,0.055404,14.626666,14.676492,0 - default
frodo640shake,rsa3072_sphincssha2128fsimple,pqc,pqc-hybrid,off,19,1,16.263684,0.112062,16.213295,16.314073,0 - default
frodo640shake,sphincssha2128ssimple,pqc,pqc,off,20,0,152.719500,0.174461,152.643039,152.795961,0 - default
frodo640shake,p256_sphincssha2128ssimple,pqc,pqc-hybrid,off,20,0,153.723000,0.248598,153.614047,153.831953,0 - default
frodo640shake,rsa3072_sphincssha2128ssimple,pqc,pqc-hybrid,off,19,1,155.243684,0.221465,155.144101,155.343267,0 - default
frodo640shake,sphincssha2192fsimple,pqc,pqc,off,19,1,19.180000,0.129314,19.121853,19.238147,0 - default
frodo640shake,p384_sphincssha2192fsimple,pqc,pqc-hybrid,off,20,0,21.467000,0.186550,21.385241,21.548759,0 - default
frodo640shake,sphincssha2192ssimple,pqc,pqc,off,19,1,270.537368,0.115414,270.485472,270.589265,0 - default
frodo640shake,p384_sphincssha2192ssimple,pqc,pqc-hybrid,off,18,2,273.057222,0.152462,272.986788,273.127656,0 - default
frodo640shake,sphincssha2256fsimple,pqc,pqc,off,19,1,31.988421,0.092872,31.946661,32.030181,0 - default
frodo640shake,p521_sphincssha2256fsimple,pqc,pqc-hybrid,off,19,1,36.122632,0.121602,36.067952,36.177311,0 - default
frodo640shake,sphincssha2256ssimple,pqc,pqc,off,18,2,246.212222,0.191912,246.123564,246.300881,0 - default
frodo640shake,p521_sphincssha2256ssimple,pqc,pqc-hybrid,off,20,0,250.631000,0.357092,250.474498,250.787502,0 - default
frodo640shake,sphincsshake128fsimple,pqc,pqc,off,18,2,22.431667,0.063547,22.402309,22.461024,0 - default
frodo640shake,p256_sphincsshake128fsimple,pqc,pqc-hybrid,off,19,1,23.322105,0.070756,23.290289,23.353921,0 - default
frodo640shake,rsa3072_sphincsshake128fsimple,pqc,pqc-hybrid,off,19,1,24.995789,0.109459,24.946571,25.045008,0 - default
frodo640shake,sphincsshake128ssimple,pqc,pqc,off,19,1,321.599474,0.173701,321.521368,321.677579,0 - default
frodo640shake,p256_sphincsshake128ssimple,pqc,pqc-hybrid,off,20,0,322.870500,0.307185,322.735870,323.005130,0 - default
frodo640shake,rsa3072_sphincsshake128ssimple,pqc,pqc-hybrid,off,19,1,324.207895,0.194724,324.120336,324.295453,0 - default
frodo640shake,sphincsshake192fsimple,pqc,pqc,off,19,1,32.575789,0.085526,32.537332,32.614246,0 - default
frodo640shake,p384_sphincsshake192fsimple,pqc,pqc-hybrid,off,19,1,34.767368,0.088684,34.727491,34.807246,0 - default
frodo640shake,sphincsshake192ssimple,pqc,pqc,off,20,0,572.757500,0.234563,572.654698,572.860302,0 - default
frodo640shake,p384_sphincsshake192ssimple,pqc,pqc-hybrid,off,19,1,575.247895,0.290891,575.117094,575.378695,0 - default
frodo640shake,sphincsshake256fsimple,pqc,pqc,off,20,0,60.308500,0.130637,60.251246,60.365754,0 - default
frodo640shake,p521_sphincsshake256fsimple,pqc,pqc-hybrid,off,17,3,64.416471,0.168558,64.336343,64.496598,0 - default
frodo640shake,sphincsshake256ssimple,pqc,pqc,off,17,3,489.310588,0.137362,489.245290,489.375886,0 - default
frodo640shake,p521_sphincsshake256ssimple,pqc,pqc-hybrid,off,19,1,493.751579,0.449744,493.549349,493.953808,0 - default
frodo640shake,ED25519,pqc,classic,off,19,1,5.473158,0.117239,5.420441,5.525875,0 - default
frodo640shake,ED448,pqc,classic,off,20,0,5.770000,0.157647,5.700908,5.839092,0 - default
p256_frodo640shake,MLDSA44,pqc-hybrid,pqc,off,19,1,10.045789,0.335465,9.894946,10.196633,0 - default
p256_frodo640shake,MLDSA65,pqc-hybrid,pqc,off,18,2,10.345000,0.428709,10.146947,10.543053,0 - default
p256_frodo640shake,MLDSA87,pqc-hybrid,pqc,off,18,2,10.715000,0.599453,10.438067,10.991933,0 - default
p256_frodo640shake,p256_mldsa44,pqc-hybrid,pqc-hybrid,off,18,2,10.328333,0.057930,10.301571,10.355096,0 - default
p256_frodo640shake,rsa3072_mldsa44,pqc-hybrid,pqc-hybrid,off,18,2,12.195556,0.105508,12.146813,12.244298,0 - default
p256_frodo640shake,p384_mldsa65,pqc-hybrid,pqc-hybrid,off,19,1,11.776842,0.102255,11.730863,11.822822,0 - default
p256_frodo640shake,p521_mldsa87,pqc-hybrid,pqc-hybrid,off,19,1,13.725789,0.066191,13.696026,13.755553,0 - default
p256_frodo640shake,falcon512,pqc-hybrid,pqc,off,19,1,10.164737,0.070661,10.132964,10.196510,0 - default
p256_frodo640shake,falcon1024,pqc-hybrid,pqc,off,18,2,10.442778,0.047255,10.420947,10.464608,0 - default
p256_frodo640shake,p256_falcon512,pqc-hybrid,pqc-hybrid,off,19,1,10.439474,0.052438,10.415895,10.463053,0 - default
p256_frodo640shake,rsa3072_falcon512,pqc-hybrid,pqc-hybrid,off,19,1,12.346316,0.087382,12.307024,12.385608,0 - default
p256_frodo640shake,falconpadded512,pqc-hybrid,pqc,off,19,1,10.167895,0.043790,10.148204,10.187585,0 - default
p256_frodo640shake,p256_falconpadded512,pqc-hybrid,pqc-hybrid,off,19,1,10.470526,0.064159,10.441677,10.499376,0 - default
p256_frodo640shake,rsa3072_falconpadded512,pqc-hybrid,pqc-hybrid,off,19,1,12.275789,0.073961,12.242533,12.309046,0 - default
p256_frodo640shake,p521_falcon1024,pqc-hybrid,pqc-hybrid,off,19,1,14.054737,0.104953,14.007544,14.101930,0 - default
p256_frodo640shake,falconpadded1024,pqc-hybrid,pqc,off,18,2,10.475556,0.069640,10.443384,10.507727,0 - default
p256_frodo640shake,p521_falconpadded1024,pqc-hybrid,pqc-hybrid,off,19,1,14.033684,0.066517,14.003774,14.063594,0 - default
p256_frodo640shake,sphincssha2128fsimple,pqc-hybrid,pqc,off,19,1,17.682105,0.058933,17.655606,17.708605,0 - default
p256_frodo640shake,p256_sphincssha2128fsimple,pqc-hybrid,pqc-hybrid,off,19,1,18.039474,0.092103,17.998059,18.080888,0 - default
p256_frodo640shake,rsa3072_sphincssha2128fsimple,pqc-hybrid,pqc-hybrid,off,18,2,19.931667,0.084314,19.892716,19.970618,0 - default
p256_frodo640shake,sphincssha2128ssimple,pqc-hybrid,pqc,off,19,1,156.671053,0.167162,156.595887,156.746218,0 - default
p256_frodo640shake,p256_sphincssha2128ssimple,pqc-hybrid,pqc-hybrid,off,19,1,157.047895,0.322380,156.902935,157.192854,0 - default
p256_frodo640shake,rsa3072_sphincssha2128ssimple,pqc-hybrid,pqc-hybrid,off,18,2,158.686111,0.121759,158.629861,158.742361,0 - default
p256_frodo640shake,sphincssha2192fsimple,pqc-hybrid,pqc,off,18,2,23.215556,0.114235,23.162782,23.268330,0 - default
p256_frodo640shake,p384_sphincssha2192fsimple,pqc-hybrid,pqc-hybrid,off,18,2,24.878889,0.092220,24.836285,24.921492,0 - default
p256_frodo640shake,sphincssha2192ssimple,pqc-hybrid,pqc,off,18,2,274.622778,0.236663,274.513445,274.732111,0 - default
p256_frodo640shake,p384_sphincssha2192ssimple,pqc-hybrid,pqc-hybrid,off,20,0,276.204000,0.257670,276.091071,276.316929,0 - default
p256_frodo640shake,sphincssha2256fsimple,pqc-hybrid,pqc,off,19,1,36.083684,0.112458,36.033117,36.134251,0 - default
p256_frodo640shake,p521_sphincssha2256fsimple,pqc-hybrid,pqc-hybrid,off,19,1,39.599474,0.149647,39.532184,39.666763,0 - default
p256_frodo640shake,sphincssha2256ssimple,pqc-hybrid,pqc,off,19,1,250.346842,0.170687,250.270092,250.423592,0 - default
p256_frodo640shake,p521_sphincssha2256ssimple,pqc-hybrid,pqc-hybrid,off,19,1,253.825263,0.133682,253.765153,253.885374,0 - default
p256_frodo640shake,sphincsshake128fsimple,pqc-hybrid,pqc,off,19,1,26.342632,0.077806,26.307646,26.377618,0 - default
p256_frodo640shake,p256_sphincsshake128fsimple,pqc-hybrid,pqc-hybrid,off,19,1,26.821053,0.115993,26.768896,26.873209,0 - default
p256_frodo640shake,rsa3072_sphincsshake128fsimple,pqc-hybrid,pqc-hybrid,off,19,1,28.556316,0.089518,28.516064,28.596568,0 - default
p256_frodo640shake,sphincsshake128ssimple,pqc-hybrid,pqc,off,19,1,325.587895,0.172420,325.510365,325.665424,0 - default
p256_frodo640shake,p256_sphincsshake128ssimple,pqc-hybrid,pqc-hybrid,off,20,0,326.122000,0.322647,325.980594,326.263406,0 - default
p256_frodo640shake,rsa3072_sphincsshake128ssimple,pqc-hybrid,pqc-hybrid,off,19,1,328.680526,0.328844,328.532660,328.828393,0 - default
p256_frodo640shake,sphincsshake192fsimple,pqc-hybrid,pqc,off,19,1,36.834737,0.139219,36.772136,36.897337,0 - default
p256_frodo640shake,p384_sphincsshake192fsimple,pqc-hybrid,pqc-hybrid,off,17,3,38.180588,0.083626,38.140835,38.220342,0 - default
p256_frodo640shake,sphincsshake192ssimple,pqc-hybrid,pqc,off,19,1,576.808421,0.371113,576.641548,576.975294,0 - default
p256_frodo640shake,p384_sphincsshake192ssimple,pqc-hybrid,pqc-hybrid,off,19,1,578.585263,0.177557,578.505424,578.665102,0 - default
p256_frodo640shake,sphincsshake256fsimple,pqc-hybrid,pqc,off,19,1,64.306316,0.088142,64.266682,64.345949,0 - default
p256_frodo640shake,p521_sphincsshake256fsimple,pqc-hybrid,pqc-hybrid,off,19,1,67.891053,0.105351,67.843681,67.938424,0 - default
p256_frodo640shake,sphincsshake256ssimple,pqc-hybrid,pqc,off,18,2,494.883333,0.199676,494.791088,494.975579,0 - default
p256_frodo640shake,p521_sphincsshake256ssimple,pqc-hybrid,pqc-hybrid,off,20,0,497.352500,0.359149,497.195096,497.509904,0 - default
p256_frodo640shake,ED25519,pqc-hybrid,classic,off,19,1,9.430526,0.080310,9.394415,9.466638,0 - default
p256_frodo640shake,ED448,pqc-hybrid,classic,off,19,1,9.748421,0.089645,9.708112,9.788730,0 - default
x25519_frodo640shake,MLDSA44,pqc-hybrid,pqc,off,20,0,6.445000,0.466561,6.240521,6.649479,0 - default
x25519_frodo640shake,MLDSA65,pqc-hybrid,pqc,off,19,1,6.936316,0.608634,6.662640,7.209991,0 - default
x25519_frodo640shake,MLDSA87,pqc-hybrid,pqc,off,20,0,7.167500,0.834499,6.801765,7.533235,0 - default
x25519_frodo640shake,p256_mldsa44,pqc-hybrid,pqc-hybrid,off,19,1,6.788947,0.079575,6.753166,6.824729,0 - default
x25519_frodo640shake,rsa3072_mldsa44,pqc-hybrid,pqc-hybrid,off,19,1,8.420526,0.114478,8.369051,8.472002,0 - default
x25519_frodo640shake,p384_mldsa65,pqc-hybrid,pqc-hybrid,off,19,1,8.150526,0.127038,8.093403,8.207649,0 - default
x25519_frodo640shake,p521_mldsa87,pqc-hybrid,pqc-hybrid,off,17,3,10.172941,0.049087,10.149607,10.196276,0 - default
x25519_frodo640shake,falcon512,pqc-hybrid,pqc,off,19,1,6.467368,0.069109,6.436293,6.498444,0 - default
x25519_frodo640shake,falcon1024,pqc-hybrid,pqc,off,19,1,6.710000,0.064550,6.680975,6.739025,0 - default
x25519_frodo640shake,p256_falcon512,pqc-hybrid,pqc-hybrid,off,19,1,6.929474,0.063986,6.900702,6.958245,0 - default
x25519_frodo640shake,rsa3072_falcon512,pqc-hybrid,pqc-hybrid,off,17,3,8.553529,0.050860,8.529352,8.577707,0 - default
x25519_frodo640shake,falconpadded512,pqc-hybrid,pqc,off,19,1,6.425263,0.066280,6.395460,6.455066,0 - default
x25519_frodo640shake,p256_falconpadded512,pqc-hybrid,pqc-hybrid,off,19,1,6.934737,0.069472,6.903499,6.965975,0 - default
x25519_frodo640shake,rsa3072_falconpadded512,pqc-hybrid,pqc-hybrid,off,18,2,8.538333,0.070731,8.505657,8.571010,0 - default
x25519_frodo640shake,p521_falcon1024,pqc-hybrid,pqc-hybrid,off,19,1,10.439474,0.060871,10.412103,10.466845,0 - default
x25519_frodo640shake,falconpadded1024,pqc-hybrid,pqc,off,19,1,6.746842,0.081517,6.710188,6.783497,0 - default
x25519_frodo640shake,p521_falconpadded1024,pqc-hybrid,pqc-hybrid,off,18,2,10.473889,0.079197,10.437302,10.510476,0 - default
x25519_frodo640shake,sphincssha2128fsimple,pqc-hybrid,pqc,off,19,1,13.964211,0.087643,13.924801,14.003620,0 - default
x25519_frodo640shake,p256_sphincssha2128fsimple,pqc-hybrid,pqc-hybrid,off,18,2,14.376667,0.054449,14.351512,14.401821,0 - default
x25519_frodo640shake,rsa3072_sphincssha2128fsimple,pqc-hybrid,pqc-hybrid,off,19,1,16.100000,0.100443,16.054835,16.145165,0 - default
x25519_frodo640shake,sphincssha2128ssimple,pqc-hybrid,pqc,off,19,1,153.188421,0.224630,153.087415,153.289427,0 - default
x25519_frodo640shake,p256_sphincssha2128ssimple,pqc-hybrid,pqc-hybrid,off,19,1,153.413158,0.145604,153.347686,153.478630,0 - default
x25519_frodo640shake,rsa3072_sphincssha2128ssimple,pqc-hybrid,pqc-hybrid,off,17,3,155.099412,0.166451,155.020286,155.178537,0 - default
x25519_frodo640shake,sphincssha2192fsimple,pqc-hybrid,pqc,off,16,4,19.408750,0.064692,19.377051,19.440449,0 - default
x25519_frodo640shake,p384_sphincssha2192fsimple,pqc-hybrid,pqc-hybrid,off,19,1,21.213158,0.097128,21.169484,21.256832,0 - default
x25519_frodo640shake,sphincssha2192ssimple,pqc-hybrid,pqc,off,19,1,270.974737,0.171411,270.897661,271.051813,0 - default
x25519_frodo640shake,p384_sphincssha2192ssimple,pqc-hybrid,pqc-hybrid,off,19,1,272.753684,0.148743,272.686801,272.820567,0 - default
x25519_frodo640shake,sphincssha2256fsimple,pqc-hybrid,pqc,off,19,1,32.274737,0.133307,32.214795,32.334679,0 - default
x25519_frodo640shake,p521_sphincssha2256fsimple,pqc-hybrid,pqc-hybrid,off,19,1,35.976842,0.156136,35.906635,36.047049,0 - default
x25519_frodo640shake,sphincssha2256ssimple,pqc-hybrid,pqc,off,18,2,246.591667,0.155837,246.519673,246.663660,0 - default
x25519_frodo640shake,p521_sphincssha2256ssimple,pqc-hybrid,pqc-hybrid,off,19,1,250.300000,0.214580,250.203513,250.396487,0 - default
x25519_frodo640shake,sphincsshake128fsimple,pqc-hybrid,pqc,off,19,1,22.665263,0.087329,22.625995,22.704531,0 - default
x25519_frodo640shake,p256_sphincsshake128fsimple,pqc-hybrid,pqc-hybrid,off,19,1,23.144211,0.115581,23.092239,23.196182,0 - default
x25519_frodo640shake,rsa3072_sphincsshake128fsimple,pqc-hybrid,pqc-hybrid,off,19,1,24.833684,0.161252,24.761176,24.906192,0 - default
x25519_frodo640shake,sphincsshake128ssimple,pqc-hybrid,pqc,off,18,2,321.416111,0.205545,321.321154,321.511068,0 - default
x25519_frodo640shake,p256_sphincsshake128ssimple,pqc-hybrid,pqc-hybrid,off,17,3,322.475294,0.213164,322.373962,322.576626,0 - default
x25519_frodo640shake,rsa3072_sphincsshake128ssimple,pqc-hybrid,pqc-hybrid,off,18,2,324.097778,0.150120,324.028426,324.167130,0 - default
x25519_frodo640shake,sphincsshake192fsimple,pqc-hybrid,pqc,off,19,1,32.770526,0.103948,32.723785,32.817267,0 - default
x25519_frodo640shake,p384_sphincsshake192fsimple,pqc-hybrid,pqc-hybrid,off,19,1,34.563684,0.065846,34.534076,34.593292,0 - default
x25519_frodo640shake,sphincsshake192ssimple,pqc-hybrid,pqc,off,20,0,573.268500,0.292724,573.140208,573.396792,0 - default
x25519_frodo640shake,p384_sphincsshake192ssimple,pqc-hybrid,pqc-hybrid,off,20,0,575.246500,0.338001,575.098364,575.394636,0 - default
x25519_frodo640shake,sphincsshake256fsimple,pqc-hybrid,pqc,off,19,1,60.508421,0.070653,60.476652,60.540190,0 - default
x25519_frodo640shake,p521_sphincsshake256fsimple,pqc-hybrid,pqc-hybrid,off,18,2,64.193333,0.071866,64.160133,64.226534,0 - default
x25519_frodo640shake,sphincsshake256ssimple,pqc-hybrid,pqc,off,20,0,489.554000,0.401175,489.378177,489.729823,0 - default
x25519_frodo640shake,p521_sphincsshake256ssimple,pqc-hybrid,pqc-hybrid,off,20,0,493.503500,0.336018,493.356234,493.650766,0 - default
x25519_frodo640shake,ED25519,pqc-hybrid,classic,off,19,1,5.604211,0.080506,5.568010,5.640411,0 - default
x25519_frodo640shake,ED448,pqc-hybrid,classic,off,19,1,5.918421,0.081258,5.881883,5.954959,0 - default
frodo976aes,MLDSA44,pqc,pqc,off,20,0,5.158500,0.397006,4.984505,5.332495,0 - default
frodo976aes,MLDSA65,pqc,pqc,off,18,2,5.431667,0.302115,5.292097,5.571237,0 - default
frodo976aes,MLDSA87,pqc,pqc,off,20,0,5.879000,0.478571,5.669257,6.088743,0 - default
frodo976aes,p256_mldsa44,pqc,pqc-hybrid,off,17,3,6.025294,0.055579,5.998874,6.051714,0 - default
frodo976aes,rsa3072_mldsa44,pqc,pqc-hybrid,off,18,2,7.542222,0.057451,7.515681,7.568763,0 - default
frodo976aes,p384_mldsa65,pqc,pqc-hybrid,off,19,1,7.424737,0.118901,7.371272,7.478201,0 - default
frodo976aes,p521_mldsa87,pqc,pqc-hybrid,off,17,3,9.267647,0.046439,9.245571,9.289723,0 - default
frodo976aes,falcon512,pqc,pqc,off,17,3,5.250588,0.075122,5.214877,5.286299,0 - default
frodo976aes,falcon1024,pqc,pqc,off,18,2,5.511111,0.063142,5.481941,5.540281,0 - default
frodo976aes,p256_falcon512,pqc,pqc-hybrid,off,19,1,6.134211,0.115100,6.082455,6.185966,0 - default
frodo976aes,rsa3072_falcon512,pqc,pqc-hybrid,off,16,4,7.651250,0.034034,7.634573,7.667927,0 - default
frodo976aes,falconpadded512,pqc,pqc,off,19,1,5.256842,0.068561,5.226013,5.287671,0 - default
frodo976aes,p256_falconpadded512,pqc,pqc-hybrid,off,17,3,6.121176,0.071491,6.087192,6.155161,0 - default
frodo976aes,rsa3072_falconpadded512,pqc,pqc-hybrid,off,18,2,7.675556,0.038991,7.657543,7.693568,0 - default
frodo976aes,p521_falcon1024,pqc,pqc-hybrid,off,19,1,9.625789,0.160566,9.553590,9.697989,0 - default
frodo976aes,falconpadded1024,pqc,pqc,off,19,1,5.478421,0.052627,5.454757,5.502085,0 - default
frodo976aes,p521_falconpadded1024,pqc,pqc-hybrid,off,19,1,9.689474,0.112964,9.638679,9.740268,0 - default
frodo976aes,sphincssha2128fsimple,pqc,pqc,off,19,1,12.735263,0.120063,12.681276,12.789250,0 - default
frodo976aes,p256_sphincssha2128fsimple,pqc,pqc-hybrid,off,19,1,13.660000,0.125786,13.603440,13.716560,0 - default
frodo976aes,rsa3072_sphincssha2128fsimple,pqc,pqc-hybrid,off,16,4,15.332500,0.063823,15.301227,15.363773,0 - default
frodo976aes,sphincssha2128ssimple,pqc,pqc,off,20,0,151.733500,0.190768,151.649892,151.817108,0 - default
frodo976aes,p256_sphincssha2128ssimple,pqc,pqc-hybrid,off,17,3,152.725882,0.068562,152.693290,152.758475,0 - default
frodo976aes,rsa3072_sphincssha2128ssimple,pqc,pqc-hybrid,off,19,1,154.248421,0.156072,154.178243,154.318600,0 - default
frodo976aes,sphincssha2192fsimple,pqc,pqc,off,17,3,18.193529,0.057439,18.166225,18.220834,0 - default
frodo976aes,p384_sphincssha2192fsimple,pqc,pqc-hybrid,off,18,2,20.458889,0.103973,20.410856,20.506922,0 - default
frodo976aes,sphincssha2192ssimple,pqc,pqc,off,19,1,269.793158,0.181508,269.711542,269.874774,0 - default
frodo976aes,p384_sphincssha2192ssimple,pqc,pqc-hybrid,off,17,3,272.268824,0.154511,272.195374,272.342273,0 - default
frodo976aes,sphincssha2256fsimple,pqc,pqc,off,19,1,30.775789,0.104260,30.728908,30.822671,0 - default
frodo976aes,p521_sphincssha2256fsimple,pqc,pqc-hybrid,off,19,1,35.034737,0.134634,34.974198,35.095276,0 - default
frodo976aes,sphincssha2256ssimple,pqc,pqc,off,19,1,245.423158,0.161350,245.350606,245.495710,0 - default
frodo976aes,p521_sphincssha2256ssimple,pqc,pqc-hybrid,off,19,1,249.608421,0.248177,249.496827,249.720015,0 - default
frodo976aes,sphincsshake128fsimple,pqc,pqc,off,18,2,21.517778,0.078856,21.481348,21.554207,0 - default
frodo976aes,p256_sphincsshake128fsimple,pqc,pqc-hybrid,off,18,2,22.387778,0.079746,22.350937,22.424619,0 - default
frodo976aes,rsa3072_sphincsshake128fsimple,pqc,pqc-hybrid,off,16,4,23.967500,0.058595,23.938789,23.996211,0 - default
frodo976aes,sphincsshake128ssimple,pqc,pqc,off,18,2,320.506111,0.162739,320.430930,320.581293,0 - default
frodo976aes,p256_sphincsshake128ssimple,pqc,pqc-hybrid,off,20,0,321.730000,0.247578,321.621494,321.838506,0 - default
frodo976aes,rsa3072_sphincsshake128ssimple,pqc,pqc-hybrid,off,19,1,323.513158,0.243905,323.403485,323.622831,0 - default
frodo976aes,sphincsshake192fsimple,pqc,pqc,off,19,1,31.587368,0.094625,31.544820,31.629917,0 - default
frodo976aes,p384_sphincsshake192fsimple,pqc,pqc-hybrid,off,19,1,33.965789,0.198139,33.876695,34.054884,0 - default
frodo976aes,sphincsshake192ssimple,pqc,pqc,off,18,2,571.420556,0.262532,571.299272,571.541839,0 - default
frodo976aes,p384_sphincsshake192ssimple,pqc,pqc-hybrid,off,19,1,574.338421,0.297662,574.204576,574.472266,0 - default
frodo976aes,sphincsshake256fsimple,pqc,pqc,off,19,1,59.113684,0.116200,59.061435,59.165934,0 - default
frodo976aes,p521_sphincsshake256fsimple,pqc,pqc-hybrid,off,18,2,63.314444,0.081112,63.276973,63.351916,0 - default
frodo976aes,sphincsshake256ssimple,pqc,pqc,off,19,1,488.546842,0.202239,488.455904,488.637780,0 - default
frodo976aes,p521_sphincsshake256ssimple,pqc,pqc-hybrid,off,19,1,492.868947,0.248728,492.757106,492.980789,0 - default
frodo976aes,ED25519,pqc,classic,off,18,2,4.407778,0.046597,4.386251,4.429304,0 - default
frodo976aes,ED448,pqc,classic,off,19,1,4.701053,0.080477,4.664866,4.737240,0 - default
p384_frodo976aes,MLDSA44,pqc-hybrid,pqc,off,19,1,11.852632,0.184687,11.769586,11.935677,0 - default
p384_frodo976aes,MLDSA65,pqc-hybrid,pqc,off,17,3,12.133529,0.330283,11.976523,12.290536,0 - default
p384_frodo976aes,MLDSA87,pqc-hybrid,pqc,off,17,3,12.343529,0.287901,12.206670,12.480389,0 - default
p384_frodo976aes,p256_mldsa44,pqc-hybrid,pqc-hybrid,off,18,2,12.307222,0.107145,12.257724,12.356721,0 - default
p384_frodo976aes,rsa3072_mldsa44,pqc-hybrid,pqc-hybrid,off,19,1,13.873158,0.086990,13.834042,13.912273,0 - default
p384_frodo976aes,p384_mldsa65,pqc-hybrid,pqc-hybrid,off,19,1,13.456316,0.079037,13.420777,13.491855,0 - default
p384_frodo976aes,p521_mldsa87,pqc-hybrid,pqc-hybrid,off,19,1,15.589474,0.128991,15.531472,15.647475,0 - default
p384_frodo976aes,falcon512,pqc-hybrid,pqc,off,19,1,12.046316,0.107508,11.997974,12.094657,0 - default
p384_frodo976aes,falcon1024,pqc-hybrid,pqc,off,18,2,12.329444,0.083980,12.290648,12.368241,0 - default
p384_frodo976aes,p256_falcon512,pqc-hybrid,pqc-hybrid,off,18,2,12.290556,0.064029,12.260976,12.320135,0 - default
p384_frodo976aes,rsa3072_falcon512,pqc-hybrid,pqc-hybrid,off,18,2,14.141667,0.187938,14.054844,14.228489,0 - default
p384_frodo976aes,falconpadded512,pqc-hybrid,pqc,off,19,1,12.004737,0.074264,11.971343,12.038130,0 - default
p384_frodo976aes,p256_falconpadded512,pqc-hybrid,pqc-hybrid,off,17,3,12.281765,0.047728,12.259076,12.304453,0 - default
p384_frodo976aes,rsa3072_falconpadded512,pqc-hybrid,pqc-hybrid,off,18,2,14.021667,0.063362,13.992395,14.050938,0 - default
p384_frodo976aes,p521_falcon1024,pqc-hybrid,pqc-hybrid,off,19,1,15.815789,0.207078,15.722676,15.908903,0 - default
p384_frodo976aes,falconpadded1024,pqc-hybrid,pqc,off,19,1,12.217368,0.083921,12.179633,12.255104,0 - default
p384_frodo976aes,p521_falconpadded1024,pqc-hybrid,pqc-hybrid,off,19,1,15.868421,0.142254,15.804456,15.932386,0 - default
p384_frodo976aes,sphincssha2128fsimple,pqc-hybrid,pqc,off,19,1,19.551579,0.085782,19.513007,19.590151,0 - default
p384_frodo976aes,p256_sphincssha2128fsimple,pqc-hybrid,pqc-hybrid,off,18,2,19.913889,0.093314,19.870780,19.956998,0 - default
p384_frodo976aes,rsa3072_sphincssha2128fsimple,pqc-hybrid,pqc-hybrid,off,19,1,21.789474,0.134845,21.728840,21.850107,0 - default
p384_frodo976aes,sphincssha2128ssimple,pqc-hybrid,pqc,off,19,1,158.610526,0.151455,158.542424,158.678629,0 - default
p384_frodo976aes,p256_sphincssha2128ssimple,pqc-hybrid,pqc-hybrid,off,19,1,159.067895,0.260887,158.950586,159.185204,0 - default
p384_frodo976aes,rsa3072_sphincssha2128ssimple,pqc-hybrid,pqc-hybrid,off,19,1,160.748421,0.217160,160.650774,160.846068,0 - default
p384_frodo976aes,sphincssha2192fsimple,pqc-hybrid,pqc,off,19,1,24.906842,0.120280,24.852758,24.960927,0 - default
p384_frodo976aes,p384_sphincssha2192fsimple,pqc-hybrid,pqc-hybrid,off,19,1,26.907368,0.092367,26.865835,26.948901,0 - default
p384_frodo976aes,sphincssha2192ssimple,pqc-hybrid,pqc,off,19,1,276.663684,0.146902,276.597629,276.729739,0 - default
p384_frodo976aes,p384_sphincssha2192ssimple,pqc-hybrid,pqc-hybrid,off,20,0,278.348500,0.230338,278.247550,278.449450,0 - default
p384_frodo976aes,sphincssha2256fsimple,pqc-hybrid,pqc,off,19,1,37.806842,0.133876,37.746644,37.867040,0 - default
p384_frodo976aes,p521_sphincssha2256fsimple,pqc-hybrid,pqc-hybrid,off,18,2,41.159444,0.094711,41.115690,41.203199,0 - default
p384_frodo976aes,sphincssha2256ssimple,pqc-hybrid,pqc,off,19,1,252.126842,0.089570,252.086566,252.167118,0 - default
p384_frodo976aes,p521_sphincssha2256ssimple,pqc-hybrid,pqc-hybrid,off,18,2,255.759444,0.116188,255.705768,255.813121,0 - default
p384_frodo976aes,sphincsshake128fsimple,pqc-hybrid,pqc,off,17,3,28.240000,0.100809,28.192078,28.287922,0 - default
p384_frodo976aes,p256_sphincsshake128fsimple,pqc-hybrid,pqc-hybrid,off,20,0,28.674000,0.204023,28.584583,28.763417,0 - default
p384_frodo976aes,rsa3072_sphincsshake128fsimple,pqc-hybrid,pqc-hybrid,off,19,1,30.425789,0.084480,30.387803,30.463776,0 - default
p384_frodo976aes,sphincsshake128ssimple,pqc-hybrid,pqc,off,18,2,327.420000,0.209734,327.323108,327.516892,0 - default
p384_frodo976aes,p256_sphincsshake128ssimple,pqc-hybrid,pqc-hybrid,off,20,0,328.015000,0.290091,327.887862,328.142138,0 - default
p384_frodo976aes,rsa3072_sphincsshake128ssimple,pqc-hybrid,pqc-hybrid,off,18,2,329.598889,0.219435,329.497515,329.700263,0 - default
p384_frodo976aes,sphincsshake192fsimple,pqc-hybrid,pqc,off,19,1,38.418421,0.119036,38.364896,38.471946,0 - default
p384_frodo976aes,p384_sphincsshake192fsimple,pqc-hybrid,pqc-hybrid,off,18,2,40.016667,0.074518,39.982241,40.051092,0 - default
p384_frodo976aes,sphincsshake192ssimple,pqc-hybrid,pqc,off,17,3,578.738235,0.170266,578.657296,578.819175,0 - default
p384_frodo976aes,p384_sphincsshake192ssimple,pqc-hybrid,pqc-hybrid,off,20,0,581.034500,0.506718,580.812421,581.256579,0 - default
p384_frodo976aes,sphincsshake256fsimple,pqc-hybrid,pqc,off,18,2,66.157778,0.167913,66.080206,66.235350,0 - default
p384_frodo976aes,p521_sphincsshake256fsimple,pqc-hybrid,pqc-hybrid,off,19,1,69.669474,0.177058,69.589858,69.749089,0 - default
p384_frodo976aes,sphincsshake256ssimple,pqc-hybrid,pqc,off,18,2,495.491111,0.291787,495.356312,495.625910,0 - default
p384_frodo976aes,p521_sphincsshake256ssimple,pqc-hybrid,pqc-hybrid,off,20,0,499.263500,0.225488,499.164675,499.362325,0 - default
p384_frodo976aes,ED25519,pqc-hybrid,classic,off,18,2,11.367222,0.061530,11.338797,11.395648,0 - default
p384_frodo976aes,ED448,pqc-hybrid,classic,off,17,3,11.652353,0.037505,11.634524,11.670182,0 - default
x448_frodo976aes,MLDSA44,pqc-hybrid,pqc,off,19,1,6.088421,0.371966,5.921165,6.255677,0 - default
x448_frodo976aes,MLDSA65,pqc-hybrid,pqc,off,18,2,6.352778,0.268784,6.228606,6.476950,0 - default
x448_frodo976aes,MLDSA87,pqc-hybrid,pqc,off,19,1,6.628947,0.428043,6.436476,6.821419,0 - default
x448_frodo976aes,p256_mldsa44,pqc-hybrid,pqc-hybrid,off,16,4,6.555625,0.049121,6.531555,6.579695,0 - default
x448_frodo976aes,rsa3072_mldsa44,pqc-hybrid,pqc-hybrid,off,16,4,8.298750,0.062383,8.268182,8.329318,0 - default
x448_frodo976aes,p384_mldsa65,pqc-hybrid,pqc-hybrid,off,17,3,7.860000,0.059791,7.831577,7.888423,0 - default
x448_frodo976aes,p521_mldsa87,pqc-hybrid,pqc-hybrid,off,19,1,9.965263,0.141279,9.901737,10.028790,0 - default
x448_frodo976aes,falcon512,pqc-hybrid,pqc,off,18,2,6.226111,0.066345,6.195461,6.256761,0 - default
x448_frodo976aes,falcon1024,pqc-hybrid,pqc,off,19,1,6.486316,0.080568,6.450088,6.522544,0 - default
x448_frodo976aes,p256_falcon512,pqc-hybrid,pqc-hybrid,off,19,1,6.746842,0.061739,6.719081,6.774603,0 - default
x448_frodo976aes,rsa3072_falcon512,pqc-hybrid,pqc-hybrid,off,17,3,8.200588,0.091479,8.157102,8.244075,0 - default
x448_frodo976aes,falconpadded512,pqc-hybrid,pqc,off,19,1,6.258421,0.059092,6.231850,6.284992,0 - default
x448_frodo976aes,p256_falconpadded512,pqc-hybrid,pqc-hybrid,off,17,3,6.736471,0.043866,6.715618,6.757323,0 - default
x448_frodo976aes,rsa3072_falconpadded512,pqc-hybrid,pqc-hybrid,off,19,1,8.344211,0.135578,8.283247,8.405174,0 - default
x448_frodo976aes,p521_falcon1024,pqc-hybrid,pqc-hybrid,off,19,1,10.242632,0.084908,10.204452,10.280811,0 - default
x448_frodo976aes,falconpadded1024,pqc-hybrid,pqc,off,19,1,6.441579,0.055203,6.416757,6.466401,0 - default
x448_frodo976aes,p521_falconpadded1024,pqc-hybrid,pqc-hybrid,off,18,2,10.141111,0.076381,10.105825,10.176397,0 - default
x448_frodo976aes,sphincssha2128fsimple,pqc-hybrid,pqc,off,17,3,13.782353,0.028838,13.768644,13.796062,0 - default
x448_frodo976aes,p256_sphincssha2128fsimple,pqc-hybrid,pqc-hybrid,off,19,1,14.184211,0.101342,14.138642,14.229779,0 - default
x448_frodo976aes,rsa3072_sphincssha2128fsimple,pqc-hybrid,pqc-hybrid,off,18,2,15.986667,0.066598,15.955900,16.017433,0 - default
x448_frodo976aes,sphincssha2128ssimple,pqc-hybrid,pqc,off,16,4,152.838125,0.113385,152.782566,152.893684,0 - default
x448_frodo976aes,p256_sphincssha2128ssimple,pqc-hybrid,pqc-hybrid,off,15,5,153.402667,0.075068,153.364677,153.440656,0 - default
x448_frodo976aes,rsa3072_sphincssha2128ssimple,pqc-hybrid,pqc-hybrid,off,19,1,154.977368,0.096081,154.934165,155.020572,0 - default
x448_frodo976aes,sphincssha2192fsimple,pqc-hybrid,pqc,off,19,1,19.310526,0.098853,19.266077,19.354976,0 - default
x448_frodo976aes,p384_sphincssha2192fsimple,pqc-hybrid,pqc-hybrid,off,19,1,21.163158,0.142480,21.099091,21.227225,0 - default
x448_frodo976aes,sphincssha2192ssimple,pqc-hybrid,pqc,off,19,1,270.812632,0.229416,270.709474,270.915789,0 - default
x448_frodo976aes,p384_sphincssha2192ssimple,pqc-hybrid,pqc-hybrid,off,20,0,272.576500,0.217964,272.480973,272.672027,0 - default
x448_frodo976aes,sphincssha2256fsimple,pqc-hybrid,pqc,off,17,3,31.952941,0.076220,31.916708,31.989174,0 - default
x448_frodo976aes,p521_sphincssha2256fsimple,pqc-hybrid,pqc-hybrid,off,18,2,35.575556,0.102281,35.528304,35.622807,0 - default
x448_frodo976aes,sphincssha2256ssimple,pqc-hybrid,pqc,off,19,1,246.665789,0.153996,246.596545,246.735034,0 - default
x448_frodo976aes,p521_sphincssha2256ssimple,pqc-hybrid,pqc-hybrid,off,18,2,250.526667,0.139199,250.462360,250.590974,0 - default
x448_frodo976aes,sphincsshake128fsimple,pqc-hybrid,pqc,off,19,1,22.498947,0.088562,22.459125,22.538770,0 - default
x448_frodo976aes,p256_sphincsshake128fsimple,pqc-hybrid,pqc-hybrid,off,19,1,22.926316,0.111266,22.876285,22.976347,0 - default
x448_frodo976aes,rsa3072_sphincsshake128fsimple,pqc-hybrid,pqc-hybrid,off,17,3,24.625882,0.074335,24.590546,24.661219,0 - default
x448_frodo976aes,sphincsshake128ssimple,pqc-hybrid,pqc,off,17,3,321.858235,0.265571,321.731991,321.984480,0 - default
x448_frodo976aes,p256_sphincsshake128ssimple,pqc-hybrid,pqc-hybrid,off,19,1,322.113158,0.158782,322.041761,322.184555,0 - default
x448_frodo976aes,rsa3072_sphincsshake128ssimple,pqc-hybrid,pqc-hybrid,off,19,1,324.089474,0.232247,323.985043,324.193905,0 - default
x448_frodo976aes,sphincsshake192fsimple,pqc-hybrid,pqc,off,19,1,32.710000,0.099275,32.665360,32.754640,0 - default
x448_frodo976aes,p384_sphincsshake192fsimple,pqc-hybrid,pqc-hybrid,off,18,2,34.508333,0.088932,34.467249,34.549418,0 - default
x448_frodo976aes,sphincsshake192ssimple,pqc-hybrid,pqc,off,20,0,573.456000,0.427765,573.268524,573.643476,0 - default
x448_frodo976aes,p384_sphincsshake192ssimple,pqc-hybrid,pqc-hybrid,off,18,2,574.416667,0.179869,574.333571,574.499762,0 - default
x448_frodo976aes,sphincsshake256fsimple,pqc-hybrid,pqc,off,17,3,60.289412,0.094437,60.244519,60.334304,0 - default
x448_frodo976aes,p521_sphincsshake256fsimple,pqc-hybrid,pqc-hybrid,off,19,1,63.960000,0.155492,63.890082,64.029918,0 - default
x448_frodo976aes,sphincsshake256ssimple,pqc-hybrid,pqc,off,19,1,489.707895,0.280665,489.581692,489.834097,0 - default
x448_frodo976aes,p521_sphincsshake256ssimple,pqc-hybrid,pqc-hybrid,off,17,3,493.230588,0.121577,493.172794,493.288382,0 - default
x448_frodo976aes,ED25519,pqc-hybrid,classic,off,18,2,5.402222,0.137351,5.338769,5.465675,0 - default
x448_frodo976aes,ED448,pqc-hybrid,classic,off,19,1,5.768421,0.120751,5.714125,5.822717,0 - default
frodo976shake,MLDSA44,pqc,pqc,off,19,1,9.305263,0.245003,9.195097,9.415430,0 - default
frodo976shake,MLDSA65,pqc,pqc,off,19,1,9.758947,0.426066,9.567365,9.950530,0 - default
frodo976shake,MLDSA87,pqc,pqc,off,20,0,10.045500,0.459570,9.844084,10.246916,0 - default
frodo976shake,p256_mldsa44,pqc,pqc-hybrid,off,18,2,10.220556,0.046963,10.198860,10.242252,0 - default
frodo976shake,rsa3072_mldsa44,pqc,pqc-hybrid,off,17,3,11.958824,0.070877,11.925131,11.992516,0 - default
frodo976shake,p384_mldsa65,pqc,pqc-hybrid,off,18,2,11.713333,0.101692,11.666354,11.760312,0 - default
frodo976shake,p521_mldsa87,pqc,pqc-hybrid,off,18,2,13.715556,0.107003,13.666123,13.764988,0 - default
frodo976shake,falcon512,pqc,pqc,off,19,1,9.452105,0.077214,9.417386,9.486825,0 - default
frodo976shake,falcon1024,pqc,pqc,off,20,0,9.758000,0.110244,9.709684,9.806316,0 - default
frodo976shake,p256_falcon512,pqc,pqc-hybrid,off,19,1,10.391053,0.062441,10.362976,10.419129,0 - default
frodo976shake,rsa3072_falcon512,pqc,pqc-hybrid,off,18,2,12.043333,0.071866,12.010133,12.076534,0 - default
frodo976shake,falconpadded512,pqc,pqc,off,18,2,9.455000,0.060318,9.427135,9.482865,0 - default
frodo976shake,p256_falconpadded512,pqc,pqc-hybrid,off,19,1,10.423684,0.088645,10.383825,10.463544,0 - default
frodo976shake,rsa3072_falconpadded512,pqc,pqc-hybrid,off,19,1,12.075789,0.078550,12.040469,12.111110,0 - default
frodo976shake,p521_falcon1024,pqc,pqc-hybrid,off,19,1,13.930526,0.058640,13.904159,13.956894,0 - default
frodo976shake,falconpadded1024,pqc,pqc,off,20,0,9.761000,0.138560,9.700273,9.821727,0 - default
frodo976shake,p521_falconpadded1024,pqc,pqc-hybrid,off,18,2,13.911667,0.061285,13.883354,13.939979,0 - default
frodo976shake,sphincssha2128fsimple,pqc,pqc,off,19,1,17.041053,0.074825,17.007407,17.074698,0 - default
frodo976shake,p256_sphincssha2128fsimple,pqc,pqc-hybrid,off,18,2,17.933333,0.053137,17.908785,17.957881,0 - default
frodo976shake,rsa3072_sphincssha2128fsimple,pqc,pqc-hybrid,off,19,1,19.607368,0.122286,19.552382,19.662355,0 - default
frodo976shake,sphincssha2128ssimple,pqc,pqc,off,19,1,156.329474,0.219835,156.230624,156.428324,0 - default
frodo976shake,p256_sphincssha2128ssimple,pqc,pqc-hybrid,off,18,2,156.839444,0.141524,156.774064,156.904825,0 - default
frodo976shake,rsa3072_sphincssha2128ssimple,pqc,pqc-hybrid,off,19,1,158.464737,0.161258,158.392226,158.537247,0 - default
frodo976shake,sphincssha2192fsimple,pqc,pqc,off,19,1,22.546316,0.155249,22.476507,22.616124,0 - default
frodo976shake,p384_sphincssha2192fsimple,pqc,pqc-hybrid,off,18,2,24.583889,0.079123,24.547336,24.620442,0 - default
frodo976shake,sphincssha2192ssimple,pqc,pqc,off,20,0,273.965500,0.239879,273.860368,274.070632,0 - default
frodo976shake,p384_sphincssha2192ssimple,pqc,pqc-hybrid,off,20,0,276.363000,0.148434,276.297946,276.428054,0 - default
frodo976shake,sphincssha2256fsimple,pqc,pqc,off,18,2,35.233333,0.070794,35.200628,35.266038,0 - default
frodo976shake,p521_sphincssha2256fsimple,pqc,pqc-hybrid,off,18,2,39.428333,0.137936,39.364610,39.492057,0 - default
frodo976shake,sphincssha2256ssimple,pqc,pqc,off,19,1,249.777895,0.133939,249.717668,249.838121,0 - default
frodo976shake,p521_sphincssha2256ssimple,pqc,pqc-hybrid,off,18,2,253.876111,0.304730,253.735333,254.016889,0 - default
frodo976shake,sphincsshake128fsimple,pqc,pqc,off,19,1,25.720000,0.113088,25.669149,25.770851,0 - default
frodo976shake,p256_sphincsshake128fsimple,pqc,pqc-hybrid,off,19,1,26.613158,0.078248,26.577973,26.648343,0 - default
frodo976shake,rsa3072_sphincsshake128fsimple,pqc,pqc-hybrid,off,19,1,28.283158,0.122341,28.228147,28.338169,0 - default
frodo976shake,sphincsshake128ssimple,pqc,pqc,off,19,1,324.978947,0.187258,324.894746,325.063149,0 - default
frodo976shake,p256_sphincsshake128ssimple,pqc,pqc-hybrid,off,20,0,325.792500,0.235727,325.689188,325.895812,0 - default
frodo976shake,rsa3072_sphincsshake128ssimple,pqc,pqc-hybrid,off,18,2,327.686667,0.300627,327.547784,327.825549,0 - default
frodo976shake,sphincsshake192fsimple,pqc,pqc,off,20,0,35.933500,0.150413,35.867579,35.999421,0 - default
frodo976shake,p384_sphincsshake192fsimple,pqc,pqc-hybrid,off,18,2,38.115556,0.129125,38.055903,38.175208,0 - default
frodo976shake,sphincsshake192ssimple,pqc,pqc,off,19,1,576.878421,0.338399,576.726258,577.030584,0 - default
frodo976shake,p384_sphincsshake192ssimple,pqc,pqc-hybrid,off,17,3,578.652941,0.263457,578.527702,578.778181,0 - default
frodo976shake,sphincsshake256fsimple,pqc,pqc,off,18,2,63.460000,0.099941,63.413830,63.506170,0 - default
frodo976shake,p521_sphincsshake256fsimple,pqc,pqc-hybrid,off,20,0,67.814000,0.251927,67.703588,67.924412,0 - default
frodo976shake,sphincsshake256ssimple,pqc,pqc,off,20,0,492.865500,0.294001,492.736648,492.994352,0 - default
frodo976shake,p521_sphincsshake256ssimple,pqc,pqc-hybrid,off,20,0,496.764500,0.272039,496.645274,496.883726,0 - default
frodo976shake,ED25519,pqc,classic,off,20,0,8.699500,0.165354,8.627031,8.771969,0 - default
frodo976shake,ED448,pqc,classic,off,19,1,9.074737,0.105744,9.027188,9.122285,0 - default
p384_frodo976shake,MLDSA44,pqc-hybrid,pqc,off,19,1,16.300526,0.472399,16.088110,16.512943,0 - default
p384_frodo976shake,MLDSA65,pqc-hybrid,pqc,off,19,1,16.795263,0.531480,16.556281,17.034246,0 - default
p384_frodo976shake,MLDSA87,pqc-hybrid,pqc,off,20,0,17.188500,0.900504,16.793837,17.583163,0 - default
p384_frodo976shake,p256_mldsa44,pqc-hybrid,pqc-hybrid,off,19,1,16.535789,0.115869,16.483688,16.587891,0 - default
p384_frodo976shake,rsa3072_mldsa44,pqc-hybrid,pqc-hybrid,off,18,2,18.358889,0.078881,18.322448,18.395330,0 - default
p384_frodo976shake,p384_mldsa65,pqc-hybrid,pqc-hybrid,off,19,1,17.916842,0.131785,17.857584,17.976100,0 - default
p384_frodo976shake,p521_mldsa87,pqc-hybrid,pqc-hybrid,off,19,1,19.875789,0.078903,19.840310,19.911269,0 - default
p384_frodo976shake,falcon512,pqc-hybrid,pqc,off,19,1,16.316316,0.099231,16.271696,16.360935,0 - default
p384_frodo976shake,falcon1024,pqc-hybrid,pqc,off,19,1,16.553158,0.127717,16.495729,16.610587,0 - default
p384_frodo976shake,p256_falcon512,pqc-hybrid,pqc-hybrid,off,19,1,16.547368,0.108415,16.498619,16.596118,0 - default
p384_frodo976shake,rsa3072_falcon512,pqc-hybrid,pqc-hybrid,off,17,3,18.417059,0.078880,18.379562,18.454556,0 - default
p384_frodo976shake,falconpadded512,pqc-hybrid,pqc,off,16,4,16.320625,0.086137,16.278418,16.362832,0 - default
p384_frodo976shake,p256_falconpadded512,pqc-hybrid,pqc-hybrid,off,19,1,16.637368,0.101371,16.591787,16.682950,0 - default
p384_frodo976shake,rsa3072_falconpadded512,pqc-hybrid,pqc-hybrid,off,18,2,18.465556,0.072859,18.431896,18.499215,0 - default
p384_frodo976shake,p521_falcon1024,pqc-hybrid,pqc-hybrid,off,19,1,20.302632,0.146850,20.236600,20.368663,0 - default
p384_frodo976shake,falconpadded1024,pqc-hybrid,pqc,off,18,2,16.627778,0.140610,16.562819,16.692736,0 - default
p384_frodo976shake,p521_falconpadded1024,pqc-hybrid,pqc-hybrid,off,18,2,20.172778,0.087569,20.132323,20.213233,0 - default
p384_frodo976shake,sphincssha2128fsimple,pqc-hybrid,pqc,off,19,1,23.807368,0.062168,23.779414,23.835323,0 - default
p384_frodo976shake,p256_sphincssha2128fsimple,pqc-hybrid,pqc-hybrid,off,19,1,24.137368,0.108056,24.088781,24.185956,0 - default
p384_frodo976shake,rsa3072_sphincssha2128fsimple,pqc-hybrid,pqc-hybrid,off,15,5,25.815333,0.044860,25.792631,25.838035,0 - default
p384_frodo976shake,sphincssha2128ssimple,pqc-hybrid,pqc,off,19,1,162.734211,0.220991,162.634841,162.833580,0 - default
p384_frodo976shake,p256_sphincssha2128ssimple,pqc-hybrid,pqc-hybrid,off,18,2,163.078333,0.196775,162.987428,163.169239,0 - default
p384_frodo976shake,rsa3072_sphincssha2128ssimple,pqc-hybrid,pqc-hybrid,off,18,2,164.855000,0.132365,164.793850,164.916150,0 - default
p384_frodo976shake,sphincssha2192fsimple,pqc-hybrid,pqc,off,19,1,29.283158,0.098998,29.238643,29.327673,0 - default
p384_frodo976shake,p384_sphincssha2192fsimple,pqc-hybrid,pqc-hybrid,off,19,1,30.908421,0.112757,30.857720,30.959123,0 - default
p384_frodo976shake,sphincssha2192ssimple,pqc-hybrid,pqc,off,17,3,280.603529,0.133461,280.540086,280.666973,0 - default
p384_frodo976shake,p384_sphincssha2192ssimple,pqc-hybrid,pqc-hybrid,off,19,1,282.657895,0.185160,282.574637,282.741153,0 - default
p384_frodo976shake,sphincssha2256fsimple,pqc-hybrid,pqc,off,19,1,41.831053,0.078237,41.795873,41.866232,0 - default
p384_frodo976shake,p521_sphincssha2256fsimple,pqc-hybrid,pqc-hybrid,off,19,1,45.564211,0.190272,45.478654,45.649767,0 - default
p384_frodo976shake,sphincssha2256ssimple,pqc-hybrid,pqc,off,17,3,256.561765,0.110862,256.509064,256.614465,0 - default
p384_frodo976shake,p521_sphincssha2256ssimple,pqc-hybrid,pqc-hybrid,off,19,1,260.113158,0.225414,260.011799,260.214517,0 - default
p384_frodo976shake,sphincsshake128fsimple,pqc-hybrid,pqc,off,17,3,32.492353,0.087859,32.450588,32.534118,0 - default
p384_frodo976shake,p256_sphincsshake128fsimple,pqc-hybrid,pqc-hybrid,off,17,3,32.738824,0.066416,32.707252,32.770395,0 - default
p384_frodo976shake,rsa3072_sphincsshake128fsimple,pqc-hybrid,pqc-hybrid,off,17,3,34.692941,0.083049,34.653462,34.732420,0 - default
p384_frodo976shake,sphincsshake128ssimple,pqc-hybrid,pqc,off,19,1,331.830526,0.239060,331.723032,331.938021,0 - default
p384_frodo976shake,p256_sphincsshake128ssimple,pqc-hybrid,pqc-hybrid,off,20,0,332.068000,0.255849,331.955869,332.180131,0 - default
p384_frodo976shake,rsa3072_sphincsshake128ssimple,pqc-hybrid,pqc-hybrid,off,19,1,333.655263,0.155826,333.585195,333.725331,0 - default
p384_frodo976shake,sphincsshake192fsimple,pqc-hybrid,pqc,off,19,1,42.783684,0.207290,42.690475,42.876893,0 - default
p384_frodo976shake,p384_sphincsshake192fsimple,pqc-hybrid,pqc-hybrid,off,19,1,44.282105,0.076636,44.247645,44.316565,0 - default
p384_frodo976shake,sphincsshake192ssimple,pqc-hybrid,pqc,off,19,1,582.826316,0.177395,582.746549,582.906082,0 - default
p384_frodo976shake,p384_sphincsshake192ssimple,pqc-hybrid,pqc-hybrid,off,20,0,584.685000,0.326537,584.541889,584.828111,0 - default
p384_frodo976shake,sphincsshake256fsimple,pqc-hybrid,pqc,off,18,2,70.208333,0.104951,70.159848,70.256818,0 - default
p384_frodo976shake,p521_sphincsshake256fsimple,pqc-hybrid,pqc-hybrid,off,16,4,73.719375,0.075319,73.682469,73.756281,0 - default
p384_frodo976shake,sphincsshake256ssimple,pqc-hybrid,pqc,off,18,2,499.381667,0.286505,499.249308,499.514025,0 - default
p384_frodo976shake,p521_sphincsshake256ssimple,pqc-hybrid,pqc-hybrid,off,20,0,503.274500,0.333143,503.128494,503.420506,0 - default
p384_frodo976shake,ED25519,pqc-hybrid,classic,off,18,2,15.473333,0.125604,15.415307,15.531360,0 - default
p384_frodo976shake,ED448,pqc-hybrid,classic,off,18,2,15.798889,0.079771,15.762037,15.835741,0 - default
x448_frodo976shake,MLDSA44,pqc-hybrid,pqc,off,19,1,10.239474,0.314032,10.098267,10.380680,0 - default
x448_frodo976shake,MLDSA65,pqc-hybrid,pqc,off,20,0,10.740500,0.501907,10.520530,10.960470,0 - default
x448_frodo976shake,MLDSA87,pqc-hybrid,pqc,off,20,0,10.945500,0.634694,10.667333,11.223667,0 - default
x448_frodo976shake,p256_mldsa44,pqc-hybrid,pqc-hybrid,off,19,1,10.693684,0.108945,10.644697,10.742672,0 - default
x448_frodo976shake,rsa3072_mldsa44,pqc-hybrid,pqc-hybrid,off,18,2,12.427222,0.067371,12.396098,12.458346,0 - default
x448_frodo976shake,p384_mldsa65,pqc-hybrid,pqc-hybrid,off,18,2,12.276111,0.085964,12.236398,12.315825,0 - default
x448_frodo976shake,p521_mldsa87,pqc-hybrid,pqc-hybrid,off,19,1,14.215263,0.110271,14.165679,14.264847,0 - default
x448_frodo976shake,falcon512,pqc-hybrid,pqc,off,19,1,10.327895,0.052130,10.304454,10.351335,0 - default
x448_frodo976shake,falcon1024,pqc-hybrid,pqc,off,18,2,10.689444,0.078401,10.653225,10.725664,0 - default
x448_frodo976shake,p256_falcon512,pqc-hybrid,pqc-hybrid,off,18,2,10.872778,0.080645,10.835522,10.910034,0 - default
x448_frodo976shake,rsa3072_falcon512,pqc-hybrid,pqc-hybrid,off,19,1,12.471053,0.061273,12.443501,12.498604,0 - default
x448_frodo976shake,falconpadded512,pqc-hybrid,pqc,off,19,1,10.403158,0.083203,10.365745,10.440571,0 - default
x448_frodo976shake,p256_falconpadded512,pqc-hybrid,pqc-hybrid,off,19,1,10.902105,0.067871,10.871587,10.932624,0 - default
x448_frodo976shake,rsa3072_falconpadded512,pqc-hybrid,pqc-hybrid,off,19,1,12.466842,0.046554,12.445909,12.487775,0 - default
x448_frodo976shake,p521_falcon1024,pqc-hybrid,pqc-hybrid,off,19,1,14.351579,0.058144,14.325434,14.377724,0 - default
x448_frodo976shake,falconpadded1024,pqc-hybrid,pqc,off,18,2,10.708333,0.073264,10.674487,10.742180,0 - default
x448_frodo976shake,p521_falconpadded1024,pqc-hybrid,pqc-hybrid,off,19,1,14.357368,0.057042,14.331719,14.383018,0 - default
x448_frodo976shake,sphincssha2128fsimple,pqc-hybrid,pqc,off,19,1,17.914211,0.098675,17.869841,17.958580,0 - default
x448_frodo976shake,p256_sphincssha2128fsimple,pqc-hybrid,pqc-hybrid,off,19,1,18.349474,0.116737,18.296982,18.401965,0 - default
x448_frodo976shake,rsa3072_sphincssha2128fsimple,pqc-hybrid,pqc-hybrid,off,18,2,20.097222,0.034778,20.081156,20.113289,0 - default
x448_frodo976shake,sphincssha2128ssimple,pqc-hybrid,pqc,off,19,1,156.839474,0.130447,156.780818,156.898130,0 - default
x448_frodo976shake,p256_sphincssha2128ssimple,pqc-hybrid,pqc-hybrid,off,16,4,157.266250,0.092583,157.220884,157.311616,0 - default
x448_frodo976shake,rsa3072_sphincssha2128ssimple,pqc-hybrid,pqc-hybrid,off,19,1,158.808947,0.100603,158.763711,158.854184,0 - default
x448_frodo976shake,sphincssha2192fsimple,pqc-hybrid,pqc,off,19,1,23.328947,0.071871,23.296630,23.361265,0 - default
x448_frodo976shake,p384_sphincssha2192fsimple,pqc-hybrid,pqc-hybrid,off,19,1,25.085263,0.063715,25.056613,25.113913,0 - default
x448_frodo976shake,sphincssha2192ssimple,pqc-hybrid,pqc,off,19,1,274.784737,0.129588,274.726467,274.843007,0 - default
x448_frodo976shake,p384_sphincssha2192ssimple,pqc-hybrid,pqc-hybrid,off,19,1,276.616316,0.218103,276.518245,276.714387,0 - default
x448_frodo976shake,sphincssha2256fsimple,pqc-hybrid,pqc,off,15,5,35.966000,0.029952,35.950842,35.981158,0 - default
x448_frodo976shake,p521_sphincssha2256fsimple,pqc-hybrid,pqc-hybrid,off,19,1,39.737895,0.070125,39.706363,39.769427,0 - default
x448_frodo976shake,sphincssha2256ssimple,pqc-hybrid,pqc,off,18,2,250.324444,0.091022,250.282395,250.366494,0 - default
x448_frodo976shake,p521_sphincssha2256ssimple,pqc-hybrid,pqc-hybrid,off,19,1,254.140526,0.113699,254.089401,254.191652,0 - default
x448_frodo976shake,sphincsshake128fsimple,pqc-hybrid,pqc,off,19,1,26.565263,0.085982,26.526601,26.603926,0 - default
x448_frodo976shake,p256_sphincsshake128fsimple,pqc-hybrid,pqc-hybrid,off,19,1,27.125789,0.095412,27.082887,27.168692,0 - default
x448_frodo976shake,rsa3072_sphincsshake128fsimple,pqc-hybrid,pqc-hybrid,off,19,1,28.735789,0.054193,28.711421,28.760157,0 - default
x448_frodo976shake,sphincsshake128ssimple,pqc-hybrid,pqc,off,19,1,325.588421,0.126678,325.531460,325.645383,0 - default
x448_frodo976shake,p256_sphincsshake128ssimple,pqc-hybrid,pqc-hybrid,off,20,0,326.157500,0.200706,326.069537,326.245463,0 - default
x448_frodo976shake,rsa3072_sphincsshake128ssimple,pqc-hybrid,pqc-hybrid,off,19,1,327.992105,0.105650,327.944599,328.039611,0 - default
x448_frodo976shake,sphincsshake192fsimple,pqc-hybrid,pqc,off,19,1,36.755263,0.076693,36.720778,36.789749,0 - default
x448_frodo976shake,p384_sphincsshake192fsimple,pqc-hybrid,pqc-hybrid,off,19,1,38.590526,0.072913,38.557740,38.623312,0 - default
x448_frodo976shake,sphincsshake192ssimple,pqc-hybrid,pqc,off,19,1,576.808421,0.171116,576.731478,576.885364,0 - default
x448_frodo976shake,p384_sphincsshake192ssimple,pqc-hybrid,pqc-hybrid,off,19,1,578.564737,0.305239,578.427485,578.701989,0 - default
x448_frodo976shake,sphincsshake256fsimple,pqc-hybrid,pqc,off,19,1,64.201053,0.059805,64.174161,64.227944,0 - default
x448_frodo976shake,p521_sphincsshake256fsimple,pqc-hybrid,pqc-hybrid,off,17,3,67.984706,0.057784,67.957237,68.012175,0 - default
x448_frodo976shake,sphincsshake256ssimple,pqc-hybrid,pqc,off,17,3,493.178235,0.071435,493.144277,493.212193,0 - default
x448_frodo976shake,p521_sphincsshake256ssimple,pqc-hybrid,pqc-hybrid,off,18,2,497.001667,0.110360,496.950683,497.052651,0 - default
x448_frodo976shake,ED25519,pqc-hybrid,classic,off,19,1,9.656842,0.055182,9.632029,9.681655,0 - default
x448_frodo976shake,ED448,pqc-hybrid,classic,off,19,1,9.922632,0.065899,9.893000,9.952263,0 - default
frodo1344aes,MLDSA44,pqc,pqc,off,18,2,6.470556,0.257624,6.351539,6.589572,0 - default
frodo1344aes,MLDSA65,pqc,pqc,off,20,0,7.012000,0.542495,6.774241,7.249759,0 - default
frodo1344aes,MLDSA87,pqc,pqc,off,20,0,7.170500,0.524098,6.940804,7.400196,0 - default
frodo1344aes,p256_mldsa44,pqc,pqc-hybrid,off,18,2,7.462222,0.070840,7.429496,7.494949,0 - default
frodo1344aes,rsa3072_mldsa44,pqc,pqc-hybrid,off,19,1,9.055263,0.106634,9.007315,9.103212,0 - default
frodo1344aes,p384_mldsa65,pqc,pqc-hybrid,off,18,2,8.775556,0.092750,8.732707,8.818404,0 - default
frodo1344aes,p521_mldsa87,pqc,pqc-hybrid,off,18,2,10.875556,0.056799,10.849316,10.901795,0 - default
frodo1344aes,falcon512,pqc,pqc,off,18,2,6.632778,0.046628,6.611237,6.654319,0 - default
frodo1344aes,falcon1024,pqc,pqc,off,19,1,6.868421,0.053672,6.844287,6.892555,0 - default
frodo1344aes,p256_falcon512,pqc,pqc-hybrid,off,19,1,7.536842,0.065409,7.507431,7.566254,0 - default
frodo1344aes,rsa3072_falcon512,pqc,pqc-hybrid,off,18,2,9.271111,0.071693,9.237991,9.304232,0 - default
frodo1344aes,falconpadded512,pqc,pqc,off,19,1,6.662632,0.047240,6.641390,6.683873,0 - default
frodo1344aes,p256_falconpadded512,pqc,pqc-hybrid,off,17,3,7.531765,0.071958,7.497558,7.565971,0 - default
frodo1344aes,rsa3072_falconpadded512,pqc,pqc-hybrid,off,19,1,9.251579,0.071435,9.219458,9.283700,0 - default
frodo1344aes,p521_falcon1024,pqc,pqc-hybrid,off,19,1,11.162632,0.074449,11.129155,11.196108,0 - default
frodo1344aes,falconpadded1024,pqc,pqc,off,18,2,6.838889,0.044575,6.818296,6.859481,0 - default
frodo1344aes,p521_falconpadded1024,pqc,pqc-hybrid,off,19,1,11.133158,0.101163,11.087670,11.178646,0 - default
frodo1344aes,sphincssha2128fsimple,pqc,pqc,off,18,2,14.193333,0.044590,14.172734,14.213933,0 - default
frodo1344aes,p256_sphincssha2128fsimple,pqc,pqc-hybrid,off,18,2,15.085000,0.052272,15.060852,15.109148,0 - default
frodo1344aes,rsa3072_sphincssha2128fsimple,pqc,pqc-hybrid,off,19,1,16.716842,0.092018,16.675466,16.758218,0 - default
frodo1344aes,sphincssha2128ssimple,pqc,pqc,off,18,2,153.076111,0.109606,153.025476,153.126746,0 - default
frodo1344aes,p256_sphincssha2128ssimple,pqc,pqc-hybrid,off,18,2,153.933333,0.066332,153.902689,153.963977,0 - default
frodo1344aes,rsa3072_sphincssha2128ssimple,pqc,pqc-hybrid,off,19,1,155.614211,0.147095,155.548069,155.680352,0 - default
frodo1344aes,sphincssha2192fsimple,pqc,pqc,off,20,0,19.525000,0.144750,19.461560,19.588440,0 - default
frodo1344aes,p384_sphincssha2192fsimple,pqc,pqc-hybrid,off,19,1,21.748947,0.193187,21.662080,21.835815,0 - default
frodo1344aes,sphincssha2192ssimple,pqc,pqc,off,20,0,271.053000,0.191342,270.969141,271.136859,0 - default
frodo1344aes,p384_sphincssha2192ssimple,pqc,pqc-hybrid,off,19,1,273.317368,0.183207,273.234988,273.399748,0 - default
frodo1344aes,sphincssha2256fsimple,pqc,pqc,off,17,3,32.267647,0.052265,32.242802,32.292492,0 - default
frodo1344aes,p521_sphincssha2256fsimple,pqc,pqc-hybrid,off,19,1,36.388947,0.087362,36.349665,36.428230,0 - default
frodo1344aes,sphincssha2256ssimple,pqc,pqc,off,18,2,246.555556,0.100424,246.509162,246.601949,0 - default
frodo1344aes,p521_sphincssha2256ssimple,pqc,pqc-hybrid,off,16,4,251.068750,0.084607,251.027293,251.110207,0 - default
frodo1344aes,sphincsshake128fsimple,pqc,pqc,off,18,2,22.761667,0.087397,22.721291,22.802042,0 - default
frodo1344aes,p256_sphincsshake128fsimple,pqc,pqc-hybrid,off,19,1,23.674211,0.088022,23.634631,23.713790,0 - default
frodo1344aes,rsa3072_sphincsshake128fsimple,pqc,pqc-hybrid,off,19,1,25.435263,0.100630,25.390015,25.480512,0 - default
frodo1344aes,sphincsshake128ssimple,pqc,pqc,off,20,0,321.917000,0.183593,321.836537,321.997463,0 - default
frodo1344aes,p256_sphincsshake128ssimple,pqc,pqc-hybrid,off,19,1,322.860526,0.140810,322.797210,322.923842,0 - default
frodo1344aes,rsa3072_sphincsshake128ssimple,pqc,pqc-hybrid,off,19,1,324.740000,0.158745,324.668620,324.811380,0 - default
frodo1344aes,sphincsshake192fsimple,pqc,pqc,off,19,1,32.864211,0.142100,32.800315,32.928106,0 - default
frodo1344aes,p384_sphincsshake192fsimple,pqc,pqc-hybrid,off,17,3,35.135294,0.070898,35.101592,35.168997,0 - default
frodo1344aes,sphincsshake192ssimple,pqc,pqc,off,17,3,572.942353,0.095756,572.896834,572.987872,0 - default
frodo1344aes,p384_sphincsshake192ssimple,pqc,pqc-hybrid,off,19,1,575.255263,0.162048,575.182397,575.328129,0 - default
frodo1344aes,sphincsshake256fsimple,pqc,pqc,off,17,3,60.530588,0.064272,60.500035,60.561141,0 - default
frodo1344aes,p521_sphincsshake256fsimple,pqc,pqc-hybrid,off,19,1,64.649474,0.067204,64.619255,64.679692,0 - default
frodo1344aes,sphincsshake256ssimple,pqc,pqc,off,20,0,489.557000,0.164736,489.484801,489.629199,0 - default
frodo1344aes,p521_sphincsshake256ssimple,pqc,pqc-hybrid,off,20,0,493.783000,0.250895,493.673040,493.892960,0 - default
frodo1344aes,ED25519,pqc,classic,off,20,0,5.931000,0.162704,5.859692,6.002308,0 - default
frodo1344aes,ED448,pqc,classic,off,17,3,6.231176,0.106529,6.180536,6.281817,0 - default
p521_frodo1344aes,MLDSA44,pqc-hybrid,pqc,off,18,2,17.330000,0.125511,17.272017,17.387983,0 - default
p521_frodo1344aes,MLDSA65,pqc-hybrid,pqc,off,18,2,17.691111,0.405330,17.503858,17.878364,0 - default
p521_frodo1344aes,MLDSA87,pqc-hybrid,pqc,off,20,0,18.291500,0.905023,17.894856,18.688144,0 - default
p521_frodo1344aes,p256_mldsa44,pqc-hybrid,pqc-hybrid,off,18,2,17.760000,0.070461,17.727449,17.792551,0 - default
p521_frodo1344aes,rsa3072_mldsa44,pqc-hybrid,pqc-hybrid,off,19,1,19.562105,0.077358,19.527321,19.596890,0 - default
p521_frodo1344aes,p384_mldsa65,pqc-hybrid,pqc-hybrid,off,17,3,19.164118,0.055908,19.137541,19.190695,0 - default
p521_frodo1344aes,p521_mldsa87,pqc-hybrid,pqc-hybrid,off,19,1,21.254211,0.132385,21.194683,21.313738,0 - default
p521_frodo1344aes,falcon512,pqc-hybrid,pqc,off,19,1,17.586842,0.140715,17.523569,17.650115,0 - default
p521_frodo1344aes,falcon1024,pqc-hybrid,pqc,off,19,1,17.793684,0.084143,17.755849,17.831520,0 - default
p521_frodo1344aes,p256_falcon512,pqc-hybrid,pqc-hybrid,off,19,1,17.965789,0.075153,17.931997,17.999582,0 - default
p521_frodo1344aes,rsa3072_falcon512,pqc-hybrid,pqc-hybrid,off,19,1,19.727368,0.059427,19.700647,19.754090,0 - default
p521_frodo1344aes,falconpadded512,pqc-hybrid,pqc,off,19,1,17.554737,0.094831,17.512095,17.597378,0 - default
p521_frodo1344aes,p256_falconpadded512,pqc-hybrid,pqc-hybrid,off,15,5,17.974667,0.039073,17.954893,17.994440,0 - default
p521_frodo1344aes,rsa3072_falconpadded512,pqc-hybrid,pqc-hybrid,off,19,1,19.695789,0.069066,19.664733,19.726846,0 - default
p521_frodo1344aes,p521_falcon1024,pqc-hybrid,pqc-hybrid,off,19,1,21.427368,0.118876,21.373915,21.480822,0 - default
p521_frodo1344aes,falconpadded1024,pqc-hybrid,pqc,off,19,1,17.775263,0.092938,17.733473,17.817053,0 - default
p521_frodo1344aes,p521_falconpadded1024,pqc-hybrid,pqc-hybrid,off,19,1,21.527895,0.134684,21.467333,21.588456,0 - default
p521_frodo1344aes,sphincssha2128fsimple,pqc-hybrid,pqc,off,18,2,24.986111,0.073095,24.952343,25.019879,0 - default
p521_frodo1344aes,p256_sphincssha2128fsimple,pqc-hybrid,pqc-hybrid,off,19,1,25.305263,0.104847,25.258118,25.352408,0 - default
p521_frodo1344aes,rsa3072_sphincssha2128fsimple,pqc-hybrid,pqc-hybrid,off,17,3,27.247059,0.058605,27.219200,27.274918,0 - default
p521_frodo1344aes,sphincssha2128ssimple,pqc-hybrid,pqc,off,19,1,164.063158,0.159515,163.991431,164.134885,0 - default
p521_frodo1344aes,p256_sphincssha2128ssimple,pqc-hybrid,pqc-hybrid,off,19,1,164.456842,0.136669,164.395388,164.518296,0 - default
p521_frodo1344aes,rsa3072_sphincssha2128ssimple,pqc-hybrid,pqc-hybrid,off,18,2,166.142222,0.094281,166.098667,166.185778,0 - default
p521_frodo1344aes,sphincssha2192fsimple,pqc-hybrid,pqc,off,19,1,30.532632,0.063757,30.503963,30.561300,0 - default
p521_frodo1344aes,p384_sphincssha2192fsimple,pqc-hybrid,pqc-hybrid,off,19,1,32.239474,0.081614,32.202776,32.276172,0 - default
p521_frodo1344aes,sphincssha2192ssimple,pqc-hybrid,pqc,off,18,2,282.100000,0.139832,282.035401,282.164599,0 - default
p521_frodo1344aes,p384_sphincssha2192ssimple,pqc-hybrid,pqc-hybrid,off,18,2,283.447222,0.127686,283.388235,283.506210,0 - default
p521_frodo1344aes,sphincssha2256fsimple,pqc-hybrid,pqc,off,19,1,43.064211,0.102541,43.018103,43.110319,0 - default
p521_frodo1344aes,p521_sphincssha2256fsimple,pqc-hybrid,pqc-hybrid,off,18,2,46.661667,0.053275,46.637055,46.686279,0 - default
p521_frodo1344aes,sphincssha2256ssimple,pqc-hybrid,pqc,off,19,1,257.660526,0.133686,257.600414,257.720639,0 - default
p521_frodo1344aes,p521_sphincssha2256ssimple,pqc-hybrid,pqc-hybrid,off,17,3,261.110588,0.088704,261.068421,261.152755,0 - default
p521_frodo1344aes,sphincsshake128fsimple,pqc-hybrid,pqc,off,18,2,33.835556,0.100248,33.789243,33.881868,0 - default
p521_frodo1344aes,p256_sphincsshake128fsimple,pqc-hybrid,pqc-hybrid,off,19,1,34.218421,0.134382,34.157996,34.278846,0 - default
p521_frodo1344aes,rsa3072_sphincsshake128fsimple,pqc-hybrid,pqc-hybrid,off,18,2,35.923889,0.086917,35.883735,35.964043,0 - default
p521_frodo1344aes,sphincsshake128ssimple,pqc-hybrid,pqc,off,19,1,332.724211,0.137611,332.662333,332.786088,0 - default
p521_frodo1344aes,p256_sphincsshake128ssimple,pqc-hybrid,pqc-hybrid,off,20,0,333.140500,0.200459,333.052645,333.228355,0 - default
p521_frodo1344aes,rsa3072_sphincsshake128ssimple,pqc-hybrid,pqc-hybrid,off,18,2,335.055000,0.079354,335.018340,335.091660,0 - default
p521_frodo1344aes,sphincsshake192fsimple,pqc-hybrid,pqc,off,19,1,43.851579,0.123750,43.795934,43.907224,0 - default
p521_frodo1344aes,p384_sphincsshake192fsimple,pqc-hybrid,pqc-hybrid,off,19,1,45.632632,0.129779,45.574276,45.690988,0 - default
p521_frodo1344aes,sphincsshake192ssimple,pqc-hybrid,pqc,off,19,1,584.044211,0.209850,583.949851,584.138570,0 - default
p521_frodo1344aes,p384_sphincsshake192ssimple,pqc-hybrid,pqc-hybrid,off,20,0,585.679500,0.263068,585.564205,585.794795,0 - default
p521_frodo1344aes,sphincsshake256fsimple,pqc-hybrid,pqc,off,18,2,71.453333,0.079484,71.416614,71.490053,0 - default
p521_frodo1344aes,p521_sphincsshake256fsimple,pqc-hybrid,pqc-hybrid,off,18,2,74.946667,0.064260,74.916980,74.976354,0 - default
p521_frodo1344aes,sphincsshake256ssimple,pqc-hybrid,pqc,off,18,2,500.370000,0.092609,500.327217,500.412783,0 - default
p521_frodo1344aes,p521_sphincsshake256ssimple,pqc-hybrid,pqc-hybrid,off,20,0,504.045000,0.192149,503.960787,504.129213,0 - default
p521_frodo1344aes,ED25519,pqc-hybrid,classic,off,18,2,16.888333,0.055439,16.862722,16.913945,0 - default
p521_frodo1344aes,ED448,pqc-hybrid,classic,off,19,1,17.131579,0.054596,17.107030,17.156128,0 - default
frodo1344shake,MLDSA44,pqc,pqc,off,19,1,13.930526,0.201535,13.839905,14.021148,0 - default
frodo1344shake,MLDSA65,pqc,pqc,off,18,2,14.281111,0.394952,14.098653,14.463570,0 - default
frodo1344shake,MLDSA87,pqc,pqc,off,18,2,14.829444,0.572985,14.564739,15.094150,0 - default
frodo1344shake,p256_mldsa44,pqc,pqc-hybrid,off,18,2,14.922778,0.058692,14.895663,14.949892,0 - default
frodo1344shake,rsa3072_mldsa44,pqc,pqc-hybrid,off,19,1,16.733684,0.074402,16.700229,16.767139,0 - default
frodo1344shake,p384_mldsa65,pqc,pqc-hybrid,off,19,1,16.369474,0.116546,16.317068,16.421879,0 - default
frodo1344shake,p521_mldsa87,pqc,pqc-hybrid,off,20,0,18.533000,0.121616,18.479699,18.586301,0 - default
frodo1344shake,falcon512,pqc,pqc,off,19,1,14.181053,0.043703,14.161401,14.200704,0 - default
frodo1344shake,falcon1024,pqc,pqc,off,18,2,14.445556,0.036497,14.428695,14.462416,0 - default
frodo1344shake,p256_falcon512,pqc,pqc-hybrid,off,19,1,15.081579,0.085587,15.043094,15.120064,0 - default
frodo1344shake,rsa3072_falcon512,pqc,pqc-hybrid,off,19,1,16.872105,0.060789,16.844771,16.899439,0 - default
frodo1344shake,falconpadded512,pqc,pqc,off,19,1,14.173158,0.058028,14.147065,14.199250,0 - default
frodo1344shake,p256_falconpadded512,pqc,pqc-hybrid,off,17,3,15.134706,0.035376,15.117889,15.151523,0 - default
frodo1344shake,rsa3072_falconpadded512,pqc,pqc-hybrid,off,19,1,16.868947,0.054558,16.844415,16.893480,0 - default
frodo1344shake,p521_falcon1024,pqc,pqc-hybrid,off,19,1,18.710000,0.105357,18.662626,18.757374,0 - default
frodo1344shake,falconpadded1024,pqc,pqc,off,18,2,14.455000,0.023825,14.443993,14.466007,0 - default
frodo1344shake,p521_falconpadded1024,pqc,pqc-hybrid,off,19,1,18.694737,0.108339,18.646022,18.743452,0 - default
frodo1344shake,sphincssha2128fsimple,pqc,pqc,off,19,1,21.834211,0.051350,21.811121,21.857300,0 - default
frodo1344shake,p256_sphincssha2128fsimple,pqc,pqc-hybrid,off,19,1,22.716842,0.054879,22.692166,22.741519,0 - default
frodo1344shake,rsa3072_sphincssha2128fsimple,pqc,pqc-hybrid,off,18,2,24.359444,0.057238,24.333002,24.385887,0 - default
frodo1344shake,sphincssha2128ssimple,pqc,pqc,off,19,1,160.691579,0.113150,160.640700,160.742457,0 - default
frodo1344shake,p256_sphincssha2128ssimple,pqc,pqc-hybrid,off,19,1,161.588947,0.131905,161.529636,161.648259,0 - default
frodo1344shake,rsa3072_sphincssha2128ssimple,pqc,pqc-hybrid,off,17,3,163.368235,0.107193,163.317279,163.419192,0 - default
frodo1344shake,sphincssha2192fsimple,pqc,pqc,off,18,2,27.073333,0.079853,27.036443,27.110223,0 - default
frodo1344shake,p384_sphincssha2192fsimple,pqc,pqc-hybrid,off,17,3,29.331765,0.077559,29.294895,29.368634,0 - default
frodo1344shake,sphincssha2192ssimple,pqc,pqc,off,19,1,278.596842,0.118042,278.543764,278.649920,0 - default
frodo1344shake,p384_sphincssha2192ssimple,pqc,pqc-hybrid,off,19,1,280.873158,0.138646,280.810815,280.935501,0 - default
frodo1344shake,sphincssha2256fsimple,pqc,pqc,off,19,1,39.924737,0.073814,39.891546,39.957928,0 - default
frodo1344shake,p521_sphincssha2256fsimple,pqc,pqc-hybrid,off,19,1,43.968947,0.087743,43.929493,44.008401,0 - default
frodo1344shake,sphincssha2256ssimple,pqc,pqc,off,20,0,254.421500,0.164294,254.349495,254.493505,0 - default
frodo1344shake,p521_sphincssha2256ssimple,pqc,pqc-hybrid,off,18,2,258.373889,0.103591,258.326032,258.421745,0 - default
frodo1344shake,sphincsshake128fsimple,pqc,pqc,off,20,0,30.524000,0.148728,30.458817,30.589183,0 - default
frodo1344shake,p256_sphincsshake128fsimple,pqc,pqc-hybrid,off,19,1,31.394211,0.088714,31.354320,31.434101,0 - default
frodo1344shake,rsa3072_sphincsshake128fsimple,pqc,pqc-hybrid,off,19,1,33.063684,0.071197,33.031670,33.095698,0 - default
frodo1344shake,sphincsshake128ssimple,pqc,pqc,off,19,1,329.626316,0.204945,329.534161,329.718470,0 - default
frodo1344shake,p256_sphincsshake128ssimple,pqc,pqc-hybrid,off,19,1,330.566316,0.129838,330.507934,330.624698,0 - default
frodo1344shake,rsa3072_sphincsshake128ssimple,pqc,pqc-hybrid,off,18,2,332.187222,0.170322,332.108538,332.265907,0 - default
frodo1344shake,sphincsshake192fsimple,pqc,pqc,off,20,0,40.571500,0.092695,40.530875,40.612125,0 - default
frodo1344shake,p384_sphincsshake192fsimple,pqc,pqc-hybrid,off,19,1,42.844737,0.087583,42.805355,42.884119,0 - default
frodo1344shake,sphincsshake192ssimple,pqc,pqc,off,19,1,580.751579,0.201695,580.660886,580.842272,0 - default
frodo1344shake,p384_sphincsshake192ssimple,pqc,pqc-hybrid,off,19,1,582.408421,0.103509,582.361878,582.454964,0 - default
frodo1344shake,sphincsshake256fsimple,pqc,pqc,off,19,1,68.271053,0.092008,68.229681,68.312425,0 - default
frodo1344shake,p521_sphincsshake256fsimple,pqc,pqc-hybrid,off,19,1,72.247368,0.082451,72.210294,72.284443,0 - default
frodo1344shake,sphincsshake256ssimple,pqc,pqc,off,19,1,497.187368,0.140390,497.124241,497.250495,0 - default
frodo1344shake,p521_sphincsshake256ssimple,pqc,pqc-hybrid,off,18,2,501.357222,0.221514,501.254888,501.459556,0 - default
frodo1344shake,ED25519,pqc,classic,off,19,1,13.556842,0.088760,13.516931,13.596754,0 - default
frodo1344shake,ED448,pqc,classic,off,19,1,13.786316,0.067182,13.756107,13.816525,0 - default
p521_frodo1344shake,MLDSA44,pqc-hybrid,pqc,off,17,3,24.960588,0.250511,24.841503,25.079674,0 - default
p521_frodo1344shake,MLDSA65,pqc-hybrid,pqc,off,18,2,25.434444,0.530419,25.189404,25.679485,0 - default
p521_frodo1344shake,MLDSA87,pqc-hybrid,pqc,off,18,2,25.711111,0.559715,25.452536,25.969686,0 - default
p521_frodo1344shake,p256_mldsa44,pqc-hybrid,pqc-hybrid,off,18,2,25.442222,0.080261,25.405144,25.479301,0 - default
p521_frodo1344shake,rsa3072_mldsa44,pqc-hybrid,pqc-hybrid,off,19,1,27.052632,0.085948,27.013984,27.091279,0 - default
p521_frodo1344shake,p384_mldsa65,pqc-hybrid,pqc-hybrid,off,19,1,26.795789,0.077840,26.760788,26.830791,0 - default
p521_frodo1344shake,p521_mldsa87,pqc-hybrid,pqc-hybrid,off,17,3,28.674118,0.076653,28.637679,28.710556,0 - default
p521_frodo1344shake,falcon512,pqc-hybrid,pqc,off,19,1,25.203158,0.097186,25.159458,25.246858,0 - default
p521_frodo1344shake,falcon1024,pqc-hybrid,pqc,off,18,2,25.467778,0.062643,25.438838,25.496718,0 - default
p521_frodo1344shake,p256_falcon512,pqc-hybrid,pqc-hybrid,off,19,1,25.547895,0.161231,25.475397,25.620393,0 - default
p521_frodo1344shake,rsa3072_falcon512,pqc-hybrid,pqc-hybrid,off,19,1,27.213158,0.060374,27.186010,27.240305,0 - default
p521_frodo1344shake,falconpadded512,pqc-hybrid,pqc,off,19,1,25.222632,0.105348,25.175261,25.270002,0 - default
p521_frodo1344shake,p256_falconpadded512,pqc-hybrid,pqc-hybrid,off,19,1,25.486842,0.113140,25.435968,25.537716,0 - default
p521_frodo1344shake,rsa3072_falconpadded512,pqc-hybrid,pqc-hybrid,off,18,2,27.190000,0.058209,27.163109,27.216891,0 - default
p521_frodo1344shake,p521_falcon1024,pqc-hybrid,pqc-hybrid,off,19,1,29.006842,0.148101,28.940248,29.073436,0 - default
p521_frodo1344shake,falconpadded1024,pqc-hybrid,pqc,off,19,1,25.475263,0.088905,25.435287,25.515240,0 - default
p521_frodo1344shake,p521_falconpadded1024,pqc-hybrid,pqc-hybrid,off,19,1,28.914737,0.069631,28.883427,28.946047,0 - default
p521_frodo1344shake,sphincssha2128fsimple,pqc-hybrid,pqc,off,19,1,32.645789,0.048110,32.624156,32.667423,0 - default
p521_frodo1344shake,p256_sphincssha2128fsimple,pqc-hybrid,pqc-hybrid,off,19,1,33.088421,0.069862,33.057007,33.119835,0 - default
p521_frodo1344shake,rsa3072_sphincssha2128fsimple,pqc-hybrid,pqc-hybrid,off,19,1,34.960526,0.090337,34.919906,35.001147,0 - default
p521_frodo1344shake,sphincssha2128ssimple,pqc-hybrid,pqc,off,18,2,171.653333,0.067213,171.622282,171.684384,0 - default
p521_frodo1344shake,p256_sphincssha2128ssimple,pqc-hybrid,pqc-hybrid,off,17,3,171.881765,0.089669,171.839139,171.924390,0 - default
p521_frodo1344shake,rsa3072_sphincssha2128ssimple,pqc-hybrid,pqc-hybrid,off,19,1,173.751053,0.095213,173.708240,173.793866,0 - default
p521_frodo1344shake,sphincssha2192fsimple,pqc-hybrid,pqc,off,17,3,38.161765,0.047201,38.139327,38.184203,0 - default
p521_frodo1344shake,p384_sphincssha2192fsimple,pqc-hybrid,pqc-hybrid,off,18,2,39.811667,0.065462,39.781425,39.841909,0 - default
p521_frodo1344shake,sphincssha2192ssimple,pqc-hybrid,pqc,off,19,1,289.429474,0.174212,289.351139,289.507809,0 - default
p521_frodo1344shake,p384_sphincssha2192ssimple,pqc-hybrid,pqc-hybrid,off,19,1,291.150526,0.165478,291.076118,291.224934,0 - default
p521_frodo1344shake,sphincssha2256fsimple,pqc-hybrid,pqc,off,19,1,50.727368,0.082519,50.690263,50.764473,0 - default
p521_frodo1344shake,p521_sphincssha2256fsimple,pqc-hybrid,pqc-hybrid,off,19,1,54.360000,0.114066,54.308710,54.411290,0 - default
p521_frodo1344shake,sphincssha2256ssimple,pqc-hybrid,pqc,off,19,1,265.517895,0.175771,265.438859,265.596931,0 - default
p521_frodo1344shake,p521_sphincssha2256ssimple,pqc-hybrid,pqc-hybrid,off,18,2,268.838889,0.103121,268.791249,268.886528,0 - default
p521_frodo1344shake,sphincsshake128fsimple,pqc-hybrid,pqc,off,19,1,41.510526,0.147666,41.444128,41.576925,0 - default
p521_frodo1344shake,p256_sphincsshake128fsimple,pqc-hybrid,pqc-hybrid,off,19,1,41.764211,0.123077,41.708868,41.819553,0 - default
p521_frodo1344shake,rsa3072_sphincsshake128fsimple,pqc-hybrid,pqc-hybrid,off,19,1,43.613158,0.112054,43.562772,43.663544,0 - default
p521_frodo1344shake,sphincsshake128ssimple,pqc-hybrid,pqc,off,18,2,340.303889,0.118030,340.249362,340.358416,0 - default
p521_frodo1344shake,p256_sphincsshake128ssimple,pqc-hybrid,pqc-hybrid,off,19,1,340.969474,0.142419,340.905434,341.033513,0 - default
p521_frodo1344shake,rsa3072_sphincsshake128ssimple,pqc-hybrid,pqc-hybrid,off,19,1,342.610000,0.197821,342.521049,342.698951,0 - default
p521_frodo1344shake,sphincsshake192fsimple,pqc-hybrid,pqc,off,15,5,51.512667,0.072847,51.475801,51.549532,0 - default
p521_frodo1344shake,p384_sphincsshake192fsimple,pqc-hybrid,pqc-hybrid,off,19,1,53.107895,0.120949,53.053509,53.162280,0 - default
p521_frodo1344shake,sphincsshake192ssimple,pqc-hybrid,pqc,off,19,1,591.801579,0.120151,591.747552,591.855605,0 - default
p521_frodo1344shake,p384_sphincsshake192ssimple,pqc-hybrid,pqc-hybrid,off,20,0,593.530500,0.234015,593.427939,593.633061,0 - default
p521_frodo1344shake,sphincsshake256fsimple,pqc-hybrid,pqc,off,18,2,79.043889,0.089911,79.002352,79.085426,0 - default
p521_frodo1344shake,p521_sphincsshake256fsimple,pqc-hybrid,pqc-hybrid,off,19,1,82.644737,0.119785,82.590875,82.698599,0 - default
p521_frodo1344shake,sphincsshake256ssimple,pqc-hybrid,pqc,off,19,1,508.208421,0.266318,508.088670,508.328172,0 - default
p521_frodo1344shake,p521_sphincsshake256ssimple,pqc-hybrid,pqc-hybrid,off,20,0,512.052000,0.211252,511.959415,512.144585,0 - default
p521_frodo1344shake,ED25519,pqc-hybrid,classic,off,19,1,24.476842,0.082196,24.439882,24.513802,0 - default
p521_frodo1344shake,ED448,pqc-hybrid,classic,off,19,1,24.788421,0.061216,24.760895,24.815947,0 - default
bikel1,MLDSA44,pqc,pqc,off,20,0,3.972000,0.484492,3.759662,4.184338,0 - default
bikel1,MLDSA65,pqc,pqc,off,20,0,4.259500,0.489355,4.045031,4.473969,0 - default
bikel1,MLDSA87,pqc,pqc,off,19,1,4.637368,0.624756,4.356444,4.918293,0 - default
bikel1,p256_mldsa44,pqc,pqc-hybrid,off,17,3,4.793529,0.046763,4.771300,4.815759,0 - default
bikel1,rsa3072_mldsa44,pqc,pqc-hybrid,off,19,1,6.480526,0.087780,6.441056,6.519997,0 - default
bikel1,p384_mldsa65,pqc,pqc-hybrid,off,16,4,6.260625,0.036963,6.242513,6.278737,0 - default
bikel1,p521_mldsa87,pqc,pqc-hybrid,off,18,2,8.243889,0.075079,8.209204,8.278574,0 - default
bikel1,falcon512,pqc,pqc,off,19,1,4.014737,0.081675,3.978011,4.051462,0 - default
bikel1,falcon1024,pqc,pqc,off,20,0,4.314000,0.127502,4.258120,4.369880,0 - default
bikel1,p256_falcon512,pqc,pqc-hybrid,off,19,1,4.862105,0.087469,4.822774,4.901436,0 - default
bikel1,rsa3072_falcon512,pqc,pqc-hybrid,off,19,1,6.560526,0.062314,6.532507,6.588546,0 - default
bikel1,falconpadded512,pqc,pqc,off,18,2,3.952222,0.053639,3.927442,3.977002,0 - default
bikel1,p256_falconpadded512,pqc,pqc-hybrid,off,19,1,4.859474,0.076990,4.824855,4.894093,0 - default
bikel1,rsa3072_falconpadded512,pqc,pqc-hybrid,off,18,2,6.542222,0.042503,6.522587,6.561858,0 - default
bikel1,p521_falcon1024,pqc,pqc-hybrid,off,19,1,8.449474,0.112668,8.398812,8.500136,0 - default
bikel1,falconpadded1024,pqc,pqc,off,19,1,4.352632,0.096023,4.309454,4.395809,0 - default
bikel1,p521_falconpadded1024,pqc,pqc-hybrid,off,19,1,8.457368,0.104501,8.410379,8.504358,0 - default
bikel1,sphincssha2128fsimple,pqc,pqc,off,19,1,11.604211,0.052421,11.580639,11.627782,0 - default
bikel1,p256_sphincssha2128fsimple,pqc,pqc-hybrid,off,19,1,12.503158,0.074316,12.469742,12.536574,0 - default
bikel1,rsa3072_sphincssha2128fsimple,pqc,pqc-hybrid,off,19,1,14.180526,0.069958,14.149069,14.211983,0 - default
bikel1,sphincssha2128ssimple,pqc,pqc,off,19,1,150.384737,0.091431,150.343624,150.425849,0 - default
bikel1,p256_sphincssha2128ssimple,pqc,pqc-hybrid,off,18,2,151.277222,0.083159,151.238805,151.315640,0 - default
bikel1,rsa3072_sphincssha2128ssimple,pqc,pqc-hybrid,off,17,3,152.912941,0.132371,152.850016,152.975866,0 - default
bikel1,sphincssha2192fsimple,pqc,pqc,off,18,2,17.036667,0.034128,17.020900,17.052433,0 - default
bikel1,p384_sphincssha2192fsimple,pqc,pqc-hybrid,off,18,2,19.283889,0.074765,19.249349,19.318429,0 - default
bikel1,sphincssha2192ssimple,pqc,pqc,off,20,0,268.510000,0.182901,268.429840,268.590160,0 - default
bikel1,p384_sphincssha2192ssimple,pqc,pqc-hybrid,off,18,2,270.481111,0.112296,270.429233,270.532989,0 - default
bikel1,sphincssha2256fsimple,pqc,pqc,off,20,0,29.733500,0.191566,29.649542,29.817458,0 - default
bikel1,p521_sphincssha2256fsimple,pqc,pqc-hybrid,off,19,1,33.880000,0.126711,33.823024,33.936976,0 - default
bikel1,sphincssha2256ssimple,pqc,pqc,off,19,1,244.397368,0.114593,244.345841,244.448896,0 - default
bikel1,p521_sphincssha2256ssimple,pqc,pqc-hybrid,off,20,0,248.055000,0.209749,247.963073,248.146927,0 - default
bikel1,sphincsshake128fsimple,pqc,pqc,off,20,0,20.457000,0.141351,20.395050,20.518950,0 - default
bikel1,p256_sphincsshake128fsimple,pqc,pqc-hybrid,off,19,1,21.223158,0.110758,21.173355,21.272961,0 - default
bikel1,rsa3072_sphincsshake128fsimple,pqc,pqc-hybrid,off,19,1,22.832632,0.063844,22.803924,22.861339,0 - default
bikel1,sphincsshake128ssimple,pqc,pqc,off,18,2,319.298333,0.107389,319.248722,319.347944,0 - default
bikel1,p256_sphincsshake128ssimple,pqc,pqc-hybrid,off,20,0,320.360000,0.204141,320.270531,320.449469,0 - default
bikel1,rsa3072_sphincsshake128ssimple,pqc,pqc-hybrid,off,19,1,321.954737,0.176615,321.875321,322.034153,0 - default
bikel1,sphincsshake192fsimple,pqc,pqc,off,20,0,30.494000,0.138655,30.433232,30.554768,0 - default
bikel1,p384_sphincsshake192fsimple,pqc,pqc-hybrid,off,19,1,32.669474,0.123400,32.613986,32.724961,0 - default
bikel1,sphincsshake192ssimple,pqc,pqc,off,20,0,570.555500,0.239308,570.450619,570.660381,0 - default
bikel1,p384_sphincsshake192ssimple,pqc,pqc-hybrid,off,20,0,572.845500,0.262648,572.730389,572.960611,0 - default
bikel1,sphincsshake256fsimple,pqc,pqc,off,19,1,58.030526,0.126424,57.973679,58.087374,0 - default
bikel1,p521_sphincsshake256fsimple,pqc,pqc-hybrid,off,18,2,62.240556,0.098547,62.195029,62.286082,0 - default
bikel1,sphincsshake256ssimple,pqc,pqc,off,20,0,487.104500,0.220274,487.007961,487.201039,0 - default
bikel1,p521_sphincsshake256ssimple,pqc,pqc-hybrid,off,18,2,491.062778,0.092406,491.020088,491.105467,0 - default
bikel1,ED25519,pqc,classic,off,20,0,3.176000,0.166556,3.103003,3.248997,0 - default
bikel1,ED448,pqc,classic,off,19,1,3.487368,0.106815,3.439339,3.535398,0 - default
p256_bikel1,MLDSA44,pqc-hybrid,pqc,off,19,1,7.882105,0.356317,7.721885,8.042325,0 - default
p256_bikel1,MLDSA65,pqc-hybrid,pqc,off,19,1,8.577895,0.831422,8.204042,8.951748,0 - default
p256_bikel1,MLDSA87,pqc-hybrid,pqc,off,19,1,8.498421,0.445649,8.298033,8.698809,0 - default
p256_bikel1,p256_mldsa44,pqc-hybrid,pqc-hybrid,off,19,1,8.242632,0.093976,8.200375,8.284889,0 - default
p256_bikel1,rsa3072_mldsa44,pqc-hybrid,pqc-hybrid,off,19,1,9.962105,0.046017,9.941414,9.982797,0 - default
p256_bikel1,p384_mldsa65,pqc-hybrid,pqc-hybrid,off,19,1,9.615789,0.100792,9.570468,9.661111,0 - default
p256_bikel1,p521_mldsa87,pqc-hybrid,pqc-hybrid,off,19,1,11.680526,0.087526,11.641170,11.719883,0 - default
p256_bikel1,falcon512,pqc-hybrid,pqc,off,18,2,7.905556,0.046428,7.884107,7.927004,0 - default
p256_bikel1,falcon1024,pqc-hybrid,pqc,off,19,1,8.275263,0.077701,8.240325,8.310202,0 - default
p256_bikel1,p256_falcon512,pqc-hybrid,pqc-hybrid,off,19,1,8.304211,0.066526,8.274297,8.334124,0 - default
p256_bikel1,rsa3072_falcon512,pqc-hybrid,pqc-hybrid,off,19,1,10.113158,0.080695,10.076873,10.149443,0 - default
p256_bikel1,falconpadded512,pqc-hybrid,pqc,off,17,3,7.893529,0.043437,7.872881,7.914178,0 - default
p256_bikel1,p256_falconpadded512,pqc-hybrid,pqc-hybrid,off,18,2,8.294444,0.073342,8.260562,8.328327,0 - default
p256_bikel1,rsa3072_falconpadded512,pqc-hybrid,pqc-hybrid,off,19,1,10.130526,0.069879,10.099105,10.161948,0 - default
p256_bikel1,p521_falcon1024,pqc-hybrid,pqc-hybrid,off,19,1,11.796316,0.067841,11.765811,11.826821,0 - default
p256_bikel1,falconpadded1024,pqc-hybrid,pqc,off,19,1,8.202632,0.096312,8.159324,8.245939,0 - default
p256_bikel1,p521_falconpadded1024,pqc-hybrid,pqc-hybrid,off,17,3,11.818824,0.061123,11.789767,11.847880,0 - default
p256_bikel1,sphincssha2128fsimple,pqc-hybrid,pqc,off,19,1,15.652632,0.060263,15.625534,15.679729,0 - default
p256_bikel1,p256_sphincssha2128fsimple,pqc-hybrid,pqc-hybrid,off,19,1,15.916842,0.085573,15.878364,15.955321,0 - default
p256_bikel1,rsa3072_sphincssha2128fsimple,pqc-hybrid,pqc-hybrid,off,19,1,17.738947,0.088875,17.698984,17.778911,0 - default
p256_bikel1,sphincssha2128ssimple,pqc-hybrid,pqc,off,17,3,154.214706,0.080165,154.176598,154.252814,0 - default
p256_bikel1,p256_sphincssha2128ssimple,pqc-hybrid,pqc-hybrid,off,18,2,154.686111,0.082615,154.647945,154.724277,0 - default
p256_bikel1,rsa3072_sphincssha2128ssimple,pqc-hybrid,pqc-hybrid,off,19,1,156.614211,0.145462,156.548803,156.679618,0 - default
p256_bikel1,sphincssha2192fsimple,pqc-hybrid,pqc,off,18,2,21.080000,0.072274,21.046611,21.113389,0 - default
p256_bikel1,p384_sphincssha2192fsimple,pqc-hybrid,pqc-hybrid,off,19,1,22.720000,0.077388,22.685202,22.754798,0 - default
p256_bikel1,sphincssha2192ssimple,pqc-hybrid,pqc,off,17,3,272.281765,0.086547,272.240623,272.322907,0 - default
p256_bikel1,p384_sphincssha2192ssimple,pqc-hybrid,pqc-hybrid,off,17,3,273.950000,0.058630,273.922129,273.977871,0 - default
p256_bikel1,sphincssha2256fsimple,pqc-hybrid,pqc,off,19,1,33.867368,0.102352,33.821345,33.913392,0 - default
p256_bikel1,p521_sphincssha2256fsimple,pqc-hybrid,pqc-hybrid,off,19,1,37.389474,0.068514,37.358666,37.420281,0 - default
p256_bikel1,sphincssha2256ssimple,pqc-hybrid,pqc,off,18,2,248.511111,0.153235,248.440320,248.581902,0 - default
p256_bikel1,p521_sphincssha2256ssimple,pqc-hybrid,pqc-hybrid,off,19,1,251.580526,0.119326,251.526871,251.634182,0 - default
p256_bikel1,sphincsshake128fsimple,pqc-hybrid,pqc,off,19,1,24.300526,0.055224,24.275695,24.325358,0 - default
p256_bikel1,p256_sphincsshake128fsimple,pqc-hybrid,pqc-hybrid,off,16,4,24.613750,0.048425,24.590022,24.637478,0 - default
p256_bikel1,rsa3072_sphincsshake128fsimple,pqc-hybrid,pqc-hybrid,off,19,1,26.493684,0.088707,26.453796,26.533572,0 - default
p256_bikel1,sphincsshake128ssimple,pqc-hybrid,pqc,off,18,2,323.170556,0.087277,323.130236,323.210876,0 - default
p256_bikel1,p256_sphincsshake128ssimple,pqc-hybrid,pqc-hybrid,off,19,1,323.600000,0.141618,323.536321,323.663679,0 - default
p256_bikel1,rsa3072_sphincsshake128ssimple,pqc-hybrid,pqc-hybrid,off,19,1,325.575789,0.148672,325.508938,325.642641,0 - default
p256_bikel1,sphincsshake192fsimple,pqc-hybrid,pqc,off,19,1,34.446316,0.105526,34.398866,34.493766,0 - default
p256_bikel1,p384_sphincsshake192fsimple,pqc-hybrid,pqc-hybrid,off,16,4,36.135000,0.068993,36.101194,36.168806,0 - default
p256_bikel1,sphincsshake192ssimple,pqc-hybrid,pqc,off,19,1,574.465263,0.220236,574.366233,574.564294,0 - default
p256_bikel1,p384_sphincsshake192ssimple,pqc-hybrid,pqc-hybrid,off,19,1,576.170000,0.161176,576.097526,576.242474,0 - default
p256_bikel1,sphincsshake256fsimple,pqc-hybrid,pqc,off,19,1,62.147895,0.132270,62.088419,62.207371,0 - default
p256_bikel1,p521_sphincsshake256fsimple,pqc-hybrid,pqc-hybrid,off,19,1,65.746316,0.063352,65.717829,65.774802,0 - default
p256_bikel1,sphincsshake256ssimple,pqc-hybrid,pqc,off,19,1,490.958421,0.154462,490.888967,491.027876,0 - default
p256_bikel1,p521_sphincsshake256ssimple,pqc-hybrid,pqc-hybrid,off,18,2,494.548333,0.129263,494.488617,494.608050,0 - default
p256_bikel1,ED25519,pqc-hybrid,classic,off,19,1,7.204737,0.110321,7.155130,7.254343,0 - default
p256_bikel1,ED448,pqc-hybrid,classic,off,19,1,7.433158,0.051645,7.409935,7.456381,0 - default
x25519_bikel1,MLDSA44,pqc-hybrid,pqc,off,20,0,4.042500,0.342420,3.892428,4.192572,0 - default
x25519_bikel1,MLDSA65,pqc-hybrid,pqc,off,20,0,4.801000,0.806303,4.447622,5.154378,0 - default
x25519_bikel1,MLDSA87,pqc-hybrid,pqc,off,20,0,5.194500,0.840016,4.826347,5.562653,0 - default
x25519_bikel1,p256_mldsa44,pqc-hybrid,pqc-hybrid,off,19,1,4.561053,0.103435,4.514543,4.607563,0 - default
x25519_bikel1,rsa3072_mldsa44,pqc-hybrid,pqc-hybrid,off,19,1,6.201053,0.076948,6.166452,6.235653,0 - default
x25519_bikel1,p384_mldsa65,pqc-hybrid,pqc-hybrid,off,18,2,6.006667,0.055941,5.980823,6.032510,0 - default
x25519_bikel1,p521_mldsa87,pqc-hybrid,pqc-hybrid,off,17,3,8.048235,0.051990,8.023521,8.072950,0 - default
x25519_bikel1,falcon512,pqc-hybrid,pqc,off,19,1,4.167368,0.070383,4.135720,4.199017,0 - default
x25519_bikel1,falcon1024,pqc-hybrid,pqc,off,19,1,4.417368,0.064104,4.388544,4.446193,0 - default
x25519_bikel1,p256_falcon512,pqc-hybrid,pqc-hybrid,off,19,1,4.638947,0.147305,4.572711,4.705184,0 - default
x25519_bikel1,rsa3072_falcon512,pqc-hybrid,pqc-hybrid,off,19,1,6.345789,0.063711,6.317142,6.374437,0 - default
x25519_bikel1,falconpadded512,pqc-hybrid,pqc,off,18,2,4.181667,0.052046,4.157622,4.205711,0 - default
x25519_bikel1,p256_falconpadded512,pqc-hybrid,pqc-hybrid,off,19,1,4.640000,0.115326,4.588143,4.691857,0 - default
x25519_bikel1,rsa3072_falconpadded512,pqc-hybrid,pqc-hybrid,off,19,1,6.344211,0.053987,6.319935,6.368486,0 - default
x25519_bikel1,p521_falcon1024,pqc-hybrid,pqc-hybrid,off,19,1,8.208421,0.070179,8.176865,8.239978,0 - default
x25519_bikel1,falconpadded1024,pqc-hybrid,pqc,off,19,1,4.412632,0.085625,4.374130,4.451133,0 - default
x25519_bikel1,p521_falconpadded1024,pqc-hybrid,pqc-hybrid,off,18,2,8.178889,0.104481,8.130621,8.227157,0 - default
x25519_bikel1,sphincssha2128fsimple,pqc-hybrid,pqc,off,19,1,11.803158,0.065409,11.773746,11.832569,0 - default
x25519_bikel1,p256_sphincssha2128fsimple,pqc-hybrid,pqc-hybrid,off,19,1,12.268947,0.059525,12.242181,12.295713,0 - default
x25519_bikel1,rsa3072_sphincssha2128fsimple,pqc-hybrid,pqc-hybrid,off,19,1,13.946842,0.060650,13.919571,13.974113,0 - default
x25519_bikel1,sphincssha2128ssimple,pqc-hybrid,pqc,off,17,3,150.603529,0.076399,150.567212,150.639847,0 - default
x25519_bikel1,p256_sphincssha2128ssimple,pqc-hybrid,pqc-hybrid,off,18,2,151.207778,0.089018,151.166654,151.248902,0 - default
x25519_bikel1,rsa3072_sphincssha2128ssimple,pqc-hybrid,pqc-hybrid,off,16,4,152.805625,0.062819,152.774844,152.836406,0 - default
x25519_bikel1,sphincssha2192fsimple,pqc-hybrid,pqc,off,19,1,17.220000,0.067741,17.189540,17.250460,0 - default
x25519_bikel1,p384_sphincssha2192fsimple,pqc-hybrid,pqc-hybrid,off,19,1,18.981053,0.111350,18.930984,19.031122,0 - default
x25519_bikel1,sphincssha2192ssimple,pqc-hybrid,pqc,off,19,1,268.500000,0.140910,268.436639,268.563361,0 - default
x25519_bikel1,p384_sphincssha2192ssimple,pqc-hybrid,pqc-hybrid,off,19,1,270.699474,0.166048,270.624809,270.774138,0 - default
x25519_bikel1,sphincssha2256fsimple,pqc-hybrid,pqc,off,18,2,29.836111,0.091081,29.794034,29.878188,0 - default
x25519_bikel1,p521_sphincssha2256fsimple,pqc-hybrid,pqc-hybrid,off,19,1,33.623684,0.179419,33.543008,33.704361,0 - default
x25519_bikel1,sphincssha2256ssimple,pqc-hybrid,pqc,off,19,1,244.355263,0.086241,244.316485,244.394042,0 - default
x25519_bikel1,p521_sphincssha2256ssimple,pqc-hybrid,pqc-hybrid,off,19,1,247.892632,0.133618,247.832550,247.952714,0 - default
x25519_bikel1,sphincsshake128fsimple,pqc-hybrid,pqc,off,19,1,20.515789,0.079255,20.480152,20.551427,0 - default
x25519_bikel1,p256_sphincsshake128fsimple,pqc-hybrid,pqc-hybrid,off,19,1,20.961579,0.109101,20.912521,21.010637,0 - default
x25519_bikel1,rsa3072_sphincsshake128fsimple,pqc-hybrid,pqc-hybrid,off,19,1,22.622632,0.080681,22.586353,22.658910,0 - default
x25519_bikel1,sphincsshake128ssimple,pqc-hybrid,pqc,off,19,1,319.515263,0.237706,319.408378,319.622149,0 - default
x25519_bikel1,p256_sphincsshake128ssimple,pqc-hybrid,pqc-hybrid,off,19,1,319.867895,0.153463,319.798889,319.936900,0 - default
x25519_bikel1,rsa3072_sphincsshake128ssimple,pqc-hybrid,pqc-hybrid,off,18,2,321.487778,0.137736,321.424147,321.551409,0 - default
x25519_bikel1,sphincsshake192fsimple,pqc-hybrid,pqc,off,19,1,30.542105,0.095718,30.499065,30.585145,0 - default
x25519_bikel1,p384_sphincsshake192fsimple,pqc-hybrid,pqc-hybrid,off,19,1,32.353158,0.077104,32.318488,32.387828,0 - default
x25519_bikel1,sphincsshake192ssimple,pqc-hybrid,pqc,off,19,1,570.611053,0.177729,570.531136,570.690969,0 - default
x25519_bikel1,p384_sphincsshake192ssimple,pqc-hybrid,pqc-hybrid,off,20,0,572.474500,0.278671,572.352367,572.596633,0 - default
x25519_bikel1,sphincsshake256fsimple,pqc-hybrid,pqc,off,19,1,58.312105,0.129167,58.254025,58.370186,0 - default
x25519_bikel1,p521_sphincsshake256fsimple,pqc-hybrid,pqc-hybrid,off,18,2,61.971111,0.129110,61.911466,62.030757,0 - default
x25519_bikel1,sphincsshake256ssimple,pqc-hybrid,pqc,off,19,1,487.129474,0.184586,487.046474,487.212474,0 - default
x25519_bikel1,p521_sphincsshake256ssimple,pqc-hybrid,pqc-hybrid,off,19,1,490.823158,0.167533,490.747826,490.898490,0 - default
x25519_bikel1,ED25519,pqc-hybrid,classic,off,19,1,3.361053,0.143987,3.296308,3.425797,0 - default
x25519_bikel1,ED448,pqc-hybrid,classic,off,16,4,3.733125,0.048266,3.709475,3.756775,0 - default
bikel3,MLDSA44,pqc,pqc,off,20,0,5.475500,0.366110,5.315045,5.635955,0 - default
bikel3,MLDSA65,pqc,pqc,off,20,0,6.045000,0.552149,5.803010,6.286990,0 - default
bikel3,MLDSA87,pqc,pqc,off,18,2,5.860556,0.294807,5.724361,5.996750,0 - default
bikel3,p256_mldsa44,pqc,pqc-hybrid,off,19,1,6.281579,0.087003,6.242457,6.320700,0 - default
bikel3,rsa3072_mldsa44,pqc,pqc-hybrid,off,19,1,8.044737,0.101454,7.999117,8.090356,0 - default
bikel3,p384_mldsa65,pqc,pqc-hybrid,off,19,1,7.767895,0.093665,7.725778,7.810012,0 - default
bikel3,p521_mldsa87,pqc,pqc-hybrid,off,19,1,9.817368,0.080612,9.781121,9.853616,0 - default
bikel3,falcon512,pqc,pqc,off,17,3,5.510588,0.059421,5.482341,5.538835,0 - default
bikel3,falcon1024,pqc,pqc,off,19,1,5.762105,0.063647,5.733486,5.790724,0 - default
bikel3,p256_falcon512,pqc,pqc-hybrid,off,19,1,6.434737,0.077701,6.399798,6.469675,0 - default
bikel3,rsa3072_falcon512,pqc,pqc-hybrid,off,18,2,8.082222,0.084475,8.043197,8.121247,0 - default
bikel3,falconpadded512,pqc,pqc,off,18,2,5.521111,0.079401,5.484430,5.557793,0 - default
bikel3,p256_falconpadded512,pqc,pqc-hybrid,off,18,2,6.387222,0.056652,6.361050,6.413394,0 - default
bikel3,rsa3072_falconpadded512,pqc,pqc-hybrid,off,19,1,8.104737,0.087899,8.065212,8.144261,0 - default
bikel3,p521_falcon1024,pqc,pqc-hybrid,off,19,1,9.931579,0.066355,9.901742,9.961416,0 - default
bikel3,falconpadded1024,pqc,pqc,off,19,1,5.793684,0.057563,5.767801,5.819568,0 - default
bikel3,p521_falconpadded1024,pqc,pqc-hybrid,off,17,3,9.941176,0.086232,9.900184,9.982169,0 - default
bikel3,sphincssha2128fsimple,pqc,pqc,off,19,1,13.163158,0.108169,13.114519,13.211797,0 - default
bikel3,p256_sphincssha2128fsimple,pqc,pqc-hybrid,off,18,2,14.007222,0.103458,13.959427,14.055017,0 - default
bikel3,rsa3072_sphincssha2128fsimple,pqc,pqc-hybrid,off,17,3,15.727059,0.057093,15.699919,15.754199,0 - default
bikel3,sphincssha2128ssimple,pqc,pqc,off,19,1,151.902105,0.105808,151.854528,151.949682,0 - default
bikel3,p256_sphincssha2128ssimple,pqc,pqc-hybrid,off,19,1,152.817368,0.108569,152.768550,152.866187,0 - default
bikel3,rsa3072_sphincssha2128ssimple,pqc,pqc-hybrid,off,18,2,154.707222,0.124230,154.649831,154.764613,0 - default
bikel3,sphincssha2192fsimple,pqc,pqc,off,19,1,18.662105,0.133274,18.602178,18.722033,0 - default
bikel3,p384_sphincssha2192fsimple,pqc,pqc-hybrid,off,18,2,20.905556,0.048655,20.883078,20.928033,0 - default
bikel3,sphincssha2192ssimple,pqc,pqc,off,19,1,269.785263,0.142180,269.721331,269.849195,0 - default
bikel3,p384_sphincssha2192ssimple,pqc,pqc-hybrid,off,20,0,272.088500,0.175837,272.011436,272.165564,0 - default
bikel3,sphincssha2256fsimple,pqc,pqc,off,19,1,31.195789,0.082551,31.158670,31.232909,0 - default
bikel3,p521_sphincssha2256fsimple,pqc,pqc-hybrid,off,20,0,35.675000,0.186646,35.593199,35.756801,0 - default
bikel3,sphincssha2256ssimple,pqc,pqc,off,19,1,245.706316,0.076100,245.672097,245.740535,0 - default
bikel3,p521_sphincssha2256ssimple,pqc,pqc-hybrid,off,18,2,249.851667,0.102168,249.804468,249.898866,0 - default
bikel3,sphincsshake128fsimple,pqc,pqc,off,17,3,21.794118,0.050628,21.770050,21.818185,0 - default
bikel3,p256_sphincsshake128fsimple,pqc,pqc-hybrid,off,19,1,22.691053,0.089560,22.650781,22.731324,0 - default
bikel3,rsa3072_sphincsshake128fsimple,pqc,pqc-hybrid,off,19,1,24.362632,0.098649,24.318274,24.406989,0 - default
bikel3,sphincsshake128ssimple,pqc,pqc,off,19,1,320.741579,0.194573,320.654088,320.829069,0 - default
bikel3,p256_sphincsshake128ssimple,pqc,pqc-hybrid,off,20,0,321.745500,0.266033,321.628906,321.862094,0 - default
bikel3,rsa3072_sphincsshake128ssimple,pqc,pqc-hybrid,off,19,1,323.438947,0.206529,323.346080,323.531814,0 - default
bikel3,sphincsshake192fsimple,pqc,pqc,off,19,1,31.978947,0.068467,31.948161,32.009734,0 - default
bikel3,p384_sphincsshake192fsimple,pqc,pqc-hybrid,off,19,1,34.197895,0.085802,34.159313,34.236476,0 - default
bikel3,sphincsshake192ssimple,pqc,pqc,off,19,1,572.071053,0.196211,571.982825,572.159280,0 - default
bikel3,p384_sphincsshake192ssimple,pqc,pqc-hybrid,off,20,0,574.304000,0.233112,574.201834,574.406166,0 - default
bikel3,sphincsshake256fsimple,pqc,pqc,off,19,1,59.512632,0.092906,59.470856,59.554407,0 - default
bikel3,p521_sphincsshake256fsimple,pqc,pqc-hybrid,off,19,1,63.694211,0.127206,63.637012,63.751409,0 - default
bikel3,sphincsshake256ssimple,pqc,pqc,off,18,2,488.810556,0.488063,488.585082,489.036029,0 - default
bikel3,p521_sphincsshake256ssimple,pqc,pqc-hybrid,off,19,1,492.745789,0.286634,492.616903,492.874676,0 - default
bikel3,ED25519,pqc,classic,off,17,3,4.804706,0.063059,4.774729,4.834682,0 - default
bikel3,ED448,pqc,classic,off,19,1,5.140526,0.070591,5.108785,5.172268,0 - default
p384_bikel3,MLDSA44,pqc-hybrid,pqc,off,17,3,12.041765,0.200663,11.946376,12.137154,0 - default
p384_bikel3,MLDSA65,pqc-hybrid,pqc,off,17,3,12.437647,0.374191,12.259768,12.615526,0 - default
p384_bikel3,MLDSA87,pqc-hybrid,pqc,off,18,2,12.961111,0.433981,12.760622,13.161600,0 - default
p384_bikel3,p256_mldsa44,pqc-hybrid,pqc-hybrid,off,19,1,12.544211,0.096972,12.500607,12.587814,0 - default
p384_bikel3,rsa3072_mldsa44,pqc-hybrid,pqc-hybrid,off,19,1,14.357895,0.085413,14.319489,14.396301,0 - default
p384_bikel3,p384_mldsa65,pqc-hybrid,pqc-hybrid,off,19,1,13.994211,0.145041,13.928992,14.059429,0 - default
p384_bikel3,p521_mldsa87,pqc-hybrid,pqc-hybrid,off,18,2,15.961111,0.120044,15.905654,16.016568,0 - default
p384_bikel3,falcon512,pqc-hybrid,pqc,off,19,1,12.329474,0.084556,12.291453,12.367495,0 - default
p384_bikel3,falcon1024,pqc-hybrid,pqc,off,19,1,12.567368,0.059800,12.540479,12.594258,0 - default
p384_bikel3,p256_falcon512,pqc-hybrid,pqc-hybrid,off,19,1,12.712632,0.070698,12.680842,12.744421,0 - default
p384_bikel3,rsa3072_falcon512,pqc-hybrid,pqc-hybrid,off,18,2,14.467778,0.111226,14.416394,14.519162,0 - default
p384_bikel3,falconpadded512,pqc-hybrid,pqc,off,19,1,12.328421,0.088585,12.288588,12.368254,0 - default
p384_bikel3,p256_falconpadded512,pqc-hybrid,pqc-hybrid,off,18,2,12.712778,0.084213,12.673873,12.751682,0 - default
p384_bikel3,rsa3072_falconpadded512,pqc-hybrid,pqc-hybrid,off,19,1,14.520526,0.140494,14.457352,14.583700,0 - default
p384_bikel3,p521_falcon1024,pqc-hybrid,pqc-hybrid,off,19,1,16.120526,0.068999,16.089501,16.151552,0 - default
p384_bikel3,falconpadded1024,pqc-hybrid,pqc,off,19,1,12.575263,0.048918,12.553267,12.597259,0 - default
p384_bikel3,p521_falconpadded1024,pqc-hybrid,pqc-hybrid,off,19,1,16.203684,0.059181,16.177073,16.230295,0 - default
p384_bikel3,sphincssha2128fsimple,pqc-hybrid,pqc,off,19,1,20.032632,0.096658,19.989169,20.076094,0 - default
p384_bikel3,p256_sphincssha2128fsimple,pqc-hybrid,pqc-hybrid,off,19,1,20.257368,0.097059,20.213725,20.301012,0 - default
p384_bikel3,rsa3072_sphincssha2128fsimple,pqc-hybrid,pqc-hybrid,off,19,1,22.036842,0.116048,21.984660,22.089024,0 - default
p384_bikel3,sphincssha2128ssimple,pqc-hybrid,pqc,off,19,1,158.686842,0.156385,158.616523,158.757161,0 - default
p384_bikel3,p256_sphincssha2128ssimple,pqc-hybrid,pqc-hybrid,off,19,1,159.030526,0.147929,158.964009,159.097043,0 - default
p384_bikel3,rsa3072_sphincssha2128ssimple,pqc-hybrid,pqc-hybrid,off,19,1,160.901579,0.140407,160.838444,160.964713,0 - default
p384_bikel3,sphincssha2192fsimple,pqc-hybrid,pqc,off,19,1,25.493158,0.117948,25.440122,25.546194,0 - default
p384_bikel3,p384_sphincssha2192fsimple,pqc-hybrid,pqc-hybrid,off,19,1,27.125263,0.094538,27.082754,27.167773,0 - default
p384_bikel3,sphincssha2192ssimple,pqc-hybrid,pqc,off,16,4,276.666250,0.093014,276.620673,276.711827,0 - default
p384_bikel3,p384_sphincssha2192ssimple,pqc-hybrid,pqc-hybrid,off,18,2,278.449444,0.112327,278.397552,278.501337,0 - default
p384_bikel3,sphincssha2256fsimple,pqc-hybrid,pqc,off,18,2,38.013889,0.057817,37.987179,38.040599,0 - default
p384_bikel3,p521_sphincssha2256fsimple,pqc-hybrid,pqc-hybrid,off,16,4,41.581250,0.057721,41.552967,41.609533,0 - default
p384_bikel3,sphincssha2256ssimple,pqc-hybrid,pqc,off,18,2,252.183333,0.074439,252.148944,252.217722,0 - default
p384_bikel3,p521_sphincssha2256ssimple,pqc-hybrid,pqc-hybrid,off,18,2,256.047222,0.199729,255.954952,256.139492,0 - default
p384_bikel3,sphincsshake128fsimple,pqc-hybrid,pqc,off,18,2,28.697222,0.088968,28.656121,28.738323,0 - default
p384_bikel3,p256_sphincsshake128fsimple,pqc-hybrid,pqc-hybrid,off,16,4,28.998750,0.065714,28.966550,29.030950,0 - default
p384_bikel3,rsa3072_sphincsshake128fsimple,pqc-hybrid,pqc-hybrid,off,19,1,30.739474,0.108088,30.690871,30.788076,0 - default
p384_bikel3,sphincsshake128ssimple,pqc-hybrid,pqc,off,19,1,327.721053,0.174766,327.642468,327.799637,0 - default
p384_bikel3,p256_sphincsshake128ssimple,pqc-hybrid,pqc-hybrid,off,20,0,327.677500,0.245504,327.569903,327.785097,0 - default
p384_bikel3,rsa3072_sphincsshake128ssimple,pqc-hybrid,pqc-hybrid,off,18,2,329.843889,0.154011,329.772740,329.915038,0 - default
p384_bikel3,sphincsshake192fsimple,pqc-hybrid,pqc,off,19,1,38.781053,0.069594,38.749760,38.812346,0 - default
p384_bikel3,p384_sphincsshake192fsimple,pqc-hybrid,pqc-hybrid,off,17,3,40.526471,0.057439,40.499166,40.553775,0 - default
p384_bikel3,sphincsshake192ssimple,pqc-hybrid,pqc,off,19,1,578.763684,0.247234,578.652514,578.874854,0 - default
p384_bikel3,p384_sphincsshake192ssimple,pqc-hybrid,pqc-hybrid,off,18,2,580.520000,0.172661,580.440235,580.599765,0 - default
p384_bikel3,sphincsshake256fsimple,pqc-hybrid,pqc,off,18,2,66.289444,0.147388,66.221355,66.357534,0 - default
p384_bikel3,p521_sphincsshake256fsimple,pqc-hybrid,pqc-hybrid,off,19,1,69.920526,0.140257,69.857459,69.983593,0 - default
p384_bikel3,sphincsshake256ssimple,pqc-hybrid,pqc,off,19,1,495.255789,0.219274,495.157192,495.354387,0 - default
p384_bikel3,p521_sphincsshake256ssimple,pqc-hybrid,pqc-hybrid,off,19,1,498.930000,0.235254,498.824217,499.035783,0 - default
p384_bikel3,ED25519,pqc-hybrid,classic,off,18,2,11.511667,0.062426,11.482827,11.540506,0 - default
p384_bikel3,ED448,pqc-hybrid,classic,off,19,1,11.814211,0.094594,11.771676,11.856745,0 - default
x448_bikel3,MLDSA44,pqc-hybrid,pqc,off,19,1,6.592632,0.341270,6.439178,6.746085,0 - default
x448_bikel3,MLDSA65,pqc-hybrid,pqc,off,19,1,6.980526,0.584451,6.717725,7.243328,0 - default
x448_bikel3,MLDSA87,pqc-hybrid,pqc,off,19,1,7.154211,0.431642,6.960121,7.348300,0 - default
x448_bikel3,p256_mldsa44,pqc-hybrid,pqc-hybrid,off,19,1,6.930526,0.096923,6.886944,6.974108,0 - default
x448_bikel3,rsa3072_mldsa44,pqc-hybrid,pqc-hybrid,off,19,1,8.604737,0.063628,8.576126,8.633348,0 - default
x448_bikel3,p384_mldsa65,pqc-hybrid,pqc-hybrid,off,19,1,8.328421,0.059839,8.301514,8.355328,0 - default
x448_bikel3,p521_mldsa87,pqc-hybrid,pqc-hybrid,off,19,1,10.340526,0.068270,10.309828,10.371224,0 - default
x448_bikel3,falcon512,pqc-hybrid,pqc,off,19,1,6.613684,0.062558,6.585555,6.641814,0 - default
x448_bikel3,falcon1024,pqc-hybrid,pqc,off,19,1,6.820000,0.104297,6.773103,6.866897,0 - default
x448_bikel3,p256_falcon512,pqc-hybrid,pqc-hybrid,off,19,1,7.060000,0.104934,7.012816,7.107184,0 - default
x448_bikel3,rsa3072_falcon512,pqc-hybrid,pqc-hybrid,off,18,2,8.658889,0.052791,8.634501,8.683277,0 - default
x448_bikel3,falconpadded512,pqc-hybrid,pqc,off,19,1,6.567895,0.098126,6.523772,6.612017,0 - default
x448_bikel3,p256_falconpadded512,pqc-hybrid,pqc-hybrid,off,17,3,7.044706,0.045568,7.023044,7.066368,0 - default
x448_bikel3,rsa3072_falconpadded512,pqc-hybrid,pqc-hybrid,off,18,2,8.676667,0.062309,8.647882,8.705452,0 - default
x448_bikel3,p521_falcon1024,pqc-hybrid,pqc-hybrid,off,19,1,10.576842,0.090618,10.536095,10.617589,0 - default
x448_bikel3,falconpadded1024,pqc-hybrid,pqc,off,16,4,6.878125,0.057064,6.850164,6.906086,0 - default
x448_bikel3,p521_falconpadded1024,pqc-hybrid,pqc-hybrid,off,18,2,10.648333,0.079280,10.611708,10.684959,0 - default
x448_bikel3,sphincssha2128fsimple,pqc-hybrid,pqc,off,17,3,14.077059,0.035136,14.060356,14.093762,0 - default
x448_bikel3,p256_sphincssha2128fsimple,pqc-hybrid,pqc-hybrid,off,19,1,14.591053,0.073628,14.557946,14.624160,0 - default
x448_bikel3,rsa3072_sphincssha2128fsimple,pqc-hybrid,pqc-hybrid,off,18,2,16.211667,0.078084,16.175594,16.247739,0 - default
x448_bikel3,sphincssha2128ssimple,pqc-hybrid,pqc,off,17,3,152.924706,0.065776,152.893438,152.955974,0 - default
x448_bikel3,p256_sphincssha2128ssimple,pqc-hybrid,pqc-hybrid,off,19,1,153.845263,0.082014,153.808385,153.882141,0 - default
x448_bikel3,rsa3072_sphincssha2128ssimple,pqc-hybrid,pqc-hybrid,off,18,2,154.986667,0.060000,154.958948,155.014385,0 - default
x448_bikel3,sphincssha2192fsimple,pqc-hybrid,pqc,off,19,1,19.595263,0.062660,19.567088,19.623439,0 - default
x448_bikel3,p384_sphincssha2192fsimple,pqc-hybrid,pqc-hybrid,off,19,1,21.426842,0.085833,21.388247,21.465437,0 - default
x448_bikel3,sphincssha2192ssimple,pqc-hybrid,pqc,off,19,1,270.806842,0.098548,270.762530,270.851155,0 - default
x448_bikel3,p384_sphincssha2192ssimple,pqc-hybrid,pqc-hybrid,off,19,1,272.677895,0.144475,272.612931,272.742859,0 - default
x448_bikel3,sphincssha2256fsimple,pqc-hybrid,pqc,off,16,4,32.288125,0.054433,32.261453,32.314797,0 - default
x448_bikel3,p521_sphincssha2256fsimple,pqc-hybrid,pqc-hybrid,off,19,1,35.980000,0.099107,35.935436,36.024564,0 - default
x448_bikel3,sphincssha2256ssimple,pqc-hybrid,pqc,off,19,1,246.553158,0.068317,246.522439,246.583877,0 - default
x448_bikel3,p521_sphincssha2256ssimple,pqc-hybrid,pqc-hybrid,off,19,1,250.326316,0.209502,250.232112,250.420520,0 - default
x448_bikel3,sphincsshake128fsimple,pqc-hybrid,pqc,off,19,1,22.834737,0.077414,22.799927,22.869547,0 - default
x448_bikel3,p256_sphincsshake128fsimple,pqc-hybrid,pqc-hybrid,off,18,2,23.342222,0.081136,23.304739,23.379705,0 - default
x448_bikel3,rsa3072_sphincsshake128fsimple,pqc-hybrid,pqc-hybrid,off,19,1,24.942632,0.062079,24.914717,24.970546,0 - default
x448_bikel3,sphincsshake128ssimple,pqc-hybrid,pqc,off,19,1,321.695789,0.135373,321.634919,321.756660,0 - default
x448_bikel3,p256_sphincsshake128ssimple,pqc-hybrid,pqc-hybrid,off,19,1,322.483158,0.212892,322.387430,322.578886,0 - default
x448_bikel3,rsa3072_sphincsshake128ssimple,pqc-hybrid,pqc-hybrid,off,19,1,324.089474,0.174689,324.010924,324.168024,0 - default
x448_bikel3,sphincsshake192fsimple,pqc-hybrid,pqc,off,18,2,33.023333,0.054341,32.998229,33.048438,0 - default
x448_bikel3,p384_sphincsshake192fsimple,pqc-hybrid,pqc-hybrid,off,18,2,34.848333,0.116682,34.794429,34.902238,0 - default
x448_bikel3,sphincsshake192ssimple,pqc-hybrid,pqc,off,18,2,573.104444,0.131069,573.043894,573.164995,0 - default
x448_bikel3,p384_sphincsshake192ssimple,pqc-hybrid,pqc-hybrid,off,19,1,574.270526,0.200817,574.180228,574.360825,0 - default
x448_bikel3,sphincsshake256fsimple,pqc-hybrid,pqc,off,18,2,60.485556,0.052269,60.461409,60.509703,0 - default
x448_bikel3,p521_sphincsshake256fsimple,pqc-hybrid,pqc-hybrid,off,19,1,64.316316,0.088268,64.276626,64.356006,0 - default
x448_bikel3,sphincsshake256ssimple,pqc-hybrid,pqc,off,19,1,489.346842,0.151219,489.278846,489.414839,0 - default
x448_bikel3,p521_sphincsshake256ssimple,pqc-hybrid,pqc-hybrid,off,19,1,495.005263,0.164295,494.931387,495.079139,0 - default
x448_bikel3,ED25519,pqc-hybrid,classic,off,19,1,5.768947,0.092850,5.727197,5.810698,0 - default
x448_bikel3,ED448,pqc-hybrid,classic,off,19,1,6.040526,0.070354,6.008891,6.072161,0 - default
bikel5,MLDSA44,pqc,pqc,off,20,0,8.914000,0.287428,8.788029,9.039971,0 - default
bikel5,MLDSA65,pqc,pqc,off,20,0,9.534000,0.668214,9.241142,9.826858,0 - default
bikel5,MLDSA87,pqc,pqc,off,18,2,9.574444,0.522192,9.333204,9.815685,0 - default
bikel5,p256_mldsa44,pqc,pqc-hybrid,off,18,2,9.747778,0.116445,9.693983,9.801573,0 - default
bikel5,rsa3072_mldsa44,pqc,pqc-hybrid,off,19,1,11.448947,0.072334,11.416422,11.481473,0 - default
bikel5,p384_mldsa65,pqc,pqc-hybrid,off,19,1,11.248947,0.112541,11.198343,11.299552,0 - default
bikel5,p521_mldsa87,pqc,pqc-hybrid,off,19,1,13.235789,0.109611,13.186502,13.285077,0 - default
bikel5,falcon512,pqc,pqc,off,19,1,8.951579,0.099625,8.906782,8.996376,0 - default
bikel5,falcon1024,pqc,pqc,off,18,2,9.213889,0.056687,9.187701,9.240077,0 - default
bikel5,p256_falcon512,pqc,pqc-hybrid,off,18,2,9.799444,0.074713,9.764929,9.833960,0 - default
bikel5,rsa3072_falcon512,pqc,pqc-hybrid,off,18,2,11.491667,0.061381,11.463310,11.520023,0 - default
bikel5,falconpadded512,pqc,pqc,off,19,1,8.950526,0.072837,8.917775,8.983278,0 - default
bikel5,p256_falconpadded512,pqc,pqc-hybrid,off,19,1,9.808947,0.076876,9.774380,9.843515,0 - default
bikel5,rsa3072_falconpadded512,pqc,pqc-hybrid,off,18,2,11.527222,0.076758,11.491762,11.562683,0 - default
bikel5,p521_falcon1024,pqc,pqc-hybrid,off,19,1,13.368947,0.082724,13.331750,13.406145,0 - default
bikel5,falconpadded1024,pqc,pqc,off,18,2,9.220000,0.056983,9.193675,9.246325,0 - default
bikel5,p521_falconpadded1024,pqc,pqc-hybrid,off,17,3,13.371176,0.059674,13.342809,13.399544,0 - default
bikel5,sphincssha2128fsimple,pqc,pqc,off,19,1,16.574737,0.118480,16.521462,16.628012,0 - default
bikel5,p256_sphincssha2128fsimple,pqc,pqc-hybrid,off,19,1,17.455789,0.106683,17.407819,17.503760,0 - default
bikel5,rsa3072_sphincssha2128fsimple,pqc,pqc-hybrid,off,19,1,19.123158,0.075133,19.089374,19.156942,0 - default
bikel5,sphincssha2128ssimple,pqc,pqc,off,19,1,155.342632,0.102026,155.296755,155.388508,0 - default
bikel5,p256_sphincssha2128ssimple,pqc,pqc-hybrid,off,19,1,156.253158,0.086349,156.214331,156.291985,0 - default
bikel5,rsa3072_sphincssha2128ssimple,pqc,pqc-hybrid,off,18,2,158.036111,0.094317,157.992539,158.079683,0 - default
bikel5,sphincssha2192fsimple,pqc,pqc,off,18,2,22.081667,0.120061,22.026201,22.137132,0 - default
bikel5,p384_sphincssha2192fsimple,pqc,pqc-hybrid,off,19,1,24.283158,0.086862,24.244100,24.322216,0 - default
bikel5,sphincssha2192ssimple,pqc,pqc,off,18,2,273.432222,0.087552,273.391775,273.472669,0 - default
bikel5,p384_sphincssha2192ssimple,pqc,pqc-hybrid,off,17,3,275.494118,0.067921,275.461830,275.526405,0 - default
bikel5,sphincssha2256fsimple,pqc,pqc,off,19,1,34.527368,0.085039,34.489130,34.565606,0 - default
bikel5,p521_sphincssha2256fsimple,pqc,pqc-hybrid,off,19,1,38.734737,0.116303,38.682441,38.787033,0 - default
bikel5,sphincssha2256ssimple,pqc,pqc,off,20,0,249.554500,0.196829,249.468236,249.640764,0 - default
bikel5,p521_sphincssha2256ssimple,pqc,pqc-hybrid,off,18,2,254.421111,0.087776,254.380561,254.461661,0 - default
bikel5,sphincsshake128fsimple,pqc,pqc,off,19,1,25.220000,0.081035,25.183562,25.256438,0 - default
bikel5,p256_sphincsshake128fsimple,pqc,pqc-hybrid,off,19,1,26.098947,0.122015,26.044083,26.153812,0 - default
bikel5,rsa3072_sphincsshake128fsimple,pqc,pqc-hybrid,off,17,3,27.821765,0.066071,27.790356,27.853173,0 - default
bikel5,sphincsshake128ssimple,pqc,pqc,off,19,1,324.317895,0.178406,324.237674,324.398116,0 - default
bikel5,p256_sphincsshake128ssimple,pqc,pqc-hybrid,off,17,3,325.061765,0.089599,325.019172,325.104357,0 - default
bikel5,rsa3072_sphincsshake128ssimple,pqc,pqc-hybrid,off,18,2,326.801667,0.116379,326.747902,326.855431,0 - default
bikel5,sphincsshake192fsimple,pqc,pqc,off,18,2,35.376667,0.060098,35.348903,35.404431,0 - default
bikel5,p384_sphincsshake192fsimple,pqc,pqc-hybrid,off,19,1,37.652632,0.133784,37.592475,37.712788,0 - default
bikel5,sphincsshake192ssimple,pqc,pqc,off,19,1,575.587895,0.177156,575.508236,575.667554,0 - default
bikel5,p384_sphincsshake192ssimple,pqc,pqc-hybrid,off,19,1,577.177368,0.175811,577.098314,577.256422,0 - default
bikel5,sphincsshake256fsimple,pqc,pqc,off,18,2,62.884444,0.069724,62.852234,62.916655,0 - default
bikel5,p521_sphincsshake256fsimple,pqc,pqc-hybrid,off,18,2,67.082222,0.075503,67.047342,67.117103,0 - default
bikel5,sphincsshake256ssimple,pqc,pqc,off,19,1,491.813158,0.115424,491.761257,491.865059,0 - default
bikel5,p521_sphincsshake256ssimple,pqc,pqc-hybrid,off,20,0,496.121500,0.275782,496.000633,496.242367,0 - default
bikel5,ED25519,pqc,classic,off,19,1,8.265789,0.080091,8.229776,8.301803,0 - default
bikel5,ED448,pqc,classic,off,18,2,8.591111,0.069780,8.558874,8.623348,0 - default
p521_bikel5,MLDSA44,pqc-hybrid,pqc,off,19,1,19.816842,0.386840,19.642898,19.990786,0 - default
p521_bikel5,MLDSA65,pqc-hybrid,pqc,off,16,4,19.966875,0.313788,19.813119,20.120631,0 - default
p521_bikel5,MLDSA87,pqc-hybrid,pqc,off,19,1,20.877895,0.659559,20.581321,21.174468,0 - default
p521_bikel5,p256_mldsa44,pqc-hybrid,pqc-hybrid,off,19,1,20.123158,0.135485,20.062236,20.184079,0 - default
p521_bikel5,rsa3072_mldsa44,pqc-hybrid,pqc-hybrid,off,19,1,21.958421,0.143305,21.893983,22.022859,0 - default
p521_bikel5,p384_mldsa65,pqc-hybrid,pqc-hybrid,off,19,1,21.493158,0.135115,21.432403,21.553913,0 - default
p521_bikel5,p521_mldsa87,pqc-hybrid,pqc-hybrid,off,19,1,23.526842,0.139644,23.464050,23.589634,0 - default
p521_bikel5,falcon512,pqc-hybrid,pqc,off,19,1,19.855263,0.084615,19.817216,19.893311,0 - default
p521_bikel5,falcon1024,pqc-hybrid,pqc,off,19,1,20.124211,0.056991,20.098584,20.149837,0 - default
p521_bikel5,p256_falcon512,pqc-hybrid,pqc-hybrid,off,19,1,20.200526,0.089534,20.160267,20.240786,0 - default
p521_bikel5,rsa3072_falcon512,pqc-hybrid,pqc-hybrid,off,19,1,21.987368,0.124134,21.931551,22.043186,0 - default
p521_bikel5,falconpadded512,pqc-hybrid,pqc,off,19,1,19.830000,0.092856,19.788247,19.871753,0 - default
p521_bikel5,p256_falconpadded512,pqc-hybrid,pqc-hybrid,off,18,2,20.168333,0.073425,20.134413,20.202254,0 - default
p521_bikel5,rsa3072_falconpadded512,pqc-hybrid,pqc-hybrid,off,19,1,21.984737,0.129802,21.926371,22.043103,0 - default
p521_bikel5,p521_falcon1024,pqc-hybrid,pqc-hybrid,off,19,1,23.720000,0.070946,23.688099,23.751901,0 - default
p521_bikel5,falconpadded1024,pqc-hybrid,pqc,off,17,3,20.101765,0.034139,20.085536,20.117993,0 - default
p521_bikel5,p521_falconpadded1024,pqc-hybrid,pqc-hybrid,off,17,3,23.724706,0.043029,23.704251,23.745160,0 - default
p521_bikel5,sphincssha2128fsimple,pqc-hybrid,pqc,off,18,2,27.387222,0.065242,27.357082,27.417363,0 - default
p521_bikel5,p256_sphincssha2128fsimple,pqc-hybrid,pqc-hybrid,off,19,1,27.808947,0.090302,27.768343,27.849552,0 - default
p521_bikel5,rsa3072_sphincssha2128fsimple,pqc-hybrid,pqc-hybrid,off,19,1,29.717368,0.137915,29.655354,29.779382,0 - default
p521_bikel5,sphincssha2128ssimple,pqc-hybrid,pqc,off,19,1,166.247895,0.153572,166.178841,166.316949,0 - default
p521_bikel5,p256_sphincssha2128ssimple,pqc-hybrid,pqc-hybrid,off,19,1,166.511579,0.113150,166.460700,166.562457,0 - default
p521_bikel5,rsa3072_sphincssha2128ssimple,pqc-hybrid,pqc-hybrid,off,19,1,168.307895,0.093487,168.265858,168.349931,0 - default
p521_bikel5,sphincssha2192fsimple,pqc-hybrid,pqc,off,19,1,32.947895,0.102447,32.901829,32.993960,0 - default
p521_bikel5,p384_sphincssha2192fsimple,pqc-hybrid,pqc-hybrid,off,19,1,34.671053,0.095213,34.628240,34.713866,0 - default
p521_bikel5,sphincssha2192ssimple,pqc-hybrid,pqc,off,17,3,284.144706,0.077469,284.107879,284.181532,0 - default
p521_bikel5,p384_sphincssha2192ssimple,pqc-hybrid,pqc-hybrid,off,20,0,286.162500,0.211059,286.069999,286.255001,0 - default
p521_bikel5,sphincssha2256fsimple,pqc-hybrid,pqc,off,19,1,45.611053,0.071406,45.578945,45.643161,0 - default
p521_bikel5,p521_sphincssha2256fsimple,pqc-hybrid,pqc-hybrid,off,19,1,49.152105,0.092591,49.110471,49.193739,0 - default
p521_bikel5,sphincssha2256ssimple,pqc-hybrid,pqc,off,19,1,260.026316,0.153956,259.957089,260.095543,0 - default
p521_bikel5,p521_sphincssha2256ssimple,pqc-hybrid,pqc-hybrid,off,19,1,263.476842,0.132709,263.417169,263.536515,0 - default
p521_bikel5,sphincsshake128fsimple,pqc-hybrid,pqc,off,17,3,36.255294,0.069202,36.222397,36.288191,0 - default
p521_bikel5,p256_sphincsshake128fsimple,pqc-hybrid,pqc-hybrid,off,19,1,36.552632,0.088559,36.512811,36.592453,0 - default
p521_bikel5,rsa3072_sphincsshake128fsimple,pqc-hybrid,pqc-hybrid,off,19,1,38.365263,0.105534,38.317809,38.412717,0 - default
p521_bikel5,sphincsshake128ssimple,pqc-hybrid,pqc,off,19,1,335.063158,0.167533,334.987826,335.138490,0 - default
p521_bikel5,p256_sphincsshake128ssimple,pqc-hybrid,pqc-hybrid,off,18,2,335.115556,0.128760,335.056072,335.175040,0 - default
p521_bikel5,rsa3072_sphincsshake128ssimple,pqc-hybrid,pqc-hybrid,off,19,1,337.114737,0.149122,337.047683,337.181790,0 - default
p521_bikel5,sphincsshake192fsimple,pqc-hybrid,pqc,off,18,2,46.316111,0.049365,46.293306,46.338917,0 - default
p521_bikel5,p384_sphincsshake192fsimple,pqc-hybrid,pqc-hybrid,off,18,2,48.052222,0.092263,48.009599,48.094845,0 - default
p521_bikel5,sphincsshake192ssimple,pqc-hybrid,pqc,off,19,1,586.596316,0.169188,586.520240,586.672392,0 - default
p521_bikel5,p384_sphincsshake192ssimple,pqc-hybrid,pqc-hybrid,off,19,1,588.104737,0.219377,588.006093,588.203381,0 - default
p521_bikel5,sphincsshake256fsimple,pqc-hybrid,pqc,off,18,2,73.870556,0.116693,73.816646,73.924465,0 - default
p521_bikel5,p521_sphincsshake256fsimple,pqc-hybrid,pqc-hybrid,off,18,2,77.382778,0.146159,77.315256,77.450300,0 - default
p521_bikel5,sphincsshake256ssimple,pqc-hybrid,pqc,off,19,1,502.817368,0.181072,502.735948,502.898788,0 - default
p521_bikel5,p521_sphincsshake256ssimple,pqc-hybrid,pqc-hybrid,off,20,0,506.513500,0.255060,506.401715,506.625285,0 - default
p521_bikel5,ED25519,pqc-hybrid,classic,off,19,1,19.137895,0.092170,19.096450,19.179339,0 - default
p521_bikel5,ED448,pqc-hybrid,classic,off,19,1,19.387895,0.087469,19.348564,19.427226,0 - default
hqc128,MLDSA44,pqc,pqc,off,20,0,31.973500,0.202648,31.884686,32.062314,0 - default
hqc128,MLDSA65,pqc,pqc,off,18,2,32.491667,0.354886,32.327718,32.655616,0 - default
hqc128,MLDSA87,pqc,pqc,off,18,2,32.720000,0.425676,32.523348,32.916652,0 - default
hqc128,p256_mldsa44,pqc,pqc-hybrid,off,18,2,32.920000,0.073405,32.886089,32.953911,0 - default
hqc128,rsa3072_mldsa44,pqc,pqc-hybrid,off,19,1,34.598947,0.087806,34.559465,34.638430,0 - default
hqc128,p384_mldsa65,pqc,pqc-hybrid,off,19,1,34.326842,0.098661,34.282479,34.371205,0 - default
hqc128,p521_mldsa87,pqc,pqc-hybrid,off,17,3,36.357059,0.065361,36.325988,36.388129,0 - default
hqc128,falcon512,pqc,pqc,off,19,1,32.124211,0.089958,32.083761,32.164660,0 - default
hqc128,falcon1024,pqc,pqc,off,20,0,32.355500,0.076121,32.322138,32.388862,0 - default
hqc128,p256_falcon512,pqc,pqc-hybrid,off,19,1,32.956316,0.066517,32.926406,32.986226,0 - default
hqc128,rsa3072_falcon512,pqc,pqc-hybrid,off,19,1,34.663158,0.081449,34.626534,34.699782,0 - default
hqc128,falconpadded512,pqc,pqc,off,19,1,32.077368,0.092065,32.035971,32.118766,0 - default
hqc128,p256_falconpadded512,pqc,pqc-hybrid,off,19,1,32.956842,0.061287,32.929284,32.984400,0 - default
hqc128,rsa3072_falconpadded512,pqc,pqc-hybrid,off,19,1,34.675789,0.083621,34.638189,34.713390,0 - default
hqc128,p521_falcon1024,pqc,pqc-hybrid,off,18,2,36.478333,0.066355,36.447679,36.508988,0 - default
hqc128,falconpadded1024,pqc,pqc,off,19,1,32.324211,0.052102,32.300783,32.347638,0 - default
hqc128,p521_falconpadded1024,pqc,pqc-hybrid,off,18,2,36.500000,0.069874,36.467720,36.532280,0 - default
hqc128,sphincssha2128fsimple,pqc,pqc,off,18,2,39.710556,0.058054,39.683736,39.737375,0 - default
hqc128,p256_sphincssha2128fsimple,pqc,pqc-hybrid,off,18,2,40.584444,0.096785,40.539732,40.629157,0 - default
hqc128,rsa3072_sphincssha2128fsimple,pqc,pqc-hybrid,off,19,1,42.270000,0.070789,42.238169,42.301831,0 - default
hqc128,sphincssha2128ssimple,pqc,pqc,off,19,1,178.543158,0.114506,178.491670,178.594646,0 - default
hqc128,p256_sphincssha2128ssimple,pqc,pqc-hybrid,off,17,3,179.417059,0.081606,179.378266,179.455852,0 - default
hqc128,rsa3072_sphincssha2128ssimple,pqc,pqc-hybrid,off,19,1,181.103684,0.093880,181.061471,181.145898,0 - default
hqc128,sphincssha2192fsimple,pqc,pqc,off,20,0,45.215500,0.090174,45.175980,45.255020,0 - default
hqc128,p384_sphincssha2192fsimple,pqc,pqc-hybrid,off,19,1,47.408947,0.084386,47.371003,47.446892,0 - default
hqc128,sphincssha2192ssimple,pqc,pqc,off,20,0,296.246500,0.146943,296.182099,296.310901,0 - default
hqc128,p384_sphincssha2192ssimple,pqc,pqc-hybrid,off,19,1,298.556316,0.161493,298.483700,298.628932,0 - default
hqc128,sphincssha2256fsimple,pqc,pqc,off,19,1,57.667368,0.083722,57.629722,57.705014,0 - default
hqc128,p521_sphincssha2256fsimple,pqc,pqc-hybrid,off,18,2,61.877778,0.099443,61.831838,61.923718,0 - default
hqc128,sphincssha2256ssimple,pqc,pqc,off,18,2,273.230556,0.125907,273.172389,273.288722,0 - default
hqc128,p521_sphincssha2256ssimple,pqc,pqc-hybrid,off,19,1,276.684211,0.162286,276.611238,276.757183,0 - default
hqc128,sphincsshake128fsimple,pqc,pqc,off,20,0,48.404000,0.104045,48.358400,48.449600,0 - default
hqc128,p256_sphincsshake128fsimple,pqc,pqc-hybrid,off,19,1,49.297895,0.072079,49.265484,49.330305,0 - default
hqc128,rsa3072_sphincsshake128fsimple,pqc,pqc-hybrid,off,19,1,50.942105,0.134972,50.881414,51.002796,0 - default
hqc128,sphincsshake128ssimple,pqc,pqc,off,20,0,347.113000,0.108778,347.065326,347.160674,0 - default
hqc128,p256_sphincsshake128ssimple,pqc,pqc-hybrid,off,19,1,348.319474,0.180969,348.238100,348.400847,0 - default
hqc128,rsa3072_sphincsshake128ssimple,pqc,pqc-hybrid,off,17,3,349.728235,0.095540,349.682818,349.773652,0 - default
hqc128,sphincsshake192fsimple,pqc,pqc,off,16,4,58.521875,0.045493,58.499584,58.544166,0 - default
hqc128,p384_sphincsshake192fsimple,pqc,pqc-hybrid,off,18,2,60.726111,0.067662,60.694853,60.757369,0 - default
hqc128,sphincsshake192ssimple,pqc,pqc,off,20,0,598.570500,0.204540,598.480856,598.660144,0 - default
hqc128,p384_sphincsshake192ssimple,pqc,pqc-hybrid,off,19,1,600.747368,0.115125,600.695602,600.799135,0 - default
hqc128,sphincsshake256fsimple,pqc,pqc,off,18,2,86.145556,0.118034,86.091027,86.200084,0 - default
hqc128,p521_sphincsshake256fsimple,pqc,pqc-hybrid,off,19,1,90.156842,0.126800,90.099826,90.213859,0 - default
hqc128,sphincsshake256ssimple,pqc,pqc,off,19,1,514.995789,0.172669,514.918148,515.073431,0 - default
hqc128,p521_sphincsshake256ssimple,pqc,pqc-hybrid,off,20,0,519.226000,0.212563,519.132840,519.319160,0 - default
hqc128,ED25519,pqc,classic,off,20,0,31.380000,0.099578,31.336358,31.423642,0 - default
hqc128,ED448,pqc,classic,off,20,0,31.689000,0.096948,31.646511,31.731489,0 - default
p256_hqc128,MLDSA44,pqc-hybrid,pqc,off,19,1,36.122632,0.372452,35.955157,36.290106,0 - default
p256_hqc128,MLDSA65,pqc-hybrid,pqc,off,17,3,36.130000,0.503240,35.890775,36.369225,0 - default
p256_hqc128,MLDSA87,pqc-hybrid,pqc,off,19,1,37.087368,0.797579,36.728733,37.446003,0 - default
p256_hqc128,p256_mldsa44,pqc-hybrid,pqc-hybrid,off,19,1,36.300526,0.136238,36.239266,36.361786,0 - default
p256_hqc128,rsa3072_mldsa44,pqc-hybrid,pqc-hybrid,off,19,1,38.098421,0.101940,38.052583,38.144259,0 - default
p256_hqc128,p384_mldsa65,pqc-hybrid,pqc-hybrid,off,19,1,37.743684,0.130606,37.684957,37.802412,0 - default
p256_hqc128,p521_mldsa87,pqc-hybrid,pqc-hybrid,off,19,1,39.683158,0.122975,39.627862,39.738454,0 - default
p256_hqc128,falcon512,pqc-hybrid,pqc,off,19,1,36.032105,0.112624,35.981463,36.082747,0 - default
p256_hqc128,falcon1024,pqc-hybrid,pqc,off,19,1,36.309474,0.062758,36.281254,36.337693,0 - default
p256_hqc128,p256_falcon512,pqc-hybrid,pqc-hybrid,off,18,2,36.469444,0.089867,36.427928,36.510961,0 - default
p256_hqc128,rsa3072_falcon512,pqc-hybrid,pqc-hybrid,off,19,1,38.277895,0.116932,38.225316,38.330474,0 - default
p256_hqc128,falconpadded512,pqc-hybrid,pqc,off,19,1,36.071053,0.120918,36.016681,36.125424,0 - default
p256_hqc128,p256_falconpadded512,pqc-hybrid,pqc-hybrid,off,20,0,36.439500,0.160475,36.369169,36.509831,0 - default
p256_hqc128,rsa3072_falconpadded512,pqc-hybrid,pqc-hybrid,off,19,1,38.308947,0.181961,38.227128,38.390767,0 - default
p256_hqc128,p521_falcon1024,pqc-hybrid,pqc-hybrid,off,17,3,40.001176,0.039192,39.982546,40.019807,0 - default
p256_hqc128,falconpadded1024,pqc-hybrid,pqc,off,18,2,36.375556,0.068361,36.343974,36.407137,0 - default
p256_hqc128,p521_falconpadded1024,pqc-hybrid,pqc-hybrid,off,17,3,39.912941,0.053475,39.887521,39.938362,0 - default
p256_hqc128,sphincssha2128fsimple,pqc-hybrid,pqc,off,19,1,43.744737,0.128727,43.686854,43.802620,0 - default
p256_hqc128,p256_sphincssha2128fsimple,pqc-hybrid,pqc-hybrid,off,19,1,44.073684,0.142915,44.009422,44.137946,0 - default
p256_hqc128,rsa3072_sphincssha2128fsimple,pqc-hybrid,pqc-hybrid,off,19,1,45.818947,0.110800,45.769126,45.868769,0 - default
p256_hqc128,sphincssha2128ssimple,pqc-hybrid,pqc,off,19,1,182.393684,0.145725,182.328158,182.459210,0 - default
p256_hqc128,p256_sphincssha2128ssimple,pqc-hybrid,pqc-hybrid,off,20,0,182.850000,0.202848,182.761098,182.938902,0 - default
p256_hqc128,rsa3072_sphincssha2128ssimple,pqc-hybrid,pqc-hybrid,off,19,1,184.580526,0.105907,184.532905,184.628148,0 - default
p256_hqc128,sphincssha2192fsimple,pqc-hybrid,pqc,off,19,1,49.257368,0.126440,49.200514,49.314223,0 - default
p256_hqc128,p384_sphincssha2192fsimple,pqc-hybrid,pqc-hybrid,off,19,1,50.812632,0.071790,50.780351,50.844912,0 - default
p256_hqc128,sphincssha2192ssimple,pqc-hybrid,pqc,off,18,2,300.311667,0.112577,300.259659,300.363674,0 - default
p256_hqc128,p384_sphincssha2192ssimple,pqc-hybrid,pqc-hybrid,off,20,0,301.976000,0.236185,301.872488,302.079512,0 - default
p256_hqc128,sphincssha2256fsimple,pqc-hybrid,pqc,off,19,1,61.741579,0.100403,61.696432,61.786726,0 - default
p256_hqc128,p521_sphincssha2256fsimple,pqc-hybrid,pqc-hybrid,off,19,1,65.410000,0.088506,65.370203,65.449797,0 - default
p256_hqc128,sphincssha2256ssimple,pqc-hybrid,pqc,off,19,1,276.184211,0.132343,276.124702,276.243719,0 - default
p256_hqc128,p521_sphincssha2256ssimple,pqc-hybrid,pqc-hybrid,off,17,3,279.780588,0.111662,279.727508,279.833669,0 - default
p256_hqc128,sphincsshake128fsimple,pqc-hybrid,pqc,off,17,3,52.411765,0.070021,52.378479,52.445051,0 - default
p256_hqc128,p256_sphincsshake128fsimple,pqc-hybrid,pqc-hybrid,off,16,4,52.767500,0.044045,52.745918,52.789082,0 - default
p256_hqc128,rsa3072_sphincsshake128fsimple,pqc-hybrid,pqc-hybrid,off,19,1,54.547368,0.171621,54.470198,54.624539,0 - default
p256_hqc128,sphincsshake128ssimple,pqc-hybrid,pqc,off,19,1,351.117368,0.152783,351.048669,351.186068,0 - default
p256_hqc128,p256_sphincsshake128ssimple,pqc-hybrid,pqc-hybrid,off,17,3,351.570000,0.080777,351.531601,351.608399,0 - default
p256_hqc128,rsa3072_sphincsshake128ssimple,pqc-hybrid,pqc-hybrid,off,19,1,353.718947,0.161929,353.646135,353.791760,0 - default
p256_hqc128,sphincsshake192fsimple,pqc-hybrid,pqc,off,18,2,62.490556,0.065302,62.460387,62.520724,0 - default
p256_hqc128,p384_sphincsshake192fsimple,pqc-hybrid,pqc-hybrid,off,19,1,64.345263,0.089837,64.304867,64.385659,0 - default
p256_hqc128,sphincsshake192ssimple,pqc-hybrid,pqc,off,19,1,602.718421,0.216186,602.621212,602.815630,0 - default
p256_hqc128,p384_sphincsshake192ssimple,pqc-hybrid,pqc-hybrid,off,19,1,604.168947,0.180613,604.087734,604.250161,0 - default
p256_hqc128,sphincsshake256fsimple,pqc-hybrid,pqc,off,19,1,89.974737,0.099631,89.929937,90.019536,0 - default
p256_hqc128,p521_sphincsshake256fsimple,pqc-hybrid,pqc-hybrid,off,18,2,93.610000,0.091908,93.567541,93.652459,0 - default
p256_hqc128,sphincsshake256ssimple,pqc-hybrid,pqc,off,19,1,519.029474,0.207805,518.936033,519.122914,0 - default
p256_hqc128,p521_sphincsshake256ssimple,pqc-hybrid,pqc-hybrid,off,20,0,522.589500,0.197896,522.502768,522.676232,0 - default
p256_hqc128,ED25519,pqc-hybrid,classic,off,18,2,35.276111,0.044343,35.255625,35.296597,0 - default
p256_hqc128,ED448,pqc-hybrid,classic,off,19,1,35.562105,0.085802,35.523524,35.600687,0 - default
x25519_hqc128,MLDSA44,pqc-hybrid,pqc,off,20,0,32.187500,0.435417,31.996670,32.378330,0 - default
x25519_hqc128,MLDSA65,pqc-hybrid,pqc,off,20,0,32.882500,0.828289,32.519487,33.245513,0 - default
x25519_hqc128,MLDSA87,pqc-hybrid,pqc,off,19,1,32.940526,0.487653,32.721251,33.159802,0 - default
x25519_hqc128,p256_mldsa44,pqc-hybrid,pqc-hybrid,off,19,1,32.632632,0.087168,32.593436,32.671827,0 - default
x25519_hqc128,rsa3072_mldsa44,pqc-hybrid,pqc-hybrid,off,19,1,34.324211,0.117913,34.271190,34.377231,0 - default
x25519_hqc128,p384_mldsa65,pqc-hybrid,pqc-hybrid,off,19,1,34.122632,0.112736,34.071939,34.173324,0 - default
x25519_hqc128,p521_mldsa87,pqc-hybrid,pqc-hybrid,off,19,1,36.113158,0.136628,36.051722,36.174593,0 - default
x25519_hqc128,falcon512,pqc-hybrid,pqc,off,19,1,32.303684,0.079037,32.268145,32.339223,0 - default
x25519_hqc128,falcon1024,pqc-hybrid,pqc,off,19,1,32.537895,0.052237,32.514406,32.561383,0 - default
x25519_hqc128,p256_falcon512,pqc-hybrid,pqc-hybrid,off,19,1,32.756316,0.057175,32.730607,32.782025,0 - default
x25519_hqc128,rsa3072_falcon512,pqc-hybrid,pqc-hybrid,off,19,1,34.408421,0.125178,34.352134,34.464708,0 - default
x25519_hqc128,falconpadded512,pqc-hybrid,pqc,off,19,1,32.292105,0.061786,32.264323,32.319888,0 - default
x25519_hqc128,p256_falconpadded512,pqc-hybrid,pqc-hybrid,off,19,1,32.793684,0.070570,32.761952,32.825416,0 - default
x25519_hqc128,rsa3072_falconpadded512,pqc-hybrid,pqc-hybrid,off,18,2,34.417222,0.131319,34.356556,34.477889,0 - default
x25519_hqc128,p521_falcon1024,pqc-hybrid,pqc-hybrid,off,19,1,36.293684,0.067922,36.263143,36.324226,0 - default
x25519_hqc128,falconpadded1024,pqc-hybrid,pqc,off,19,1,32.556316,0.047751,32.534845,32.577787,0 - default
x25519_hqc128,p521_falconpadded1024,pqc-hybrid,pqc-hybrid,off,18,2,36.286111,0.047047,36.264377,36.307846,0 - default
x25519_hqc128,sphincssha2128fsimple,pqc-hybrid,pqc,off,19,1,39.846842,0.119166,39.793258,39.900426,0 - default
x25519_hqc128,p256_sphincssha2128fsimple,pqc-hybrid,pqc-hybrid,off,19,1,40.386842,0.104725,40.339752,40.433932,0 - default
x25519_hqc128,rsa3072_sphincssha2128fsimple,pqc-hybrid,pqc-hybrid,off,19,1,42.028421,0.135821,41.967348,42.089494,0 - default
x25519_hqc128,sphincssha2128ssimple,pqc-hybrid,pqc,off,19,1,178.580000,0.147385,178.513728,178.646272,0 - default
x25519_hqc128,p256_sphincssha2128ssimple,pqc-hybrid,pqc-hybrid,off,20,0,179.217000,0.194641,179.131695,179.302305,0 - default
x25519_hqc128,rsa3072_sphincssha2128ssimple,pqc-hybrid,pqc-hybrid,off,19,1,180.794211,0.125047,180.737982,180.850439,0 - default
x25519_hqc128,sphincssha2192fsimple,pqc-hybrid,pqc,off,19,1,45.385789,0.140171,45.322761,45.448818,0 - default
x25519_hqc128,p384_sphincssha2192fsimple,pqc-hybrid,pqc-hybrid,off,19,1,47.124211,0.085135,47.085929,47.162492,0 - default
x25519_hqc128,sphincssha2192ssimple,pqc-hybrid,pqc,off,19,1,296.484211,0.114907,296.432542,296.535879,0 - default
x25519_hqc128,p384_sphincssha2192ssimple,pqc-hybrid,pqc-hybrid,off,19,1,298.845263,0.128338,298.787555,298.902971,0 - default
x25519_hqc128,sphincssha2256fsimple,pqc-hybrid,pqc,off,19,1,57.930526,0.087081,57.891370,57.969683,0 - default
x25519_hqc128,p521_sphincssha2256fsimple,pqc-hybrid,pqc-hybrid,off,19,1,61.666316,0.067594,61.635922,61.696710,0 - default
x25519_hqc128,sphincssha2256ssimple,pqc-hybrid,pqc,off,19,1,272.224211,0.139933,272.161289,272.287132,0 - default
x25519_hqc128,p521_sphincssha2256ssimple,pqc-hybrid,pqc-hybrid,off,18,2,276.083333,0.140210,276.018560,276.148107,0 - default
x25519_hqc128,sphincsshake128fsimple,pqc-hybrid,pqc,off,19,1,48.567895,0.059589,48.541100,48.594689,0 - default
x25519_hqc128,p256_sphincsshake128fsimple,pqc-hybrid,pqc-hybrid,off,19,1,49.069474,0.068026,49.038886,49.100062,0 - default
x25519_hqc128,rsa3072_sphincsshake128fsimple,pqc-hybrid,pqc-hybrid,off,19,1,50.745789,0.121898,50.690978,50.800601,0 - default
x25519_hqc128,sphincsshake128ssimple,pqc-hybrid,pqc,off,19,1,347.633158,0.150335,347.565559,347.700757,0 - default
x25519_hqc128,p256_sphincsshake128ssimple,pqc-hybrid,pqc-hybrid,off,19,1,347.816316,0.167439,347.741026,347.891605,0 - default
x25519_hqc128,rsa3072_sphincsshake128ssimple,pqc-hybrid,pqc-hybrid,off,19,1,349.487368,0.175874,349.408286,349.566451,0 - default
x25519_hqc128,sphincsshake192fsimple,pqc-hybrid,pqc,off,19,1,58.688947,0.057047,58.663296,58.714599,0 - default
x25519_hqc128,p384_sphincsshake192fsimple,pqc-hybrid,pqc-hybrid,off,18,2,60.520556,0.066019,60.490056,60.551055,0 - default
x25519_hqc128,sphincsshake192ssimple,pqc-hybrid,pqc,off,19,1,598.861579,0.218283,598.763427,598.959731,0 - default
x25519_hqc128,p384_sphincsshake192ssimple,pqc-hybrid,pqc-hybrid,off,17,3,600.453529,0.095913,600.407935,600.499123,0 - default
x25519_hqc128,sphincsshake256fsimple,pqc-hybrid,pqc,off,19,1,86.321053,0.173041,86.243244,86.398861,0 - default
x25519_hqc128,p521_sphincsshake256fsimple,pqc-hybrid,pqc-hybrid,off,19,1,89.935263,0.089590,89.894979,89.975548,0 - default
x25519_hqc128,sphincsshake256ssimple,pqc-hybrid,pqc,off,18,2,514.512778,0.084492,514.473744,514.551811,0 - default
x25519_hqc128,p521_sphincsshake256ssimple,pqc-hybrid,pqc-hybrid,off,18,2,518.955000,0.118384,518.900310,519.009690,0 - default
x25519_hqc128,ED25519,pqc-hybrid,classic,off,19,1,31.525789,0.091549,31.484624,31.566955,0 - default
x25519_hqc128,ED448,pqc-hybrid,classic,off,19,1,31.867368,0.095734,31.824321,31.910415,0 - default
hqc192,MLDSA44,pqc,pqc,off,20,0,88.983000,0.466895,88.778374,89.187626,0 - default
hqc192,MLDSA65,pqc,pqc,off,18,2,89.228889,0.480427,89.006943,89.450835,0 - default
hqc192,MLDSA87,pqc,pqc,off,18,2,89.375000,0.409824,89.185671,89.564329,0 - default
hqc192,p256_mldsa44,pqc,pqc-hybrid,off,19,1,89.736316,0.119824,89.682436,89.790195,0 - default
hqc192,rsa3072_mldsa44,pqc,pqc-hybrid,off,19,1,91.368421,0.125710,91.311895,91.424947,0 - default
hqc192,p384_mldsa65,pqc,pqc-hybrid,off,19,1,91.173684,0.143380,91.109213,91.238156,0 - default
hqc192,p521_mldsa87,pqc,pqc-hybrid,off,19,1,93.194211,0.163242,93.120808,93.267613,0 - default
hqc192,falcon512,pqc,pqc,off,19,1,89.017895,0.066297,88.988084,89.047706,0 - default
hqc192,falcon1024,pqc,pqc,off,19,1,89.288421,0.068578,89.257585,89.319257,0 - default
hqc192,p256_falcon512,pqc,pqc-hybrid,off,19,1,89.910000,0.065149,89.880705,89.939295,0 - default
hqc192,rsa3072_falcon512,pqc,pqc-hybrid,off,19,1,91.563684,0.144230,91.498830,91.628538,0 - default
hqc192,falconpadded512,pqc,pqc,off,18,2,89.039444,0.031710,89.024795,89.054094,0 - default
hqc192,p256_falconpadded512,pqc,pqc-hybrid,off,19,1,89.917895,0.067295,89.887635,89.948154,0 - default
hqc192,rsa3072_falconpadded512,pqc,pqc-hybrid,off,19,1,91.507368,0.125779,91.450811,91.563926,0 - default
hqc192,p521_falcon1024,pqc,pqc-hybrid,off,19,1,93.433684,0.052410,93.410118,93.457251,0 - default
hqc192,falconpadded1024,pqc,pqc,off,17,3,89.264118,0.048355,89.241131,89.287104,0 - default
hqc192,p521_falconpadded1024,pqc,pqc-hybrid,off,17,3,93.454706,0.081710,93.415864,93.493548,0 - default
hqc192,sphincssha2128fsimple,pqc,pqc,off,20,0,96.525000,0.147273,96.460455,96.589545,0 - default
hqc192,p256_sphincssha2128fsimple,pqc,pqc-hybrid,off,19,1,97.402105,0.100032,97.357125,97.447085,0 - default
hqc192,rsa3072_sphincssha2128fsimple,pqc,pqc-hybrid,off,19,1,99.087368,0.145214,99.022072,99.152665,0 - default
hqc192,sphincssha2128ssimple,pqc,pqc,off,20,0,235.328500,0.148014,235.263630,235.393370,0 - default
hqc192,p256_sphincssha2128ssimple,pqc,pqc-hybrid,off,20,0,236.361500,0.188631,236.278829,236.444171,0 - default
hqc192,rsa3072_sphincssha2128ssimple,pqc,pqc-hybrid,off,19,1,238.055263,0.179641,237.974487,238.136039,0 - default
hqc192,sphincssha2192fsimple,pqc,pqc,off,19,1,101.972105,0.128044,101.914530,102.029681,0 - default
hqc192,p384_sphincssha2192fsimple,pqc,pqc-hybrid,off,18,2,104.160000,0.082248,104.122003,104.197997,0 - default
hqc192,sphincssha2192ssimple,pqc,pqc,off,20,0,353.271500,0.220150,353.175015,353.367985,0 - default
hqc192,p384_sphincssha2192ssimple,pqc,pqc-hybrid,off,18,2,355.488333,0.127982,355.429209,355.547458,0 - default
hqc192,sphincssha2256fsimple,pqc,pqc,off,19,1,114.769474,0.065190,114.740161,114.798787,0 - default
hqc192,p521_sphincssha2256fsimple,pqc,pqc-hybrid,off,19,1,118.929474,0.100801,118.884148,118.974799,0 - default
hqc192,sphincssha2256ssimple,pqc,pqc,off,20,0,329.074000,0.180654,328.994825,329.153175,0 - default
hqc192,p521_sphincssha2256ssimple,pqc,pqc-hybrid,off,20,0,333.283000,0.271780,333.163887,333.402113,0 - default
hqc192,sphincsshake128fsimple,pqc,pqc,off,19,1,105.195789,0.095004,105.153071,105.238508,0 - default
hqc192,p256_sphincsshake128fsimple,pqc,pqc-hybrid,off,18,2,106.096111,0.101294,106.049316,106.142907,0 - default
hqc192,rsa3072_sphincsshake128fsimple,pqc,pqc-hybrid,off,19,1,107.724737,0.127731,107.667302,107.782172,0 - default
hqc192,sphincsshake128ssimple,pqc,pqc,off,20,0,404.239500,0.166527,404.166516,404.312484,0 - default
hqc192,p256_sphincsshake128ssimple,pqc,pqc-hybrid,off,17,3,405.136471,0.126932,405.076131,405.196810,0 - default
hqc192,rsa3072_sphincsshake128ssimple,pqc,pqc-hybrid,off,19,1,406.664211,0.158265,406.593046,406.735375,0 - default
hqc192,sphincsshake192fsimple,pqc,pqc,off,19,1,115.372632,0.067069,115.342474,115.402789,0 - default
hqc192,p384_sphincsshake192fsimple,pqc,pqc-hybrid,off,18,2,117.648889,0.105155,117.600310,117.697468,0 - default
hqc192,sphincsshake192ssimple,pqc,pqc,off,18,2,655.359444,0.164513,655.283444,655.435445,0 - default
hqc192,p384_sphincsshake192ssimple,pqc,pqc-hybrid,off,20,0,657.651000,0.249144,657.541808,657.760192,0 - default
hqc192,sphincsshake256fsimple,pqc,pqc,off,20,0,143.065000,0.169473,142.990725,143.139275,0 - default
hqc192,p521_sphincsshake256fsimple,pqc,pqc-hybrid,off,18,2,147.203889,0.100302,147.157552,147.250226,0 - default
hqc192,sphincsshake256ssimple,pqc,pqc,off,19,1,571.892632,0.282033,571.765814,572.019449,0 - default
hqc192,p521_sphincsshake256ssimple,pqc,pqc-hybrid,off,17,3,576.238824,0.233663,576.127747,576.349900,0 - default
hqc192,ED25519,pqc,classic,off,19,1,88.274211,0.125800,88.217644,88.330777,0 - default
hqc192,ED448,pqc,classic,off,20,0,88.558000,0.130610,88.500758,88.615242,0 - default
p384_hqc192,MLDSA44,pqc-hybrid,pqc,off,19,1,95.774737,0.424701,95.583768,95.965706,0 - default
p384_hqc192,MLDSA65,pqc-hybrid,pqc,off,18,2,96.043889,0.401821,95.858257,96.229521,0 - default
p384_hqc192,MLDSA87,pqc-hybrid,pqc,off,20,0,96.570500,0.627279,96.295583,96.845417,0 - default
p384_hqc192,p256_mldsa44,pqc-hybrid,pqc-hybrid,off,18,2,96.005000,0.099069,95.959232,96.050768,0 - default
p384_hqc192,rsa3072_mldsa44,pqc-hybrid,pqc-hybrid,off,18,2,97.781667,0.127475,97.722776,97.840557,0 - default
p384_hqc192,p384_mldsa65,pqc-hybrid,pqc-hybrid,off,18,2,97.488333,0.067148,97.457313,97.519354,0 - default
p384_hqc192,p521_mldsa87,pqc-hybrid,pqc-hybrid,off,19,1,99.408421,0.140881,99.345073,99.471769,0 - default
p384_hqc192,falcon512,pqc-hybrid,pqc,off,18,2,95.736111,0.081033,95.698676,95.773546,0 - default
p384_hqc192,falcon1024,pqc-hybrid,pqc,off,19,1,96.107368,0.132742,96.047680,96.167057,0 - default
p384_hqc192,p256_falcon512,pqc-hybrid,pqc-hybrid,off,20,0,96.215500,0.139754,96.154250,96.276750,0 - default
p384_hqc192,rsa3072_falcon512,pqc-hybrid,pqc-hybrid,off,19,1,97.999474,0.104535,97.952469,98.046478,0 - default
p384_hqc192,falconpadded512,pqc-hybrid,pqc,off,19,1,95.758421,0.056398,95.733062,95.783781,0 - default
p384_hqc192,p256_falconpadded512,pqc-hybrid,pqc-hybrid,off,19,1,96.195263,0.096169,96.152020,96.238506,0 - default
p384_hqc192,rsa3072_falconpadded512,pqc-hybrid,pqc-hybrid,off,18,2,97.966111,0.075392,97.931282,98.000941,0 - default
p384_hqc192,p521_falcon1024,pqc-hybrid,pqc-hybrid,off,17,3,99.610000,0.093140,99.565724,99.654276,0 - default
p384_hqc192,falconpadded1024,pqc-hybrid,pqc,off,18,2,96.031111,0.077451,95.995330,96.066892,0 - default
p384_hqc192,p521_falconpadded1024,pqc-hybrid,pqc-hybrid,off,18,2,99.620000,0.059310,99.592600,99.647400,0 - default
p384_hqc192,sphincssha2128fsimple,pqc-hybrid,pqc,off,18,2,103.371111,0.062392,103.342287,103.399935,0 - default
p384_hqc192,p256_sphincssha2128fsimple,pqc-hybrid,pqc-hybrid,off,18,2,103.635556,0.078906,103.599103,103.672008,0 - default
p384_hqc192,rsa3072_sphincssha2128fsimple,pqc-hybrid,pqc-hybrid,off,19,1,105.469474,0.114962,105.417780,105.521167,0 - default
p384_hqc192,sphincssha2128ssimple,pqc-hybrid,pqc,off,18,2,242.126667,0.126723,242.068123,242.185210,0 - default
p384_hqc192,p256_sphincssha2128ssimple,pqc-hybrid,pqc-hybrid,off,19,1,242.473684,0.175601,242.394724,242.552644,0 - default
p384_hqc192,rsa3072_sphincssha2128ssimple,pqc-hybrid,pqc-hybrid,off,18,2,244.247778,0.156827,244.175327,244.320228,0 - default
p384_hqc192,sphincssha2192fsimple,pqc-hybrid,pqc,off,19,1,108.850526,0.083098,108.813161,108.887892,0 - default
p384_hqc192,p384_sphincssha2192fsimple,pqc-hybrid,pqc-hybrid,off,19,1,110.518421,0.160944,110.446052,110.590790,0 - default
p384_hqc192,sphincssha2192ssimple,pqc-hybrid,pqc,off,18,2,359.991667,0.152634,359.921153,360.062180,0 - default
p384_hqc192,p384_sphincssha2192ssimple,pqc-hybrid,pqc-hybrid,off,18,2,361.708333,0.101184,361.661589,361.755078,0 - default
p384_hqc192,sphincssha2256fsimple,pqc-hybrid,pqc,off,19,1,121.712105,0.081417,121.675496,121.748715,0 - default
p384_hqc192,p521_sphincssha2256fsimple,pqc-hybrid,pqc-hybrid,off,16,4,125.174375,0.057268,125.146314,125.202436,0 - default
p384_hqc192,sphincssha2256ssimple,pqc-hybrid,pqc,off,19,1,335.936316,0.174872,335.857684,336.014948,0 - default
p384_hqc192,p521_sphincssha2256ssimple,pqc-hybrid,pqc-hybrid,off,19,1,339.729474,0.178993,339.648988,339.809959,0 - default
p384_hqc192,sphincsshake128fsimple,pqc-hybrid,pqc,off,19,1,112.052105,0.053289,112.028143,112.076067,0 - default
p384_hqc192,p256_sphincsshake128fsimple,pqc-hybrid,pqc-hybrid,off,17,3,112.282353,0.052622,112.257338,112.307368,0 - default
p384_hqc192,rsa3072_sphincsshake128fsimple,pqc-hybrid,pqc-hybrid,off,19,1,114.136316,0.126281,114.079533,114.193098,0 - default
p384_hqc192,sphincsshake128ssimple,pqc-hybrid,pqc,off,18,2,410.815000,0.111368,410.763550,410.866450,0 - default
p384_hqc192,p256_sphincsshake128ssimple,pqc-hybrid,pqc-hybrid,off,20,0,411.490000,0.201494,411.401691,411.578309,0 - default
p384_hqc192,rsa3072_sphincsshake128ssimple,pqc-hybrid,pqc-hybrid,off,19,1,413.090000,0.194279,413.002641,413.177359,0 - default
p384_hqc192,sphincsshake192fsimple,pqc-hybrid,pqc,off,18,2,122.286111,0.108798,122.235849,122.336373,0 - default
p384_hqc192,p384_sphincsshake192fsimple,pqc-hybrid,pqc-hybrid,off,17,3,123.820588,0.071891,123.786413,123.854763,0 - default
p384_hqc192,sphincsshake192ssimple,pqc-hybrid,pqc,off,18,2,662.409444,0.178868,662.326812,662.492077,0 - default
p384_hqc192,p384_sphincsshake192ssimple,pqc-hybrid,pqc-hybrid,off,20,0,663.648000,0.220086,663.551543,663.744457,0 - default
p384_hqc192,sphincsshake256fsimple,pqc-hybrid,pqc,off,19,1,149.969474,0.096809,149.925943,150.013004,0 - default
p384_hqc192,p521_sphincsshake256fsimple,pqc-hybrid,pqc-hybrid,off,19,1,153.423684,0.124731,153.367598,153.479770,0 - default
p384_hqc192,sphincsshake256ssimple,pqc-hybrid,pqc,off,19,1,578.664211,0.128250,578.606542,578.721879,0 - default
p384_hqc192,p521_sphincsshake256ssimple,pqc-hybrid,pqc-hybrid,off,18,2,582.583889,0.084515,582.544845,582.622933,0 - default
p384_hqc192,ED25519,pqc-hybrid,classic,off,17,3,95.103529,0.085289,95.062985,95.144073,0 - default
p384_hqc192,ED448,pqc-hybrid,classic,off,19,1,95.326842,0.142324,95.262845,95.390839,0 - default
x448_hqc192,MLDSA44,pqc-hybrid,pqc,off,19,1,89.805263,0.267880,89.684810,89.925717,0 - default
x448_hqc192,MLDSA65,pqc-hybrid,pqc,off,20,0,90.290000,0.563476,90.043046,90.536954,0 - default
x448_hqc192,MLDSA87,pqc-hybrid,pqc,off,18,2,90.423333,0.405172,90.236153,90.610513,0 - default
x448_hqc192,p256_mldsa44,pqc-hybrid,pqc-hybrid,off,20,0,90.701000,0.302375,90.568478,90.833522,0 - default
x448_hqc192,rsa3072_mldsa44,pqc-hybrid,pqc-hybrid,off,19,1,92.288947,0.238442,92.181731,92.396164,0 - default
x448_hqc192,p384_mldsa65,pqc-hybrid,pqc-hybrid,off,20,0,92.123000,0.328699,91.978941,92.267059,0 - default
x448_hqc192,p521_mldsa87,pqc-hybrid,pqc-hybrid,off,20,0,94.252000,0.256774,94.139464,94.364536,0 - default
x448_hqc192,falcon512,pqc-hybrid,pqc,off,19,1,90.342105,0.178562,90.261814,90.422396,0 - default
x448_hqc192,falcon1024,pqc-hybrid,pqc,off,19,1,90.578947,0.117232,90.526234,90.631661,0 - default
x448_hqc192,p256_falcon512,pqc-hybrid,pqc-hybrid,off,19,1,90.846316,0.178207,90.766184,90.926448,0 - default
x448_hqc192,rsa3072_falcon512,pqc-hybrid,pqc-hybrid,off,19,1,92.539474,0.123039,92.484149,92.594799,0 - default
x448_hqc192,falconpadded512,pqc-hybrid,pqc,off,19,1,90.288421,0.170400,90.211800,90.365042,0 - default
x448_hqc192,p256_falconpadded512,pqc-hybrid,pqc-hybrid,off,19,1,90.845789,0.201034,90.755394,90.936185,0 - default
x448_hqc192,rsa3072_falconpadded512,pqc-hybrid,pqc-hybrid,off,19,1,92.494737,0.190740,92.408970,92.580504,0 - default
x448_hqc192,p521_falcon1024,pqc-hybrid,pqc-hybrid,off,19,1,94.399474,0.211987,94.304153,94.494795,0 - default
x448_hqc192,falconpadded1024,pqc-hybrid,pqc,off,19,1,90.626316,0.112705,90.575638,90.676994,0 - default
x448_hqc192,p521_falconpadded1024,pqc-hybrid,pqc-hybrid,off,18,2,94.355556,0.093508,94.312357,94.398754,0 - default
x448_hqc192,sphincssha2128fsimple,pqc-hybrid,pqc,off,19,1,97.987895,0.134229,97.927538,98.048252,0 - default
x448_hqc192,p256_sphincssha2128fsimple,pqc-hybrid,pqc-hybrid,off,19,1,98.464737,0.121260,98.410211,98.519262,0 - default
x448_hqc192,rsa3072_sphincssha2128fsimple,pqc-hybrid,pqc-hybrid,off,18,2,100.127778,0.118498,100.073034,100.182521,0 - default
x448_hqc192,sphincssha2128ssimple,pqc-hybrid,pqc,off,19,1,236.750000,0.159478,236.678290,236.821710,0 - default
x448_hqc192,p256_sphincssha2128ssimple,pqc-hybrid,pqc-hybrid,off,19,1,237.520000,0.174897,237.441357,237.598643,0 - default
x448_hqc192,rsa3072_sphincssha2128ssimple,pqc-hybrid,pqc-hybrid,off,19,1,239.201053,0.165123,239.126804,239.275301,0 - default
x448_hqc192,sphincssha2192fsimple,pqc-hybrid,pqc,off,18,2,103.425556,0.062987,103.396457,103.454654,0 - default
x448_hqc192,p384_sphincssha2192fsimple,pqc-hybrid,pqc-hybrid,off,19,1,105.197368,0.107282,105.149129,105.245608,0 - default
x448_hqc192,sphincssha2192ssimple,pqc-hybrid,pqc,off,19,1,355.122105,0.211386,355.027054,355.217156,0 - default
x448_hqc192,p384_sphincssha2192ssimple,pqc-hybrid,pqc-hybrid,off,19,1,356.730000,0.178979,356.649521,356.810479,0 - default
x448_hqc192,sphincssha2256fsimple,pqc-hybrid,pqc,off,18,2,115.984444,0.136693,115.921296,116.047593,0 - default
x448_hqc192,p521_sphincssha2256fsimple,pqc-hybrid,pqc-hybrid,off,18,2,119.758333,0.119176,119.703277,119.813390,0 - default
x448_hqc192,sphincssha2256ssimple,pqc-hybrid,pqc,off,16,4,330.730625,0.179015,330.642908,330.818342,0 - default
x448_hqc192,p521_sphincssha2256ssimple,pqc-hybrid,pqc-hybrid,off,20,0,334.370500,0.311304,334.234065,334.506935,0 - default
x448_hqc192,sphincsshake128fsimple,pqc-hybrid,pqc,off,19,1,106.629474,0.146305,106.563687,106.695261,0 - default
x448_hqc192,p256_sphincsshake128fsimple,pqc-hybrid,pqc-hybrid,off,19,1,107.133158,0.133502,107.073128,107.193188,0 - default
x448_hqc192,rsa3072_sphincsshake128fsimple,pqc-hybrid,pqc-hybrid,off,19,1,108.816316,0.121665,108.761609,108.871023,0 - default
x448_hqc192,sphincsshake128ssimple,pqc-hybrid,pqc,off,19,1,406.130000,0.225758,406.028487,406.231513,0 - default
x448_hqc192,p256_sphincsshake128ssimple,pqc-hybrid,pqc-hybrid,off,19,1,406.487368,0.326392,406.340605,406.634132,0 - default
x448_hqc192,rsa3072_sphincsshake128ssimple,pqc-hybrid,pqc-hybrid,off,19,1,408.385263,0.288085,408.255724,408.514802,0 - default
x448_hqc192,sphincsshake192fsimple,pqc-hybrid,pqc,off,17,3,116.899412,0.087212,116.857954,116.940870,0 - default
x448_hqc192,p384_sphincsshake192fsimple,pqc-hybrid,pqc-hybrid,off,17,3,118.603529,0.117523,118.547662,118.659397,0 - default
x448_hqc192,sphincsshake192ssimple,pqc-hybrid,pqc,off,20,0,657.381500,0.423659,657.195823,657.567177,0 - default
x448_hqc192,p384_sphincsshake192ssimple,pqc-hybrid,pqc-hybrid,off,20,0,659.129500,0.385056,658.960742,659.298258,0 - default
x448_hqc192,sphincsshake256fsimple,pqc-hybrid,pqc,off,19,1,144.322632,0.147341,144.256379,144.388884,0 - default
x448_hqc192,p521_sphincsshake256fsimple,pqc-hybrid,pqc-hybrid,off,18,2,148.091667,0.105454,148.042949,148.140384,0 - default
x448_hqc192,sphincsshake256ssimple,pqc-hybrid,pqc,off,19,1,573.648421,0.315247,573.506669,573.790173,0 - default
x448_hqc192,p521_sphincsshake256ssimple,pqc-hybrid,pqc-hybrid,off,20,0,577.391500,0.354420,577.236169,577.546831,0 - default
x448_hqc192,ED25519,pqc-hybrid,classic,off,19,1,89.662632,0.181317,89.581101,89.744162,0 - default
x448_hqc192,ED448,pqc-hybrid,classic,off,19,1,89.830000,0.182087,89.748124,89.911876,0 - default
hqc256,MLDSA44,pqc,pqc,off,20,0,161.954500,0.307836,161.819585,162.089415,0 - default
hqc256,MLDSA65,pqc,pqc,off,19,1,162.314737,0.415604,162.127859,162.501615,0 - default
hqc256,MLDSA87,pqc,pqc,off,19,1,162.792105,0.735154,162.461540,163.122671,0 - default
hqc256,p256_mldsa44,pqc,pqc-hybrid,off,20,0,162.958000,0.246312,162.850049,163.065951,0 - default
hqc256,rsa3072_mldsa44,pqc,pqc-hybrid,off,19,1,164.574737,0.139776,164.511886,164.637588,0 - default
hqc256,p384_mldsa65,pqc,pqc-hybrid,off,18,2,164.411667,0.105343,164.363001,164.460332,0 - default
hqc256,p521_mldsa87,pqc,pqc-hybrid,off,19,1,166.430526,0.162394,166.357505,166.503548,0 - default
hqc256,falcon512,pqc,pqc,off,20,0,162.208000,0.210553,162.115721,162.300279,0 - default
hqc256,falcon1024,pqc,pqc,off,16,4,162.430000,0.075982,162.392769,162.467231,0 - default
hqc256,p256_falcon512,pqc,pqc-hybrid,off,19,1,163.180000,0.144068,163.115219,163.244781,0 - default
hqc256,rsa3072_falcon512,pqc,pqc-hybrid,off,19,1,164.854211,0.128682,164.796348,164.912073,0 - default
hqc256,falconpadded512,pqc,pqc,off,19,1,162.113684,0.160873,162.041347,162.186022,0 - default
hqc256,p256_falconpadded512,pqc,pqc-hybrid,off,19,1,162.978947,0.186395,162.895134,163.062761,0 - default
hqc256,rsa3072_falconpadded512,pqc,pqc-hybrid,off,18,2,164.865556,0.167866,164.788005,164.943106,0 - default
hqc256,p521_falcon1024,pqc,pqc-hybrid,off,19,1,166.734211,0.152071,166.665831,166.802590,0 - default
hqc256,falconpadded1024,pqc,pqc,off,20,0,162.406000,0.131085,162.348550,162.463450,0 - default
hqc256,p521_falconpadded1024,pqc,pqc-hybrid,off,19,1,166.697368,0.127969,166.639827,166.754910,0 - default
hqc256,sphincssha2128fsimple,pqc,pqc,off,19,1,169.718947,0.144487,169.653978,169.783917,0 - default
hqc256,p256_sphincssha2128fsimple,pqc,pqc-hybrid,off,19,1,170.709474,0.199011,170.619988,170.798960,0 - default
hqc256,rsa3072_sphincssha2128fsimple,pqc,pqc-hybrid,off,19,1,172.202632,0.177540,172.122800,172.282463,0 - default
hqc256,sphincssha2128ssimple,pqc,pqc,off,19,1,308.403684,0.237258,308.297000,308.510368,0 - default
hqc256,p256_sphincssha2128ssimple,pqc,pqc-hybrid,off,19,1,309.005263,0.143580,308.940702,309.069825,0 - default
hqc256,rsa3072_sphincssha2128ssimple,pqc,pqc-hybrid,off,19,1,310.615789,0.121715,310.561060,310.670519,0 - default
hqc256,sphincssha2192fsimple,pqc,pqc,off,17,3,174.720000,0.061237,174.690890,174.749110,0 - default
hqc256,p384_sphincssha2192fsimple,pqc,pqc-hybrid,off,19,1,176.957895,0.116599,176.905465,177.010324,0 - default
hqc256,sphincssha2192ssimple,pqc,pqc,off,17,3,425.857059,0.077117,425.820400,425.893718,0 - default
hqc256,p384_sphincssha2192ssimple,pqc,pqc-hybrid,off,19,1,428.083158,0.134249,428.022792,428.143524,0 - default
hqc256,sphincssha2256fsimple,pqc,pqc,off,19,1,187.328421,0.078617,187.293070,187.363772,0 - default
hqc256,p521_sphincssha2256fsimple,pqc,pqc-hybrid,off,19,1,191.433158,0.120649,191.378908,191.487408,0 - default
hqc256,sphincssha2256ssimple,pqc,pqc,off,18,2,401.638889,0.115549,401.585508,401.692270,0 - default
hqc256,p521_sphincssha2256ssimple,pqc,pqc-hybrid,off,19,1,405.855263,0.131587,405.796094,405.914432,0 - default
hqc256,sphincsshake128fsimple,pqc,pqc,off,16,4,177.885000,0.055618,177.857747,177.912253,0 - default
hqc256,p256_sphincsshake128fsimple,pqc,pqc-hybrid,off,18,2,178.819444,0.092956,178.776501,178.862388,0 - default
hqc256,rsa3072_sphincsshake128fsimple,pqc,pqc-hybrid,off,18,2,180.463333,0.096162,180.418909,180.507758,0 - default
hqc256,sphincsshake128ssimple,pqc,pqc,off,20,0,476.963000,0.239871,476.857872,477.068128,0 - default
hqc256,p256_sphincsshake128ssimple,pqc,pqc-hybrid,off,20,0,477.869000,0.168614,477.795102,477.942898,0 - default
hqc256,rsa3072_sphincsshake128ssimple,pqc,pqc-hybrid,off,19,1,479.311579,0.159209,479.239990,479.383168,0 - default
hqc256,sphincsshake192fsimple,pqc,pqc,off,18,2,188.064444,0.077020,188.028863,188.100026,0 - default
hqc256,p384_sphincsshake192fsimple,pqc,pqc-hybrid,off,18,2,190.348333,0.101532,190.301428,190.395239,0 - default
hqc256,sphincsshake192ssimple,pqc,pqc,off,20,0,728.246000,0.218497,728.150239,728.341761,0 - default
hqc256,p384_sphincsshake192ssimple,pqc,pqc-hybrid,off,20,0,730.368500,0.204226,730.278994,730.458006,0 - default
hqc256,sphincsshake256fsimple,pqc,pqc,off,19,1,215.630000,0.139642,215.567209,215.692791,0 - default
hqc256,p521_sphincsshake256fsimple,pqc,pqc-hybrid,off,19,1,219.831053,0.153148,219.762189,219.899916,0 - default
hqc256,sphincsshake256ssimple,pqc,pqc,off,20,0,644.637500,0.150259,644.571646,644.703354,0 - default
hqc256,p521_sphincsshake256ssimple,pqc,pqc-hybrid,off,20,0,648.767500,0.206828,648.676854,648.858146,0 - default
hqc256,ED25519,pqc,classic,off,20,0,160.972500,0.144071,160.909358,161.035642,0 - default
hqc256,ED448,pqc,classic,off,19,1,161.271579,0.113591,161.220502,161.322656,0 - default
p521_hqc256,MLDSA44,pqc-hybrid,pqc,off,18,2,172.376111,0.304344,172.235511,172.516711,0 - default
p521_hqc256,MLDSA65,pqc-hybrid,pqc,off,19,1,173.175263,0.607704,172.902006,173.448520,0 - default
p521_hqc256,MLDSA87,pqc-hybrid,pqc,off,19,1,173.506316,0.749831,173.169151,173.843481,0 - default
p521_hqc256,p256_mldsa44,pqc-hybrid,pqc-hybrid,off,18,2,172.799444,0.129182,172.739766,172.859123,0 - default
p521_hqc256,rsa3072_mldsa44,pqc-hybrid,pqc-hybrid,off,19,1,174.615263,0.137452,174.553457,174.677069,0 - default
p521_hqc256,p384_mldsa65,pqc-hybrid,pqc-hybrid,off,19,1,174.593684,0.130009,174.535225,174.652143,0 - default
p521_hqc256,p521_mldsa87,pqc-hybrid,pqc-hybrid,off,19,1,176.297368,0.164345,176.223470,176.371267,0 - default
p521_hqc256,falcon512,pqc-hybrid,pqc,off,19,1,172.647368,0.089495,172.607127,172.687610,0 - default
p521_hqc256,falcon1024,pqc-hybrid,pqc,off,19,1,172.886316,0.126104,172.829612,172.943019,0 - default
p521_hqc256,p256_falcon512,pqc-hybrid,pqc-hybrid,off,18,2,172.976667,0.089705,172.935225,173.018108,0 - default
p521_hqc256,rsa3072_falcon512,pqc-hybrid,pqc-hybrid,off,16,4,174.797500,0.067676,174.764339,174.830661,0 - default
p521_hqc256,falconpadded512,pqc-hybrid,pqc,off,18,2,172.642778,0.080936,172.605387,172.680168,0 - default
p521_hqc256,p256_falconpadded512,pqc-hybrid,pqc-hybrid,off,19,1,173.008421,0.106472,172.960545,173.056297,0 - default
p521_hqc256,rsa3072_falconpadded512,pqc-hybrid,pqc-hybrid,off,18,2,174.825000,0.060415,174.797090,174.852910,0 - default
p521_hqc256,p521_falcon1024,pqc-hybrid,pqc-hybrid,off,20,0,176.541000,0.150609,176.474993,176.607007,0 - default
p521_hqc256,falconpadded1024,pqc-hybrid,pqc,off,18,2,172.963889,0.114539,172.910974,173.016803,0 - default
p521_hqc256,p521_falconpadded1024,pqc-hybrid,pqc-hybrid,off,19,1,176.513158,0.105990,176.465499,176.560817,0 - default
p521_hqc256,sphincssha2128fsimple,pqc-hybrid,pqc,off,19,1,180.127895,0.078851,180.092439,180.163351,0 - default
p521_hqc256,p256_sphincssha2128fsimple,pqc-hybrid,pqc-hybrid,off,18,2,180.501667,0.152826,180.431065,180.572269,0 - default
p521_hqc256,rsa3072_sphincssha2128fsimple,pqc-hybrid,pqc-hybrid,off,19,1,182.335263,0.128511,182.277477,182.393049,0 - default
p521_hqc256,sphincssha2128ssimple,pqc-hybrid,pqc,off,19,1,319.010000,0.146059,318.944324,319.075676,0 - default
p521_hqc256,p256_sphincssha2128ssimple,pqc-hybrid,pqc-hybrid,off,19,1,319.350000,0.178668,319.269661,319.430339,0 - default
p521_hqc256,rsa3072_sphincssha2128ssimple,pqc-hybrid,pqc-hybrid,off,19,1,321.226842,0.201496,321.136239,321.317446,0 - default
p521_hqc256,sphincssha2192fsimple,pqc-hybrid,pqc,off,19,1,185.573684,0.179233,185.493091,185.654277,0 - default
p521_hqc256,p384_sphincssha2192fsimple,pqc-hybrid,pqc-hybrid,off,17,3,187.290000,0.077862,187.252987,187.327013,0 - default
p521_hqc256,sphincssha2192ssimple,pqc-hybrid,pqc,off,19,1,437.018947,0.257335,436.903236,437.134659,0 - default
p521_hqc256,p384_sphincssha2192ssimple,pqc-hybrid,pqc-hybrid,off,20,0,438.651500,0.238002,438.547191,438.755809,0 - default
p521_hqc256,sphincssha2256fsimple,pqc-hybrid,pqc,off,19,1,198.252105,0.121087,198.197658,198.306552,0 - default
p521_hqc256,p521_sphincssha2256fsimple,pqc-hybrid,pqc-hybrid,off,19,1,201.852105,0.123899,201.796394,201.907817,0 - default
p521_hqc256,sphincssha2256ssimple,pqc-hybrid,pqc,off,19,1,412.697368,0.183601,412.614811,412.779926,0 - default
p521_hqc256,p521_sphincssha2256ssimple,pqc-hybrid,pqc-hybrid,off,20,0,416.517500,0.226132,416.418393,416.616607,0 - default
p521_hqc256,sphincsshake128fsimple,pqc-hybrid,pqc,off,19,1,188.908947,0.126267,188.852171,188.965724,0 - default
p521_hqc256,p256_sphincsshake128fsimple,pqc-hybrid,pqc-hybrid,off,15,5,189.188667,0.060577,189.158011,189.219323,0 - default
p521_hqc256,rsa3072_sphincsshake128fsimple,pqc-hybrid,pqc-hybrid,off,19,1,190.961053,0.109082,190.912003,191.010102,0 - default
p521_hqc256,sphincsshake128ssimple,pqc-hybrid,pqc,off,19,1,487.696842,0.203417,487.605375,487.788309,0 - default
p521_hqc256,p256_sphincsshake128ssimple,pqc-hybrid,pqc-hybrid,off,19,1,488.265263,0.219832,488.166414,488.364112,0 - default
p521_hqc256,rsa3072_sphincsshake128ssimple,pqc-hybrid,pqc-hybrid,off,19,1,489.825263,0.222520,489.725206,489.925320,0 - default
p521_hqc256,sphincsshake192fsimple,pqc-hybrid,pqc,off,19,1,198.982632,0.099322,198.937971,199.027292,0 - default
p521_hqc256,p384_sphincsshake192fsimple,pqc-hybrid,pqc-hybrid,off,19,1,200.687368,0.085104,200.649101,200.725636,0 - default
p521_hqc256,sphincsshake192ssimple,pqc-hybrid,pqc,off,19,1,739.068947,0.178882,738.988512,739.149383,0 - default
p521_hqc256,p384_sphincsshake192ssimple,pqc-hybrid,pqc-hybrid,off,18,2,740.608333,0.198827,740.516480,740.700187,0 - default
p521_hqc256,sphincsshake256fsimple,pqc-hybrid,pqc,off,19,1,226.530000,0.132707,226.470328,226.589672,0 - default
p521_hqc256,p521_sphincsshake256fsimple,pqc-hybrid,pqc-hybrid,off,18,2,230.159444,0.128588,230.100040,230.218849,0 - default
p521_hqc256,sphincsshake256ssimple,pqc-hybrid,pqc,off,19,1,655.431579,0.201997,655.340750,655.522408,0 - default
p521_hqc256,p521_sphincsshake256ssimple,pqc-hybrid,pqc-hybrid,off,20,0,659.095000,0.245368,658.987463,659.202537,0 - default
p521_hqc256,ED25519,pqc-hybrid,classic,off,19,1,171.825789,0.129671,171.767482,171.884097,0 - default
p521_hqc256,ED448,pqc-hybrid,classic,off,19,1,172.186842,0.145375,172.121473,172.252211,0 - default
bp256_mlkem512,MLDSA44,pqc-hybrid,pqc,off,17,3,8.128824,0.273173,7.998965,8.258682,0 - default
bp256_mlkem512,MLDSA65,pqc-hybrid,pqc,off,20,0,8.629000,0.660477,8.339533,8.918467,0 - default
bp256_mlkem512,MLDSA87,pqc-hybrid,pqc,off,18,2,8.825000,0.479954,8.603273,9.046727,0 - default
bp256_mlkem512,p256_mldsa44,pqc-hybrid,pqc-hybrid,off,19,1,8.573684,0.102860,8.527433,8.619936,0 - default
bp256_mlkem512,rsa3072_mldsa44,pqc-hybrid,pqc-hybrid,off,19,1,10.378421,0.131245,10.319406,10.437436,0 - default
bp256_mlkem512,p384_mldsa65,pqc-hybrid,pqc-hybrid,off,19,1,9.888947,0.096775,9.845432,9.932463,0 - default
bp256_mlkem512,p521_mldsa87,pqc-hybrid,pqc-hybrid,off,19,1,12.146316,0.115864,12.094217,12.198415,0 - default
bp256_mlkem512,falcon512,pqc-hybrid,pqc,off,19,1,8.227895,0.075098,8.194126,8.261663,0 - default
bp256_mlkem512,falcon1024,pqc-hybrid,pqc,off,19,1,8.522632,0.058008,8.496548,8.548715,0 - default
bp256_mlkem512,p256_falcon512,pqc-hybrid,pqc-hybrid,off,19,1,8.678421,0.068172,8.647767,8.709075,0 - default
bp256_mlkem512,rsa3072_falcon512,pqc-hybrid,pqc-hybrid,off,19,1,10.526842,0.105465,10.479419,10.574265,0 - default
bp256_mlkem512,falconpadded512,pqc-hybrid,pqc,off,19,1,8.146842,0.078461,8.111562,8.182123,0 - default
bp256_mlkem512,p256_falconpadded512,pqc-hybrid,pqc-hybrid,off,18,2,8.688889,0.037241,8.671684,8.706094,0 - default
bp256_mlkem512,rsa3072_falconpadded512,pqc-hybrid,pqc-hybrid,off,19,1,10.424211,0.105268,10.376876,10.471545,0 - default
bp256_mlkem512,p521_falcon1024,pqc-hybrid,pqc-hybrid,off,19,1,12.142632,0.085430,12.104218,12.181045,0 - default
bp256_mlkem512,falconpadded1024,pqc-hybrid,pqc,off,18,2,8.545000,0.054042,8.520034,8.569966,0 - default
bp256_mlkem512,p521_falconpadded1024,pqc-hybrid,pqc-hybrid,off,18,2,12.165556,0.053492,12.140843,12.190268,0 - default
bp256_mlkem512,sphincssha2128fsimple,pqc-hybrid,pqc,off,19,1,15.853684,0.082206,15.816720,15.890649,0 - default
bp256_mlkem512,p256_sphincssha2128fsimple,pqc-hybrid,pqc-hybrid,off,19,1,16.185789,0.096512,16.142392,16.229187,0 - default
bp256_mlkem512,rsa3072_sphincssha2128fsimple,pqc-hybrid,pqc-hybrid,off,19,1,18.104737,0.087646,18.065326,18.144147,0 - default
bp256_mlkem512,sphincssha2128ssimple,pqc-hybrid,pqc,off,18,2,154.595556,0.144516,154.528792,154.662319,0 - default
bp256_mlkem512,p256_sphincssha2128ssimple,pqc-hybrid,pqc-hybrid,off,19,1,154.997368,0.138998,154.934867,155.059870,0 - default
bp256_mlkem512,rsa3072_sphincssha2128ssimple,pqc-hybrid,pqc-hybrid,off,19,1,156.820000,0.124320,156.764099,156.875901,0 - default
bp256_mlkem512,sphincssha2192fsimple,pqc-hybrid,pqc,off,19,1,21.370526,0.106743,21.322529,21.418524,0 - default
bp256_mlkem512,p384_sphincssha2192fsimple,pqc-hybrid,pqc-hybrid,off,18,2,23.056667,0.071702,23.023542,23.089791,0 - default
bp256_mlkem512,sphincssha2192ssimple,pqc-hybrid,pqc,off,17,3,272.637059,0.084170,272.597047,272.677071,0 - default
bp256_mlkem512,p384_sphincssha2192ssimple,pqc-hybrid,pqc-hybrid,off,19,1,274.270526,0.168572,274.194727,274.346325,0 - default
bp256_mlkem512,sphincssha2256fsimple,pqc-hybrid,pqc,off,17,3,33.982941,0.043841,33.962100,34.003782,0 - default
bp256_mlkem512,p521_sphincssha2256fsimple,pqc-hybrid,pqc-hybrid,off,18,2,37.640556,0.068726,37.608806,37.672305,0 - default
bp256_mlkem512,sphincssha2256ssimple,pqc-hybrid,pqc,off,18,2,248.302222,0.143345,248.236000,248.368444,0 - default
bp256_mlkem512,p521_sphincssha2256ssimple,pqc-hybrid,pqc-hybrid,off,19,1,251.923158,0.218277,251.825008,252.021307,0 - default
bp256_mlkem512,sphincsshake128fsimple,pqc-hybrid,pqc,off,19,1,24.614211,0.049701,24.591862,24.636559,0 - default
bp256_mlkem512,p256_sphincsshake128fsimple,pqc-hybrid,pqc-hybrid,off,19,1,24.964211,0.068501,24.933409,24.995012,0 - default
bp256_mlkem512,rsa3072_sphincsshake128fsimple,pqc-hybrid,pqc-hybrid,off,19,1,26.707368,0.111298,26.657323,26.757414,0 - default
bp256_mlkem512,sphincsshake128ssimple,pqc-hybrid,pqc,off,19,1,323.615789,0.105426,323.568384,323.663195,0 - default
bp256_mlkem512,p256_sphincsshake128ssimple,pqc-hybrid,pqc-hybrid,off,20,0,323.734500,0.202731,323.645649,323.823351,0 - default
bp256_mlkem512,rsa3072_sphincsshake128ssimple,pqc-hybrid,pqc-hybrid,off,19,1,325.493158,0.140833,325.429832,325.556484,0 - default
bp256_mlkem512,sphincsshake192fsimple,pqc-hybrid,pqc,off,19,1,34.755263,0.091370,34.714178,34.796348,0 - default
bp256_mlkem512,p384_sphincsshake192fsimple,pqc-hybrid,pqc-hybrid,off,19,1,36.435263,0.069711,36.403917,36.466609,0 - default
bp256_mlkem512,sphincsshake192ssimple,pqc-hybrid,pqc,off,19,1,574.702632,0.261594,574.585004,574.820259,0 - default
bp256_mlkem512,p384_sphincsshake192ssimple,pqc-hybrid,pqc-hybrid,off,19,1,576.486842,0.155172,576.417068,576.556616,0 - default
bp256_mlkem512,sphincsshake256fsimple,pqc-hybrid,pqc,off,18,2,62.233333,0.114172,62.180588,62.286078,0 - default
bp256_mlkem512,p521_sphincsshake256fsimple,pqc-hybrid,pqc-hybrid,off,19,1,65.872632,0.103808,65.825954,65.919309,0 - default
bp256_mlkem512,sphincsshake256ssimple,pqc-hybrid,pqc,off,19,1,491.271053,0.274710,491.147528,491.394577,0 - default
bp256_mlkem512,p521_sphincsshake256ssimple,pqc-hybrid,pqc-hybrid,off,19,1,494.738947,0.185739,494.655429,494.822466,0 - default
bp256_mlkem512,ED25519,pqc-hybrid,classic,off,18,2,7.490000,0.094121,7.446518,7.533482,0 - default
bp256_mlkem512,ED448,pqc-hybrid,classic,off,19,1,7.741579,0.045125,7.721288,7.761870,0 - default
bp384_mlkem768,MLDSA44,pqc-hybrid,pqc,off,18,2,9.720000,0.187209,9.633514,9.806486,0 - default
bp384_mlkem768,MLDSA65,pqc-hybrid,pqc,off,19,1,10.247368,0.500276,10.022417,10.472320,0 - default
bp384_mlkem768,MLDSA87,pqc-hybrid,pqc,off,18,2,10.397778,0.402018,10.212055,10.583501,0 - default
bp384_mlkem768,p256_mldsa44,pqc-hybrid,pqc-hybrid,off,16,4,10.274375,0.080826,10.234770,10.313980,0 - default
bp384_mlkem768,rsa3072_mldsa44,pqc-hybrid,pqc-hybrid,off,18,2,12.022222,0.082999,11.983878,12.060566,0 - default
bp384_mlkem768,p384_mldsa65,pqc-hybrid,pqc-hybrid,off,18,2,11.682222,0.066470,11.651515,11.712930,0 - default
bp384_mlkem768,p521_mldsa87,pqc-hybrid,pqc-hybrid,off,19,1,13.647895,0.046617,13.626933,13.668856,0 - default
bp384_mlkem768,falcon512,pqc-hybrid,pqc,off,19,1,9.903684,0.041927,9.884831,9.922537,0 - default
bp384_mlkem768,falcon1024,pqc-hybrid,pqc,off,19,1,10.240000,0.091530,10.198843,10.281157,0 - default
bp384_mlkem768,p256_falcon512,pqc-hybrid,pqc-hybrid,off,19,1,10.332632,0.087040,10.293493,10.371770,0 - default
bp384_mlkem768,rsa3072_falcon512,pqc-hybrid,pqc-hybrid,off,19,1,12.105789,0.051025,12.082846,12.128733,0 - default
bp384_mlkem768,falconpadded512,pqc-hybrid,pqc,off,18,2,9.915000,0.052272,9.890852,9.939148,0 - default
bp384_mlkem768,p256_falconpadded512,pqc-hybrid,pqc-hybrid,off,19,1,10.388947,0.085107,10.350678,10.427216,0 - default
bp384_mlkem768,rsa3072_falconpadded512,pqc-hybrid,pqc-hybrid,off,17,3,12.144706,0.057784,12.117237,12.172175,0 - default
bp384_mlkem768,p521_falcon1024,pqc-hybrid,pqc-hybrid,off,18,2,13.783333,0.066862,13.752444,13.814222,0 - default
bp384_mlkem768,falconpadded1024,pqc-hybrid,pqc,off,19,1,10.267895,0.098747,10.223493,10.312297,0 - default
bp384_mlkem768,p521_falconpadded1024,pqc-hybrid,pqc-hybrid,off,19,1,13.841053,0.065311,13.811685,13.870420,0 - default
bp384_mlkem768,sphincssha2128fsimple,pqc-hybrid,pqc,off,19,1,17.588421,0.056986,17.562797,17.614045,0 - default
bp384_mlkem768,p256_sphincssha2128fsimple,pqc-hybrid,pqc-hybrid,off,19,1,17.886316,0.046573,17.865374,17.907257,0 - default
bp384_mlkem768,rsa3072_sphincssha2128fsimple,pqc-hybrid,pqc-hybrid,off,18,2,19.739444,0.072150,19.706113,19.772776,0 - default
bp384_mlkem768,sphincssha2128ssimple,pqc-hybrid,pqc,off,19,1,156.378947,0.063499,156.350395,156.407500,0 - default
bp384_mlkem768,p256_sphincssha2128ssimple,pqc-hybrid,pqc-hybrid,off,16,4,156.746250,0.071729,156.711103,156.781397,0 - default
bp384_mlkem768,rsa3072_sphincssha2128ssimple,pqc-hybrid,pqc-hybrid,off,17,3,158.555882,0.089726,158.513229,158.598535,0 - default
bp384_mlkem768,sphincssha2192fsimple,pqc-hybrid,pqc,off,18,2,23.098333,0.040475,23.079635,23.117032,0 - default
bp384_mlkem768,p384_sphincssha2192fsimple,pqc-hybrid,pqc-hybrid,off,18,2,24.776667,0.115809,24.723166,24.830168,0 - default
bp384_mlkem768,sphincssha2192ssimple,pqc-hybrid,pqc,off,19,1,274.466316,0.172344,274.388821,274.543811,0 - default
bp384_mlkem768,p384_sphincssha2192ssimple,pqc-hybrid,pqc-hybrid,off,19,1,275.882632,0.109891,275.833219,275.932045,0 - default
bp384_mlkem768,sphincssha2256fsimple,pqc-hybrid,pqc,off,19,1,35.918947,0.112886,35.868188,35.969707,0 - default
bp384_mlkem768,p521_sphincssha2256fsimple,pqc-hybrid,pqc-hybrid,off,19,1,39.414737,0.065690,39.385199,39.444275,0 - default
bp384_mlkem768,sphincssha2256ssimple,pqc-hybrid,pqc,off,19,1,250.002105,0.131258,249.943084,250.061126,0 - default
bp384_mlkem768,p521_sphincssha2256ssimple,pqc-hybrid,pqc-hybrid,off,18,2,253.713889,0.129712,253.653965,253.773813,0 - default
bp384_mlkem768,sphincsshake128fsimple,pqc-hybrid,pqc,off,18,2,26.366667,0.060293,26.338813,26.394521,0 - default
bp384_mlkem768,p256_sphincsshake128fsimple,pqc-hybrid,pqc-hybrid,off,19,1,26.572105,0.060514,26.544895,26.599316,0 - default
bp384_mlkem768,rsa3072_sphincsshake128fsimple,pqc-hybrid,pqc-hybrid,off,17,3,28.438824,0.066884,28.407029,28.470618,0 - default
bp384_mlkem768,sphincsshake128ssimple,pqc-hybrid,pqc,off,19,1,325.076316,0.131538,325.017169,325.135463,0 - default
bp384_mlkem768,p256_sphincsshake128ssimple,pqc-hybrid,pqc-hybrid,off,19,1,325.294211,0.137853,325.232224,325.356197,0 - default
bp384_mlkem768,rsa3072_sphincsshake128ssimple,pqc-hybrid,pqc-hybrid,off,18,2,327.620556,0.203310,327.526631,327.714480,0 - default
bp384_mlkem768,sphincsshake192fsimple,pqc-hybrid,pqc,off,16,4,36.556250,0.063338,36.525215,36.587285,0 - default
bp384_mlkem768,p384_sphincsshake192fsimple,pqc-hybrid,pqc-hybrid,off,18,2,38.104444,0.076175,38.069253,38.139635,0 - default
bp384_mlkem768,sphincsshake192ssimple,pqc-hybrid,pqc,off,19,1,576.311053,0.142044,576.247182,576.374924,0 - default
bp384_mlkem768,p384_sphincsshake192ssimple,pqc-hybrid,pqc-hybrid,off,20,0,578.473000,0.225927,578.373983,578.572017,0 - default
bp384_mlkem768,sphincsshake256fsimple,pqc-hybrid,pqc,off,17,3,64.148235,0.085676,64.107507,64.188963,0 - default
bp384_mlkem768,p521_sphincsshake256fsimple,pqc-hybrid,pqc-hybrid,off,18,2,67.795000,0.068621,67.763299,67.826701,0 - default
bp384_mlkem768,sphincsshake256ssimple,pqc-hybrid,pqc,off,19,1,493.619474,0.135297,493.558637,493.680311,0 - default
bp384_mlkem768,p521_sphincsshake256ssimple,pqc-hybrid,pqc-hybrid,off,20,0,496.554000,0.221702,496.456835,496.651165,0 - default
bp384_mlkem768,ED25519,pqc-hybrid,classic,off,19,1,9.216316,0.103613,9.169726,9.262906,0 - default
bp384_mlkem768,ED448,pqc-hybrid,classic,off,19,1,9.502105,0.063647,9.473486,9.530724,0 - default
bp512_mlkem1024,MLDSA44,pqc-hybrid,pqc,off,19,1,11.417368,0.482031,11.200621,11.634116,0 - default
bp512_mlkem1024,MLDSA65,pqc-hybrid,pqc,off,19,1,11.962105,0.712761,11.641609,12.282602,0 - default
bp512_mlkem1024,MLDSA87,pqc-hybrid,pqc,off,20,0,12.419000,0.887853,12.029881,12.808119,0 - default
bp512_mlkem1024,p256_mldsa44,pqc-hybrid,pqc-hybrid,off,18,2,11.682778,0.045219,11.661888,11.703668,0 - default
bp512_mlkem1024,rsa3072_mldsa44,pqc-hybrid,pqc-hybrid,off,19,1,13.371579,0.113346,13.320612,13.422546,0 - default
bp512_mlkem1024,p384_mldsa65,pqc-hybrid,pqc-hybrid,off,19,1,13.051053,0.104451,13.004086,13.098019,0 - default
bp512_mlkem1024,p521_mldsa87,pqc-hybrid,pqc-hybrid,off,19,1,15.114211,0.097029,15.070581,15.157840,0 - default
bp512_mlkem1024,falcon512,pqc-hybrid,pqc,off,19,1,11.372105,0.100420,11.326951,11.417260,0 - default
bp512_mlkem1024,falcon1024,pqc-hybrid,pqc,off,19,1,11.655789,0.082954,11.618489,11.693090,0 - default
bp512_mlkem1024,p256_falcon512,pqc-hybrid,pqc-hybrid,off,19,1,11.773158,0.077392,11.738358,11.807957,0 - default
bp512_mlkem1024,rsa3072_falcon512,pqc-hybrid,pqc-hybrid,off,19,1,13.578947,0.059338,13.552266,13.605629,0 - default
bp512_mlkem1024,falconpadded512,pqc-hybrid,pqc,off,19,1,11.394737,0.072216,11.362264,11.427209,0 - default
bp512_mlkem1024,p256_falconpadded512,pqc-hybrid,pqc-hybrid,off,19,1,11.801053,0.086146,11.762317,11.839788,0 - default
bp512_mlkem1024,rsa3072_falconpadded512,pqc-hybrid,pqc-hybrid,off,19,1,13.604211,0.053987,13.579935,13.628486,0 - default
bp512_mlkem1024,p521_falcon1024,pqc-hybrid,pqc-hybrid,off,19,1,15.266316,0.084539,15.228303,15.304329,0 - default
bp512_mlkem1024,falconpadded1024,pqc-hybrid,pqc,off,19,1,11.658421,0.076323,11.624102,11.692740,0 - default
bp512_mlkem1024,p521_falconpadded1024,pqc-hybrid,pqc-hybrid,off,19,1,15.230526,0.078985,15.195010,15.266042,0 - default
bp512_mlkem1024,sphincssha2128fsimple,pqc-hybrid,pqc,off,18,2,19.076667,0.048749,19.054146,19.099188,0 - default
bp512_mlkem1024,p256_sphincssha2128fsimple,pqc-hybrid,pqc-hybrid,off,19,1,19.405789,0.070735,19.373983,19.437596,0 - default
bp512_mlkem1024,rsa3072_sphincssha2128fsimple,pqc-hybrid,pqc-hybrid,off,19,1,21.196842,0.103658,21.150232,21.243453,0 - default
bp512_mlkem1024,sphincssha2128ssimple,pqc-hybrid,pqc,off,16,4,157.791250,0.068301,157.757783,157.824717,0 - default
bp512_mlkem1024,p256_sphincssha2128ssimple,pqc-hybrid,pqc-hybrid,off,18,2,158.234444,0.124580,158.176891,158.291998,0 - default
bp512_mlkem1024,rsa3072_sphincssha2128ssimple,pqc-hybrid,pqc-hybrid,off,19,1,159.948947,0.164347,159.875048,160.022847,0 - default
bp512_mlkem1024,sphincssha2192fsimple,pqc-hybrid,pqc,off,16,4,24.561875,0.045051,24.539800,24.583950,0 - default
bp512_mlkem1024,p384_sphincssha2192fsimple,pqc-hybrid,pqc-hybrid,off,18,2,26.240556,0.062917,26.211490,26.269622,0 - default
bp512_mlkem1024,sphincssha2192ssimple,pqc-hybrid,pqc,off,18,2,275.682778,0.156423,275.610514,275.755042,0 - default
bp512_mlkem1024,p384_sphincssha2192ssimple,pqc-hybrid,pqc-hybrid,off,20,0,277.503000,0.157417,277.434009,277.571991,0 - default
bp512_mlkem1024,sphincssha2256fsimple,pqc-hybrid,pqc,off,19,1,37.295263,0.087836,37.255767,37.334759,0 - default
bp512_mlkem1024,p521_sphincssha2256fsimple,pqc-hybrid,pqc-hybrid,off,19,1,40.821579,0.073656,40.788459,40.854699,0 - default
bp512_mlkem1024,sphincssha2256ssimple,pqc-hybrid,pqc,off,18,2,251.891667,0.182636,251.807293,251.976040,0 - default
bp512_mlkem1024,p521_sphincssha2256ssimple,pqc-hybrid,pqc-hybrid,off,17,3,254.978824,0.137880,254.913279,255.044368,0 - default
bp512_mlkem1024,sphincsshake128fsimple,pqc-hybrid,pqc,off,16,4,27.778125,0.041828,27.757629,27.798621,0 - default
bp512_mlkem1024,p256_sphincsshake128fsimple,pqc-hybrid,pqc-hybrid,off,17,3,28.158235,0.053061,28.133012,28.183459,0 - default
bp512_mlkem1024,rsa3072_sphincsshake128fsimple,pqc-hybrid,pqc-hybrid,off,19,1,29.840000,0.094163,29.797659,29.882341,0 - default
bp512_mlkem1024,sphincsshake128ssimple,pqc-hybrid,pqc,off,18,2,326.629444,0.098606,326.583891,326.674998,0 - default
bp512_mlkem1024,p256_sphincsshake128ssimple,pqc-hybrid,pqc-hybrid,off,17,3,326.975294,0.137255,326.910047,327.040541,0 - default
bp512_mlkem1024,rsa3072_sphincsshake128ssimple,pqc-hybrid,pqc-hybrid,off,19,1,329.020526,0.294307,328.888190,329.152863,0 - default
bp512_mlkem1024,sphincsshake192fsimple,pqc-hybrid,pqc,off,19,1,37.940526,0.111926,37.890198,37.990854,0 - default
bp512_mlkem1024,p384_sphincsshake192fsimple,pqc-hybrid,pqc-hybrid,off,19,1,39.553684,0.073652,39.520566,39.586802,0 - default
bp512_mlkem1024,sphincsshake192ssimple,pqc-hybrid,pqc,off,19,1,577.849474,0.209827,577.755124,577.943824,0 - default
bp512_mlkem1024,p384_sphincsshake192ssimple,pqc-hybrid,pqc-hybrid,off,20,0,579.507000,0.232291,579.405194,579.608806,0 - default
bp512_mlkem1024,sphincsshake256fsimple,pqc-hybrid,pqc,off,18,2,65.642222,0.062172,65.613500,65.670944,0 - default
bp512_mlkem1024,p521_sphincsshake256fsimple,pqc-hybrid,pqc-hybrid,off,17,3,69.038824,0.084844,68.998491,69.079156,0 - default
bp512_mlkem1024,sphincsshake256ssimple,pqc-hybrid,pqc,off,19,1,494.341579,0.138695,494.279214,494.403944,0 - default
bp512_mlkem1024,p521_sphincsshake256ssimple,pqc-hybrid,pqc-hybrid,off,19,1,497.964211,0.150271,497.896641,498.031780,0 - default
bp512_mlkem1024,ED25519,pqc-hybrid,classic,off,19,1,10.652632,0.097174,10.608937,10.696326,0 - default
bp512_mlkem1024,ED448,pqc-hybrid,classic,off,19,1,10.947895,0.054831,10.923240,10.972550,0 - default
secp256r1,MLDSA44,classic,pqc,off,19,1,2.497368,0.432780,2.302767,2.691970,0 - default
secp256r1,MLDSA65,classic,pqc,off,18,2,2.690000,0.440548,2.486477,2.893523,0 - default
secp256r1,MLDSA87,classic,pqc,off,19,1,3.136316,0.502761,2.910247,3.362385,0 - default
secp256r1,p256_mldsa44,classic,pqc-hybrid,off,17,3,3.278235,0.030667,3.263657,3.292813,0 - default
secp256r1,rsa3072_mldsa44,classic,pqc-hybrid,off,19,1,5.151053,0.080062,5.115052,5.187053,0 - default
secp256r1,p384_mldsa65,classic,pqc-hybrid,off,19,1,4.908947,0.077021,4.874315,4.943580,0 - default
secp256r1,p521_mldsa87,classic,pqc-hybrid,off,19,1,6.935789,0.125977,6.879143,6.992436,0 - default
secp256r1,falcon512,classic,pqc,off,16,4,2.471875,0.024005,2.460112,2.483638,0 - default
secp256r1,falcon1024,classic,pqc,off,19,1,2.946842,0.064036,2.918048,2.975636,0 - default
secp256r1,p256_falcon512,classic,pqc-hybrid,off,19,1,3.447895,0.087660,3.408478,3.487311,0 - default
secp256r1,rsa3072_falcon512,classic,pqc-hybrid,off,19,1,5.279474,0.099860,5.234571,5.324376,0 - default
secp256r1,falconpadded512,classic,pqc,off,17,3,2.491765,0.057144,2.464600,2.518929,0 - default
secp256r1,p256_falconpadded512,classic,pqc-hybrid,off,19,1,3.493158,0.113825,3.441976,3.544340,0 - default
secp256r1,rsa3072_falconpadded512,classic,pqc-hybrid,off,19,1,5.292632,0.097630,5.248732,5.336531,0 - default
secp256r1,p521_falcon1024,classic,pqc-hybrid,off,19,1,7.127895,0.073604,7.094798,7.160991,0 - default
secp256r1,falconpadded1024,classic,pqc,off,19,1,2.923684,0.071818,2.891391,2.955978,0 - default
secp256r1,p521_falconpadded1024,classic,pqc-hybrid,off,18,2,7.103333,0.050875,7.079830,7.126836,0 - default
secp256r1,sphincssha2128fsimple,classic,pqc,off,19,1,10.277368,0.071945,10.245018,10.309719,0 - default
secp256r1,p256_sphincssha2128fsimple,classic,pqc-hybrid,off,19,1,11.110526,0.122632,11.055384,11.165668,0 - default
secp256r1,rsa3072_sphincssha2128fsimple,classic,pqc-hybrid,off,19,1,12.821053,0.063236,12.792618,12.849487,0 - default
secp256r1,sphincssha2128ssimple,classic,pqc,off,19,1,149.017368,0.094625,148.974820,149.059917,0 - default
secp256r1,p256_sphincssha2128ssimple,classic,pqc-hybrid,off,19,1,149.941053,0.144218,149.876204,150.005901,0 - default
secp256r1,rsa3072_sphincssha2128ssimple,classic,pqc-hybrid,off,19,1,151.628947,0.080753,151.592636,151.665258,0 - default
secp256r1,sphincssha2192fsimple,classic,pqc,off,19,1,15.682105,0.088793,15.642179,15.722031,0 - default
secp256r1,p384_sphincssha2192fsimple,classic,pqc-hybrid,off,19,1,17.914737,0.063102,17.886363,17.943111,0 - default
secp256r1,sphincssha2192ssimple,classic,pqc,off,18,2,267.045556,0.154738,266.974070,267.117041,0 - default
secp256r1,p384_sphincssha2192ssimple,classic,pqc-hybrid,off,18,2,269.151667,0.130891,269.091198,269.212135,0 - default
secp256r1,sphincssha2256fsimple,classic,pqc,off,19,1,28.287895,0.070441,28.256220,28.319569,0 - default
secp256r1,p521_sphincssha2256fsimple,classic,pqc-hybrid,off,19,1,32.355263,0.087963,32.315710,32.394816,0 - default
secp256r1,sphincssha2256ssimple,classic,pqc,off,20,0,242.584500,0.102365,242.539636,242.629364,0 - default
secp256r1,p521_sphincssha2256ssimple,classic,pqc-hybrid,off,19,1,246.765789,0.090389,246.725146,246.806433,0 - default
secp256r1,sphincsshake128fsimple,classic,pqc,off,19,1,18.935789,0.090266,18.895201,18.976378,0 - default
secp256r1,p256_sphincsshake128fsimple,classic,pqc-hybrid,off,20,0,19.891500,0.138384,19.830850,19.952150,0 - default
secp256r1,rsa3072_sphincsshake128fsimple,classic,pqc-hybrid,off,19,1,21.503684,0.118285,21.450497,21.556871,0 - default
secp256r1,sphincsshake128ssimple,classic,pqc,off,19,1,317.685263,0.147512,317.618934,317.751592,0 - default
secp256r1,p256_sphincsshake128ssimple,classic,pqc-hybrid,off,20,0,318.966500,0.235780,318.863165,319.069835,0 - default
secp256r1,rsa3072_sphincsshake128ssimple,classic,pqc-hybrid,off,19,1,320.420526,0.144086,320.355737,320.485315,0 - default
secp256r1,sphincsshake192fsimple,classic,pqc,off,19,1,29.157368,0.053213,29.133441,29.181296,0 - default
secp256r1,p384_sphincsshake192fsimple,classic,pqc-hybrid,off,19,1,31.271053,0.088185,31.231400,31.310705,0 - default
secp256r1,sphincsshake192ssimple,classic,pqc,off,19,1,569.125789,0.211878,569.030517,569.221062,0 - default
secp256r1,p384_sphincsshake192ssimple,classic,pqc-hybrid,off,20,0,571.466500,0.161710,571.395627,571.537373,0 - default
secp256r1,sphincsshake256fsimple,classic,pqc,off,18,2,56.578889,0.068246,56.547361,56.610417,0 - default
secp256r1,p521_sphincsshake256fsimple,classic,pqc-hybrid,off,19,1,60.680000,0.106301,60.632201,60.727799,0 - default
secp256r1,sphincsshake256ssimple,classic,pqc,off,19,1,485.561579,0.193829,485.474423,485.648735,0 - default
secp256r1,p521_sphincsshake256ssimple,classic,pqc-hybrid,off,19,1,489.982632,0.248056,489.871092,490.094171,0 - default
secp256r1,ED25519,classic,classic,off,19,1,1.644211,0.020088,1.635178,1.653243,0 - default
secp256r1,ED448,classic,classic,off,17,3,1.950000,0.026926,1.937200,1.962800,0 - default
secp384r1,MLDSA44,classic,pqc,off,17,3,4.528235,0.175294,4.444906,4.611565,0 - default
secp384r1,MLDSA65,classic,pqc,off,19,1,5.256842,0.591458,4.990890,5.522794,0 - default
secp384r1,MLDSA87,classic,pqc,off,19,1,5.341053,0.454825,5.136539,5.545567,0 - default
secp384r1,p256_mldsa44,classic,pqc-hybrid,off,19,1,5.668947,0.087870,5.629436,5.708458,0 - default
secp384r1,rsa3072_mldsa44,classic,pqc-hybrid,off,19,1,7.331579,0.095001,7.288861,7.374297,0 - default
secp384r1,p384_mldsa65,classic,pqc-hybrid,off,18,2,7.075000,0.082694,7.036797,7.113203,0 - default
secp384r1,p521_mldsa87,classic,pqc-hybrid,off,20,0,9.146500,0.113707,9.096666,9.196334,0 - default
secp384r1,falcon512,classic,pqc,off,19,1,4.819474,0.057395,4.793666,4.845281,0 - default
secp384r1,falcon1024,classic,pqc,off,19,1,5.172632,0.068706,5.141738,5.203525,0 - default
secp384r1,p256_falcon512,classic,pqc-hybrid,off,19,1,5.680526,0.065275,5.651175,5.709878,0 - default
secp384r1,rsa3072_falcon512,classic,pqc-hybrid,off,19,1,7.410526,0.065019,7.381290,7.439762,0 - default
secp384r1,falconpadded512,classic,pqc,off,19,1,4.811579,0.051236,4.788540,4.834618,0 - default
secp384r1,p256_falconpadded512,classic,pqc-hybrid,off,19,1,5.741053,0.069992,5.709581,5.772525,0 - default
secp384r1,rsa3072_falconpadded512,classic,pqc-hybrid,off,18,2,7.413889,0.061179,7.385626,7.442152,0 - default
secp384r1,p521_falcon1024,classic,pqc-hybrid,off,17,3,9.326471,0.049616,9.302885,9.350057,0 - default
secp384r1,falconpadded1024,classic,pqc,off,19,1,5.152632,0.094389,5.110189,5.195074,0 - default
secp384r1,p521_falconpadded1024,classic,pqc-hybrid,off,19,1,9.321053,0.053114,9.297170,9.344935,0 - default
secp384r1,sphincssha2128fsimple,classic,pqc,off,19,1,12.415263,0.054911,12.390572,12.439954,0 - default
secp384r1,p256_sphincssha2128fsimple,classic,pqc-hybrid,off,19,1,13.350526,0.059766,13.323652,13.377400,0 - default
secp384r1,rsa3072_sphincssha2128fsimple,classic,pqc-hybrid,off,18,2,15.015000,0.076869,14.979488,15.050512,0 - default
secp384r1,sphincssha2128ssimple,classic,pqc,off,20,0,151.431500,0.104038,151.385903,151.477097,0 - default
secp384r1,p256_sphincssha2128ssimple,classic,pqc-hybrid,off,18,2,152.545000,0.091796,152.502592,152.587408,0 - default
secp384r1,rsa3072_sphincssha2128ssimple,classic,pqc-hybrid,off,19,1,154.118421,0.074778,154.084797,154.152046,0 - default
secp384r1,sphincssha2192fsimple,classic,pqc,off,19,1,17.814211,0.072978,17.781396,17.847025,0 - default
secp384r1,p384_sphincssha2192fsimple,classic,pqc-hybrid,off,17,3,20.137059,0.069711,20.103921,20.170197,0 - default
secp384r1,sphincssha2192ssimple,classic,pqc,off,20,0,269.339000,0.098403,269.295873,269.382127,0 - default
secp384r1,p384_sphincssha2192ssimple,classic,pqc-hybrid,off,17,3,271.575882,0.050381,271.551933,271.599832,0 - default
secp384r1,sphincssha2256fsimple,classic,pqc,off,17,3,30.496471,0.046495,30.474368,30.518573,0 - default
secp384r1,p521_sphincssha2256fsimple,classic,pqc-hybrid,off,19,1,34.854211,0.080368,34.818073,34.890349,0 - default
secp384r1,sphincssha2256ssimple,classic,pqc,off,16,4,244.982500,0.092628,244.937112,245.027888,0 - default
secp384r1,p521_sphincssha2256ssimple,classic,pqc-hybrid,off,19,1,249.500000,0.161348,249.427449,249.572551,0 - default
secp384r1,sphincsshake128fsimple,classic,pqc,off,19,1,21.176842,0.069045,21.145796,21.207889,0 - default
secp384r1,p256_sphincsshake128fsimple,classic,pqc-hybrid,off,18,2,22.126111,0.058223,22.099214,22.153009,0 - default
secp384r1,rsa3072_sphincsshake128fsimple,classic,pqc-hybrid,off,19,1,23.720000,0.077889,23.684977,23.755023,0 - default
secp384r1,sphincsshake128ssimple,classic,pqc,off,20,0,320.635500,0.202211,320.546877,320.724123,0 - default
secp384r1,p256_sphincsshake128ssimple,classic,pqc-hybrid,off,19,1,321.475263,0.182677,321.393122,321.557405,0 - default
secp384r1,rsa3072_sphincsshake128ssimple,classic,pqc-hybrid,off,17,3,326.043529,0.155078,325.969810,326.117249,0 - default
secp384r1,sphincsshake192fsimple,classic,pqc,off,20,0,31.332500,0.128345,31.276250,31.388750,0 - default
secp384r1,p384_sphincsshake192fsimple,classic,pqc-hybrid,off,19,1,33.558421,0.082142,33.521485,33.595357,0 - default
secp384r1,sphincsshake192ssimple,classic,pqc,off,19,1,571.574211,0.142100,571.510315,571.638106,0 - default
secp384r1,p384_sphincsshake192ssimple,classic,pqc-hybrid,off,20,0,573.880000,0.186039,573.798465,573.961535,0 - default
secp384r1,sphincsshake256fsimple,classic,pqc,off,20,0,58.939500,0.073447,58.907310,58.971690,0 - default
secp384r1,p521_sphincsshake256fsimple,classic,pqc-hybrid,off,19,1,63.083158,0.127063,63.026023,63.140292,0 - default
secp384r1,sphincsshake256ssimple,classic,pqc,off,20,0,488.085500,0.330239,487.940766,488.230234,0 - default
secp384r1,p521_sphincsshake256ssimple,classic,pqc-hybrid,off,19,1,492.005789,0.206245,491.913051,492.098528,0 - default
secp384r1,ED25519,classic,classic,off,20,0,3.989000,0.116479,3.937951,4.040049,0 - default
secp384r1,ED448,classic,classic,off,19,1,4.214211,0.066526,4.184297,4.244124,0 - default
secp521r1,MLDSA44,classic,pqc,off,20,0,7.917000,0.477649,7.707661,8.126339,0 - default
secp521r1,MLDSA65,classic,pqc,off,19,1,8.003158,0.261684,7.885491,8.120825,0 - default
secp521r1,MLDSA87,classic,pqc,off,19,1,8.206842,0.268391,8.086159,8.327526,0 - default
secp521r1,p256_mldsa44,classic,pqc-hybrid,off,19,1,8.746316,0.109047,8.697282,8.795349,0 - default
secp521r1,rsa3072_mldsa44,classic,pqc-hybrid,off,18,2,10.343889,0.070305,10.311410,10.376368,0 - default
secp521r1,p384_mldsa65,classic,pqc-hybrid,off,18,2,10.161667,0.074380,10.127305,10.196028,0 - default
secp521r1,p521_mldsa87,classic,pqc-hybrid,off,17,3,12.135882,0.050752,12.111757,12.160008,0 - default
secp521r1,falcon512,classic,pqc,off,19,1,7.916842,0.067909,7.886306,7.947378,0 - default
secp521r1,falcon1024,classic,pqc,off,19,1,8.224737,0.094420,8.182280,8.267193,0 - default
secp521r1,p256_falcon512,classic,pqc-hybrid,off,19,1,8.824211,0.091002,8.783291,8.865130,0 - default
secp521r1,rsa3072_falcon512,classic,pqc-hybrid,off,18,2,10.583889,0.044740,10.563220,10.604558,0 - default
secp521r1,falconpadded512,classic,pqc,off,20,0,7.938000,0.089537,7.898759,7.977241,0 - default
secp521r1,p256_falconpadded512,classic,pqc-hybrid,off,19,1,8.835263,0.114957,8.783572,8.886954,0 - default
secp521r1,rsa3072_falconpadded512,classic,pqc-hybrid,off,17,3,10.525882,0.060318,10.497209,10.554556,0 - default
secp521r1,p521_falcon1024,classic,pqc-hybrid,off,18,2,12.465000,0.116732,12.411072,12.518928,0 - default
secp521r1,falconpadded1024,classic,pqc,off,18,2,8.255000,0.074538,8.220565,8.289435,0 - default
secp521r1,p521_falconpadded1024,classic,pqc-hybrid,off,19,1,12.433158,0.111806,12.382884,12.483432,0 - default
secp521r1,sphincssha2128fsimple,classic,pqc,off,19,1,15.530000,0.091226,15.488980,15.571020,0 - default
secp521r1,p256_sphincssha2128fsimple,classic,pqc-hybrid,off,19,1,16.460000,0.089443,16.419782,16.500218,0 - default
secp521r1,rsa3072_sphincssha2128fsimple,classic,pqc-hybrid,off,18,2,18.156667,0.095917,18.112355,18.200978,0 - default
secp521r1,sphincssha2128ssimple,classic,pqc,off,20,0,154.641000,0.216355,154.546178,154.735822,0 - default
secp521r1,p256_sphincssha2128ssimple,classic,pqc-hybrid,off,20,0,155.633500,0.203839,155.544164,155.722836,0 - default
secp521r1,rsa3072_sphincssha2128ssimple,classic,pqc-hybrid,off,19,1,157.110526,0.167148,157.035367,157.185685,0 - default
secp521r1,sphincssha2192fsimple,classic,pqc,off,19,1,20.946842,0.071341,20.914763,20.978921,0 - default
secp521r1,p384_sphincssha2192fsimple,classic,pqc-hybrid,off,18,2,23.258889,0.108784,23.208633,23.309145,0 - default
secp521r1,sphincssha2192ssimple,classic,pqc,off,20,0,272.394000,0.122835,272.340165,272.447835,0 - default
secp521r1,p384_sphincssha2192ssimple,classic,pqc-hybrid,off,18,2,275.182778,0.126063,275.124540,275.241016,0 - default
secp521r1,sphincssha2256fsimple,classic,pqc,off,19,1,33.668421,0.127378,33.611145,33.725697,0 - default
secp521r1,p521_sphincssha2256fsimple,classic,pqc-hybrid,off,19,1,37.872105,0.091201,37.831096,37.913114,0 - default
secp521r1,sphincssha2256ssimple,classic,pqc,off,19,1,248.436842,0.232953,248.332094,248.541591,0 - default
secp521r1,p521_sphincssha2256ssimple,classic,pqc-hybrid,off,19,1,252.452105,0.254942,252.337469,252.566741,0 - default
secp521r1,sphincsshake128fsimple,classic,pqc,off,19,1,24.313684,0.149637,24.246399,24.380969,0 - default
secp521r1,p256_sphincsshake128fsimple,classic,pqc-hybrid,off,19,1,25.088421,0.068253,25.057731,25.119111,0 - default
secp521r1,rsa3072_sphincsshake128fsimple,classic,pqc-hybrid,off,17,3,26.754118,0.066055,26.722717,26.785518,0 - default
secp521r1,sphincsshake128ssimple,classic,pqc,off,20,0,323.411000,0.163382,323.339395,323.482605,0 - default
secp521r1,p256_sphincsshake128ssimple,classic,pqc-hybrid,off,20,0,324.260500,0.238669,324.155899,324.365101,0 - default
secp521r1,rsa3072_sphincsshake128ssimple,classic,pqc-hybrid,off,18,2,325.976667,0.178457,325.894224,326.059110,0 - default
secp521r1,sphincsshake192fsimple,classic,pqc,off,19,1,34.317895,0.103901,34.271175,34.364614,0 - default
secp521r1,p384_sphincsshake192fsimple,classic,pqc-hybrid,off,18,2,36.597778,0.061506,36.569363,36.626192,0 - default
secp521r1,sphincsshake192ssimple,classic,pqc,off,20,0,574.747000,0.277130,574.625542,574.868458,0 - default
secp521r1,p384_sphincsshake192ssimple,classic,pqc-hybrid,off,20,0,577.085000,0.209699,576.993095,577.176905,0 - default
secp521r1,sphincsshake256fsimple,classic,pqc,off,19,1,61.934211,0.150972,61.866325,62.002096,0 - default
secp521r1,p521_sphincsshake256fsimple,classic,pqc-hybrid,off,19,1,66.036316,0.095987,65.993155,66.079477,0 - default
secp521r1,sphincsshake256ssimple,classic,pqc,off,20,0,491.039000,0.193850,490.954041,491.123959,0 - default
secp521r1,p521_sphincsshake256ssimple,classic,pqc-hybrid,off,19,1,495.285789,0.299987,495.150899,495.420680,0 - default
secp521r1,ED25519,classic,classic,off,19,1,7.063684,0.052410,7.040118,7.087251,0 - default
secp521r1,ED448,classic,classic,off,18,2,7.331667,0.085009,7.292395,7.370939,0 - default
x25519,MLDSA44,classic,pqc,off,18,2,2.208889,0.292452,2.073783,2.343995,0 - default
x25519,MLDSA65,classic,pqc,off,19,1,2.767368,0.611636,2.492343,3.042393,0 - default
x25519,MLDSA87,classic,pqc,off,19,1,3.110000,0.484871,2.891975,3.328025,0 - default
x25519,p256_mldsa44,classic,pqc-hybrid,off,19,1,3.291579,0.125754,3.235033,3.348125,0 - default
x25519,rsa3072_mldsa44,classic,pqc-hybrid,off,18,2,5.096111,0.080888,5.058743,5.133479,0 - default
x25519,p384_mldsa65,classic,pqc-hybrid,off,19,1,4.918947,0.089684,4.878620,4.959274,0 - default
x25519,p521_mldsa87,classic,pqc-hybrid,off,19,1,6.936842,0.115617,6.884854,6.988830,0 - default
x25519,falcon512,classic,pqc,off,20,0,2.542000,0.164240,2.470019,2.613981,0 - default
x25519,falcon1024,classic,pqc,off,16,4,2.932500,0.061373,2.902427,2.962573,0 - default
x25519,p256_falcon512,classic,pqc-hybrid,off,19,1,3.421053,0.127406,3.363764,3.478341,0 - default
x25519,rsa3072_falcon512,classic,pqc-hybrid,off,19,1,5.191579,0.102809,5.145351,5.237807,0 - default
x25519,falconpadded512,classic,pqc,off,19,1,2.514737,0.119041,2.461209,2.568264,0 - default
x25519,p256_falconpadded512,classic,pqc-hybrid,off,19,1,3.382632,0.118267,3.329452,3.435811,0 - default
x25519,rsa3072_falconpadded512,classic,pqc-hybrid,off,19,1,5.205263,0.098114,5.161146,5.249380,0 - default
x25519,p521_falcon1024,classic,pqc-hybrid,off,19,1,7.047895,0.104700,7.000816,7.094973,0 - default
x25519,falconpadded1024,classic,pqc,off,19,1,2.858421,0.076830,2.823874,2.892968,0 - default
x25519,p521_falconpadded1024,classic,pqc-hybrid,off,14,6,7.080000,0.044549,7.056664,7.103336,0 - default
x25519,sphincssha2128fsimple,classic,pqc,off,20,0,10.196500,0.115087,10.146061,10.246939,0 - default
x25519,p256_sphincssha2128fsimple,classic,pqc-hybrid,off,19,1,11.090000,0.102252,11.044022,11.135978,0 - default
x25519,rsa3072_sphincssha2128fsimple,classic,pqc-hybrid,off,19,1,12.824211,0.078550,12.788890,12.859531,0 - default
x25519,sphincssha2128ssimple,classic,pqc,off,19,1,149.176842,0.146023,149.111182,149.242502,0 - default
x25519,p256_sphincssha2128ssimple,classic,pqc-hybrid,off,20,0,149.992500,0.162023,149.921490,150.063510,0 - default
x25519,rsa3072_sphincssha2128ssimple,classic,pqc-hybrid,off,19,1,151.692105,0.207273,151.598904,151.785306,0 - default
x25519,sphincssha2192fsimple,classic,pqc,off,19,1,15.575789,0.077051,15.541143,15.610436,0 - default
x25519,p384_sphincssha2192fsimple,classic,pqc-hybrid,off,19,1,17.855263,0.069151,17.824169,17.886357,0 - default
x25519,sphincssha2192ssimple,classic,pqc,off,20,0,267.211500,0.175027,267.134791,267.288209,0 - default
x25519,p384_sphincssha2192ssimple,classic,pqc-hybrid,off,19,1,269.419474,0.187808,269.335025,269.503923,0 - default
x25519,sphincssha2256fsimple,classic,pqc,off,19,1,28.134737,0.093593,28.092652,28.176821,0 - default
x25519,p521_sphincssha2256fsimple,classic,pqc-hybrid,off,19,1,32.312105,0.106697,32.264129,32.360082,0 - default
x25519,sphincssha2256ssimple,classic,pqc,off,18,2,242.743889,0.172870,242.664027,242.823751,0 - default
x25519,p521_sphincssha2256ssimple,classic,pqc-hybrid,off,19,1,247.127895,0.199097,247.038370,247.217420,0 - default
x25519,sphincsshake128fsimple,classic,pqc,off,20,0,18.908500,0.151944,18.841907,18.975093,0 - default
x25519,p256_sphincsshake128fsimple,classic,pqc-hybrid,off,19,1,19.785789,0.095296,19.742939,19.828640,0 - default
x25519,rsa3072_sphincsshake128fsimple,classic,pqc-hybrid,off,18,2,21.526667,0.130564,21.466349,21.586984,0 - default
x25519,sphincsshake128ssimple,classic,pqc,off,20,0,318.104000,0.273754,317.984022,318.223978,0 - default
x25519,p256_sphincsshake128ssimple,classic,pqc-hybrid,off,19,1,318.888947,0.147907,318.822440,318.955455,0 - default
x25519,rsa3072_sphincsshake128ssimple,classic,pqc-hybrid,off,17,3,321.100588,0.155019,321.026897,321.174280,0 - default
x25519,sphincsshake192fsimple,classic,pqc,off,19,1,29.061053,0.072869,29.028287,29.093819,0 - default
x25519,p384_sphincsshake192fsimple,classic,pqc-hybrid,off,19,1,31.455789,0.148859,31.388854,31.522725,0 - default
x25519,sphincsshake192ssimple,classic,pqc,off,19,1,569.742632,0.225335,569.641308,569.843955,0 - default
x25519,p384_sphincsshake192ssimple,classic,pqc-hybrid,off,14,6,571.617857,0.095610,571.567774,571.667941,0 - default
x25519,sphincsshake256fsimple,classic,pqc,off,20,0,56.644000,0.205821,56.553795,56.734205,0 - default
x25519,p521_sphincsshake256fsimple,classic,pqc-hybrid,off,19,1,60.785263,0.144429,60.720320,60.850206,0 - default
x25519,sphincsshake256ssimple,classic,pqc,off,20,0,485.827000,0.150021,485.761250,485.892750,0 - default
x25519,p521_sphincsshake256ssimple,classic,pqc-hybrid,off,20,0,490.269000,0.321933,490.127907,490.410093,0 - default
x25519,ED25519,classic,classic,off,17,3,1.555294,0.024269,1.543758,1.566831,0 - default
x25519,ED448,classic,classic,off,18,2,1.906667,0.027225,1.894090,1.919244,0 - default
x448,MLDSA44,classic,pqc,off,18,2,2.897778,0.286860,2.765255,3.030301,0 - default
x448,MLDSA65,classic,pqc,off,20,0,3.506000,0.639798,3.225596,3.786404,0 - default
x448,MLDSA87,classic,pqc,off,17,3,3.392353,0.203271,3.295724,3.488982,0 - default
x448,p256_mldsa44,classic,pqc-hybrid,off,19,1,3.836842,0.081789,3.800065,3.873619,0 - default
x448,rsa3072_mldsa44,classic,pqc-hybrid,off,18,2,5.513889,0.114898,5.460809,5.566969,0 - default
x448,p384_mldsa65,classic,pqc-hybrid,off,19,1,5.327368,0.097002,5.283751,5.370986,0 - default
x448,p521_mldsa87,classic,pqc-hybrid,off,18,2,7.318889,0.079475,7.282173,7.355605,0 - default
x448,falcon512,classic,pqc,off,19,1,3.052632,0.081366,3.016045,3.089218,0 - default
x448,falcon1024,classic,pqc,off,19,1,3.387368,0.060996,3.359941,3.414795,0 - default
x448,p256_falcon512,classic,pqc-hybrid,off,19,1,3.952105,0.066297,3.922294,3.981916,0 - default
x448,rsa3072_falcon512,classic,pqc-hybrid,off,19,1,5.730000,0.093808,5.687819,5.772181,0 - default
x448,falconpadded512,classic,pqc,off,19,1,3.040526,0.083365,3.003041,3.078012,0 - default
x448,p256_falconpadded512,classic,pqc-hybrid,off,19,1,3.922632,0.059521,3.895868,3.949395,0 - default
x448,rsa3072_falconpadded512,classic,pqc-hybrid,off,17,3,5.713529,0.084034,5.673582,5.753477,0 - default
x448,p521_falcon1024,classic,pqc-hybrid,off,19,1,7.575789,0.075669,7.541765,7.609814,0 - default
x448,falconpadded1024,classic,pqc,off,19,1,3.353684,0.049577,3.331392,3.375977,0 - default
x448,p521_falconpadded1024,classic,pqc-hybrid,off,19,1,7.556316,0.056883,7.530738,7.581893,0 - default
x448,sphincssha2128fsimple,classic,pqc,off,19,1,10.668947,0.065311,10.639580,10.698315,0 - default
x448,p256_sphincssha2128fsimple,classic,pqc-hybrid,off,18,2,11.606667,0.083666,11.568015,11.645318,0 - default
x448,rsa3072_sphincssha2128fsimple,classic,pqc-hybrid,off,19,1,13.259474,0.113943,13.208239,13.310709,0 - default
x448,sphincssha2128ssimple,classic,pqc,off,20,0,149.754500,0.215394,149.660100,149.848900,0 - default
x448,p256_sphincssha2128ssimple,classic,pqc-hybrid,off,18,2,150.696111,0.183948,150.611131,150.781091,0 - default
x448,rsa3072_sphincssha2128ssimple,classic,pqc-hybrid,off,18,2,152.267778,0.189568,152.180202,152.355354,0 - default
x448,sphincssha2192fsimple,classic,pqc,off,19,1,16.117895,0.080317,16.081780,16.154010,0 - default
x448,p384_sphincssha2192fsimple,classic,pqc-hybrid,off,18,2,18.353889,0.101988,18.306773,18.401005,0 - default
x448,sphincssha2192ssimple,classic,pqc,off,17,3,267.752353,0.197121,267.658648,267.846058,0 - default
x448,p384_sphincssha2192ssimple,classic,pqc-hybrid,off,20,0,269.996000,0.234395,269.893272,270.098728,0 - default
x448,sphincssha2256fsimple,classic,pqc,off,19,1,28.730000,0.120692,28.675730,28.784270,0 - default
x448,p521_sphincssha2256fsimple,classic,pqc-hybrid,off,19,1,32.882105,0.088981,32.842095,32.922116,0 - default
x448,sphincssha2256ssimple,classic,pqc,off,18,2,243.427778,0.103671,243.379884,243.475671,0 - default
x448,p521_sphincssha2256ssimple,classic,pqc-hybrid,off,19,1,247.576842,0.182789,247.494650,247.659034,0 - default
x448,sphincsshake128fsimple,classic,pqc,off,18,2,19.412778,0.053005,19.388291,19.437265,0 - default
x448,p256_sphincsshake128fsimple,classic,pqc-hybrid,off,19,1,20.354211,0.109915,20.304787,20.403634,0 - default
x448,rsa3072_sphincsshake128fsimple,classic,pqc-hybrid,off,19,1,21.993158,0.127717,21.935729,22.050587,0 - default
x448,sphincsshake128ssimple,classic,pqc,off,20,0,318.830000,0.193853,318.745040,318.914960,0 - default
x448,p256_sphincsshake128ssimple,classic,pqc-hybrid,off,20,0,319.801500,0.215316,319.707134,319.895866,0 - default
x448,rsa3072_sphincsshake128ssimple,classic,pqc-hybrid,off,18,2,321.528889,0.226842,321.424093,321.633685,0 - default
x448,sphincsshake192fsimple,classic,pqc,off,20,0,29.566500,0.137315,29.506319,29.626681,0 - default
x448,p384_sphincsshake192fsimple,classic,pqc-hybrid,off,15,5,31.760667,0.046209,31.737282,31.784051,0 - default
x448,sphincsshake192ssimple,classic,pqc,off,20,0,569.916500,0.387193,569.746805,570.086195,0 - default
x448,p384_sphincsshake192ssimple,classic,pqc-hybrid,off,20,0,572.725000,0.325746,572.582235,572.867765,0 - default
x448,sphincsshake256fsimple,classic,pqc,off,19,1,57.124737,0.125493,57.068308,57.181165,0 - default
x448,p521_sphincsshake256fsimple,classic,pqc-hybrid,off,18,2,61.382222,0.106581,61.332984,61.431460,0 - default
x448,sphincsshake256ssimple,classic,pqc,off,20,0,486.508000,0.320831,486.367390,486.648610,0 - default
x448,p521_sphincsshake256ssimple,classic,pqc-hybrid,off,18,2,490.795000,0.328549,490.643218,490.946782,0 - default
x448,ED25519,classic,classic,off,18,2,2.041111,0.040277,2.022504,2.059718,0 - default
x448,ED448,classic,classic,off,18,2,2.424444,0.092940,2.381508,2.467381,0 - default
