kem,signature,kem_category,signature_category,loss_profile,handshake_time_ms,quic_mode,client_keyshare_bytes,server_keyshare_bytes,signature_bytes,server_credit_send,server_credit_received,server_amplification_realized,client_hello_size,server_hello_size,client_handshake_size,server_handshake_size,server_certificate_size,client_packets_send,server_packets_send,client_total_bytes_send,server_total_bytes_send,client_CRYPTO_bytes_send,server_CRYPTO_bytes_send,client_PADDING_bytes_send,server_PADDING_bytes_send,total_bytes_changed,num_packets_initial_client,num_packets_initial_server,num_packets_handshake_server,num_packets_handshake_client,clientKeyshareGeneration,clientHelloBuild,clientHelloRoundTrip,clientKeyExchangeLatency,clientCertificateProcess,clientCertVerifyCheck,serverKeyExchangeLatency,serverHelloPreparation,serverCertificateBuild,serverCertVerifySign,serverHandshakePreparation,clientValidationDelay
MLKEM512,MLDSA44,pqc,pqc,off,2.710000,0 - default,800,768,2420,3451.000000,2400.000000,1.437917,1096,830,222,6809,3931,6,10,2581,7728,1151,7380,1182,0,10263,2,1,7,4,0.049000,0.073000,1.390000,0.130000,0.051000,0.201000,0.118000,0.235000,0.012000,0.262000,0.313000,1.003000
MLKEM512,MLDSA65,pqc,pqc,off,4.290000,0 - default,800,768,3309,3451.000000,2400.000000,1.437917,1096,830,222,9311,5460,6,12,2581,10230,1151,9808,1182,0,12765,2,1,9,4,0.048000,0.068000,2.717000,0.159000,0.046000,0.278000,0.120000,0.236000,0.012000,1.532000,1.590000,2.347000
MLKEM512,MLDSA87,pqc,pqc,off,4.310000,0 - default,800,768,4627,3451.000000,2400.000000,1.437917,1096,830,222,12713,7418,6,15,2581,13632,1151,13099,1182,0,16167,2,1,12,4,0.046000,0.066000,2.580000,0.159000,0.047000,0.388000,0.120000,0.237000,0.012000,1.394000,1.460000,2.204000
MLKEM512,p256_mldsa44,pqc,pqc-hybrid,off,4.350000,0 - default,800,768,2494,3451.000000,2400.000000,1.437917,1096,830,180,7054,4064,5,11,2539,7973,1151,7587,1182,0,10466,2,1,8,3,0.049000,0.069000,1.954000,0.159000,0.050000,1.130000,0.112000,0.422000,0.012000,0.403000,0.660000,1.603000
MLKEM512,rsa3072_mldsa44,pqc,pqc-hybrid,off,6.900000,0 - default,800,768,2808,3451.000000,2400.000000,1.437917,1096,830,222,8055,4709,6,12,2581,8974,1151,8551,1182,0,11509,2,1,9,4,0.045000,0.065000,4.522000,0.162000,0.049000,1.093000,0.142000,0.482000,0.014000,2.674000,2.973000,3.998000
MLKEM512,p384_mldsa65,pqc,pqc-hybrid,off,5.950000,0 - default,800,768,3415,3451.000000,2400.000000,1.437917,1096,830,222,9651,5656,6,13,2581,10570,1151,10110,1182,0,13105,2,1,10,4,0.052000,0.075000,2.796000,0.157000,0.056000,1.762000,0.113000,0.391000,0.012000,1.268000,1.550000,2.452000
MLKEM512,p521_mldsa87,pqc,pqc-hybrid,off,7.990000,0 - default,800,768,4770,3451.000000,2400.000000,1.437917,1096,830,222,13160,7684,6,16,2581,14079,1151,13508,1182,0,16614,2,1,13,4,0.049000,0.068000,3.897000,0.169000,0.056000,2.599000,0.112000,0.449000,0.012000,2.300000,2.570000,3.559000
MLKEM512,falcon512,pqc,pqc,off,3.340000,0 - default,800,768,652,3407.000000,2400.000000,1.419583,1096,830,138,2683,1741,4,6,2441,3602,1151,3402,1126,0,5997,2,1,3,2,0.045000,0.065000,1.976000,0.135000,0.052000,0.321000,0.138000,0.475000,0.013000,0.305000,0.555000,2.985000
MLKEM512,falcon1024,pqc,pqc,off,3.600000,0 - default,800,768,1274,3451.000000,2400.000000,1.437917,1096,830,180,4901,3253,5,8,2539,5820,1151,5546,1182,0,8313,2,1,5,3,0.046000,0.066000,2.121000,0.162000,0.047000,0.343000,0.114000,0.423000,0.011000,0.522000,0.776000,1.716000
MLKEM512,p256_falcon512,pqc,pqc-hybrid,off,4.380000,0 - default,800,768,727,3451.000000,2400.000000,1.437917,1096,830,180,2944,1885,5,7,2539,3863,1151,3626,1182,0,6356,2,1,4,3,0.044000,0.064000,2.147000,0.163000,0.045000,1.124000,0.120000,0.407000,0.011000,0.533000,0.779000,2.717000
MLKEM512,rsa3072_falcon512,pqc,pqc-hybrid,off,6.710000,0 - default,800,768,1045,3451.000000,2400.000000,1.437917,1096,830,180,3947,2532,5,8,2539,4866,1151,4591,1182,0,7359,2,1,5,3,0.045000,0.064000,4.448000,0.162000,0.045000,1.097000,0.143000,0.500000,0.013000,2.783000,3.066000,4.111000
MLKEM512,falconpadded512,pqc,pqc,off,3.260000,0 - default,800,768,666,3430.000000,2400.000000,1.429167,1096,830,138,2706,1750,4,6,2441,3625,1151,3425,1126,0,6020,2,1,3,2,0.049000,0.069000,2.046000,0.157000,0.044000,0.314000,0.137000,0.477000,0.014000,0.296000,0.591000,2.921000
MLKEM512,p256_falconpadded512,pqc,pqc-hybrid,off,4.440000,0 - default,800,768,742,3451.000000,2400.000000,1.437917,1096,830,180,2969,1895,5,7,2539,3888,1151,3651,1182,0,6381,2,1,4,3,0.045000,0.066000,2.188000,0.164000,0.046000,1.143000,0.112000,0.410000,0.012000,0.532000,0.794000,2.743000
MLKEM512,rsa3072_falconpadded512,pqc,pqc-hybrid,off,6.570000,0 - default,800,768,1054,3451.000000,2400.000000,1.437917,1096,830,180,3964,2540,5,8,2539,4883,1151,4608,1182,0,7376,2,1,5,3,0.048000,0.068000,4.359000,0.164000,0.058000,1.107000,0.116000,0.440000,0.011000,2.803000,3.053000,4.014000
MLKEM512,p521_falcon1024,pqc,pqc-hybrid,off,8.130000,0 - default,800,768,1415,3451.000000,2400.000000,1.437917,1096,830,180,5399,3530,5,10,2539,6318,1151,5969,1182,0,8811,2,1,7,3,0.045000,0.064000,4.208000,0.160000,0.048000,2.548000,0.137000,0.480000,0.012000,2.583000,2.845000,3.866000
MLKEM512,falconpadded1024,pqc,pqc,off,3.710000,0 - default,800,768,1280,3451.000000,2400.000000,1.437917,1096,830,180,4952,3260,5,9,2539,5871,1151,5559,1182,0,8364,2,1,6,3,0.049000,0.068000,2.172000,0.149000,0.047000,0.351000,0.141000,0.500000,0.012000,0.520000,0.775000,1.785000
MLKEM512,p521_falconpadded1024,pqc,pqc-hybrid,off,8.090000,0 - default,800,768,1421,3451.000000,2400.000000,1.437917,1096,830,180,5414,3539,5,10,2539,6333,1151,5984,1182,0,8826,2,1,7,3,0.052000,0.072000,4.207000,0.154000,0.048000,2.553000,0.136000,0.475000,0.012000,2.604000,2.867000,3.860000
MLKEM512,sphincssha2128fsimple,pqc,pqc,off,11.160000,0 - default,800,768,17088,3451.000000,2400.000000,1.437917,1096,830,348,35891,17305,9,34,2707,36810,1151,35574,1182,0,39471,2,1,31,7,0.048000,0.068000,8.736000,0.156000,0.073000,0.856000,0.114000,0.417000,0.036000,7.082000,7.407000,8.349000
MLKEM512,p256_sphincssha2128fsimple,pqc,pqc-hybrid,off,12.130000,0 - default,800,768,17163,3451.000000,2400.000000,1.437917,1096,830,348,36112,17451,9,34,2707,37031,1151,35795,1182,0,39692,2,1,31,7,0.049000,0.069000,8.931000,0.163000,0.071000,1.608000,0.111000,0.389000,0.037000,7.334000,7.650000,8.582000
MLKEM512,rsa3072_sphincssha2128fsimple,pqc,pqc-hybrid,off,14.640000,0 - default,800,768,17476,3451.000000,2400.000000,1.437917,1096,830,348,37118,18100,9,35,2707,38037,1151,36764,1182,0,40698,2,1,32,7,0.045000,0.064000,11.490000,0.165000,0.064000,1.585000,0.149000,0.513000,0.047000,9.616000,9.996000,11.107000
MLKEM512,sphincssha2128ssimple,pqc,pqc,off,149.980000,0 - default,800,768,7856,3451.000000,2400.000000,1.437917,1096,830,222,16722,8072,6,18,2581,17641,1151,16997,1182,0,20176,2,1,15,4,0.045000,0.065000,148.137000,0.165000,0.058000,0.470000,0.112000,0.407000,0.012000,146.520000,146.794000,147.749000
MLKEM512,p256_sphincssha2128ssimple,pqc,pqc-hybrid,off,151.170000,0 - default,800,768,7931,3451.000000,2400.000000,1.437917,1096,830,222,16943,8218,6,18,2581,17862,1151,17218,1182,0,20397,2,1,15,4,0.048000,0.068000,148.354000,0.164000,0.058000,1.286000,0.112000,0.453000,0.012000,146.693000,146.963000,147.978000
MLKEM512,rsa3072_sphincssha2128ssimple,pqc,pqc-hybrid,off,153.190000,0 - default,800,768,8244,3451.000000,2400.000000,1.437917,1096,830,222,17950,8868,6,19,2581,18869,1151,18188,1182,0,21404,2,1,16,4,0.048000,0.068000,150.528000,0.159000,0.059000,1.235000,0.120000,0.479000,0.012000,148.870000,149.141000,150.169000
MLKEM512,sphincssha2192fsimple,pqc,pqc,off,16.690000,0 - default,800,768,35664,3451.000000,2400.000000,1.437917,1096,830,516,74467,35897,13,66,2875,75386,1151,72966,1182,0,78215,2,1,63,11,0.052000,0.072000,13.590000,0.157000,0.086000,1.060000,0.116000,0.403000,0.055000,11.959000,13.011000,13.255000
MLKEM512,p384_sphincssha2192fsimple,pqc,pqc-hybrid,off,19.180000,0 - default,800,768,35771,3451.000000,2400.000000,1.437917,1096,830,516,74866,36108,13,68,2875,75785,1151,73290,1182,0,78614,2,1,65,11,0.045000,0.064000,14.573000,0.159000,0.087000,2.453000,0.114000,0.424000,0.055000,12.930000,13.967000,14.247000
MLKEM512,sphincssha2192ssimple,pqc,pqc,off,268.370000,0 - default,800,768,16224,3451.000000,2400.000000,1.437917,1096,830,306,34135,16457,8,33,2665,35054,1151,33855,1182,0,37673,2,1,30,6,0.049000,0.069000,266.077000,0.161000,0.067000,0.619000,0.116000,0.460000,0.035000,264.145000,264.467000,265.681000
MLKEM512,p384_sphincssha2192ssimple,pqc,pqc-hybrid,off,271.370000,0 - default,800,768,16331,3451.000000,2400.000000,1.437917,1096,830,306,34452,16667,8,33,2665,35371,1151,34172,1182,0,37990,2,1,30,6,0.049000,0.067000,267.474000,0.166000,0.070000,1.993000,0.136000,0.489000,0.040000,265.679000,266.054000,267.176000
MLKEM512,sphincssha2256fsimple,pqc,pqc,off,29.440000,0 - default,800,768,49856,3451.000000,2400.000000,1.437917,1096,830,604,103967,50105,15,91,2963,104886,1151,101541,1182,0,107803,2,1,88,13,0.049000,0.069000,26.210000,0.156000,0.102000,1.061000,0.113000,0.421000,0.072000,24.482000,26.148000,25.868000
MLKEM512,p521_sphincssha2256fsimple,pqc,pqc-hybrid,off,34.110000,0 - default,800,768,49998,3451.000000,2400.000000,1.437917,1096,830,562,104429,50387,14,92,2921,105348,1151,101965,1182,0,108223,2,1,89,12,0.049000,0.068000,28.321000,0.160000,0.113000,3.278000,0.111000,0.394000,0.072000,26.612000,28.434000,28.024000
MLKEM512,sphincssha2256ssimple,pqc,pqc,off,245.060000,0 - default,800,768,29792,3451.000000,2400.000000,1.437917,1096,830,432,62299,30041,11,56,2791,63218,1151,61168,1182,0,65963,2,1,53,9,0.044000,0.064000,242.373000,0.170000,0.086000,0.710000,0.113000,0.416000,0.047000,240.646000,241.015000,242.076000
MLKEM512,p521_sphincssha2256ssimple,pqc,pqc-hybrid,off,248.780000,0 - default,800,768,29935,3451.000000,2400.000000,1.437917,1096,830,390,62763,30324,10,57,2749,63682,1151,61594,1182,0,66385,2,1,54,8,0.045000,0.065000,243.559000,0.173000,0.088000,2.923000,0.115000,0.400000,0.050000,241.808000,242.193000,243.249000
MLKEM512,sphincsshake128fsimple,pqc,pqc,off,20.060000,0 - default,800,768,17088,3451.000000,2400.000000,1.437917,1096,830,348,35891,17305,9,34,2707,36810,1151,35574,1182,0,39471,2,1,31,7,0.046000,0.065000,17.177000,0.172000,0.069000,1.324000,0.177000,0.545000,0.045000,15.258000,15.625000,16.770000
MLKEM512,p256_sphincsshake128fsimple,pqc,pqc-hybrid,off,21.210000,0 - default,800,768,17164,3451.000000,2400.000000,1.437917,1096,830,348,36149,17449,9,35,2707,37068,1151,35794,1182,0,39729,2,1,32,7,0.051000,0.072000,17.298000,0.160000,0.071000,2.158000,0.144000,0.482000,0.045000,15.549000,15.891000,16.952000
MLKEM512,rsa3072_sphincsshake128fsimple,pqc,pqc-hybrid,off,23.260000,0 - default,800,768,17476,3451.000000,2400.000000,1.437917,1096,830,348,37156,18100,9,36,2707,38075,1151,36764,1182,0,40736,2,1,33,7,0.049000,0.069000,19.512000,0.161000,0.072000,2.114000,0.116000,0.453000,0.038000,17.805000,18.134000,19.176000
MLKEM512,sphincsshake128ssimple,pqc,pqc,off,319.400000,0 - default,800,768,7856,3451.000000,2400.000000,1.437917,1096,830,222,16723,8073,6,18,2581,17642,1151,16998,1182,0,20177,2,1,15,4,0.049000,0.069000,317.291000,0.167000,0.062000,0.700000,0.156000,0.533000,0.014000,315.449000,315.747000,316.888000
MLKEM512,p256_sphincsshake128ssimple,pqc,pqc-hybrid,off,320.140000,0 - default,800,768,7931,3451.000000,2400.000000,1.437917,1096,830,222,16943,8218,6,18,2581,17862,1151,17218,1182,0,20397,2,1,15,4,0.051000,0.071000,317.102000,0.182000,0.061000,1.490000,0.141000,0.482000,0.012000,315.393000,315.673000,316.780000
MLKEM512,rsa3072_sphincsshake128ssimple,pqc,pqc-hybrid,off,322.690000,0 - default,800,768,8244,3451.000000,2400.000000,1.437917,1096,830,222,17950,8868,6,19,2581,18869,1151,18188,1182,0,21404,2,1,16,4,0.045000,0.065000,319.622000,0.172000,0.063000,1.512000,0.127000,0.465000,0.013000,317.915000,318.191000,319.262000
MLKEM512,sphincsshake192fsimple,pqc,pqc,off,30.280000,0 - default,800,768,35664,3451.000000,2400.000000,1.437917,1096,830,474,74505,35897,12,67,2833,75424,1151,72966,1182,0,78211,2,1,64,10,0.045000,0.065000,26.313000,0.167000,0.097000,1.872000,0.137000,0.483000,0.056000,24.538000,25.657000,25.989000
MLKEM512,p384_sphincsshake192fsimple,pqc,pqc-hybrid,off,32.740000,0 - default,800,768,35772,3451.000000,2400.000000,1.437917,1096,830,474,74867,36108,12,68,2833,75786,1151,73291,1182,0,78573,2,1,65,10,0.048000,0.067000,27.199000,0.158000,0.092000,3.237000,0.110000,0.449000,0.055000,25.530000,26.631000,26.908000
MLKEM512,sphincsshake192ssimple,pqc,pqc,off,570.830000,0 - default,800,768,16224,3451.000000,2400.000000,1.437917,1096,830,306,34135,16457,8,33,2665,35054,1151,33855,1182,0,37673,2,1,30,6,0.048000,0.068000,568.109000,0.186000,0.079000,0.863000,0.114000,0.416000,0.035000,566.280000,566.631000,567.740000
MLKEM512,p384_sphincsshake192ssimple,pqc,pqc-hybrid,off,572.970000,0 - default,800,768,16331,3451.000000,2400.000000,1.437917,1096,830,306,34492,16669,8,34,2665,35411,1151,34174,1182,0,38030,2,1,31,6,0.048000,0.067000,568.794000,0.175000,0.074000,2.268000,0.137000,0.491000,0.042000,566.955000,567.330000,568.452000
MLKEM512,sphincsshake256fsimple,pqc,pqc,off,57.240000,0 - default,800,768,49856,3451.000000,2400.000000,1.437917,1096,830,520,104005,50105,13,92,2879,104924,1151,101541,1182,0,107757,2,1,89,11,0.046000,0.066000,52.998000,0.164000,0.106000,1.854000,0.136000,0.478000,0.072000,51.214000,52.954000,52.688000
MLKEM512,p521_sphincsshake256fsimple,pqc,pqc-hybrid,off,61.850000,0 - default,800,768,49997,3451.000000,2400.000000,1.437917,1096,830,562,104428,50387,14,92,2921,105347,1151,101964,1182,0,108222,2,1,89,12,0.046000,0.066000,55.230000,0.163000,0.108000,4.084000,0.160000,0.538000,0.088000,53.305000,55.175000,54.923000
MLKEM512,sphincsshake256ssimple,pqc,pqc,off,486.960000,0 - default,800,768,29792,3451.000000,2400.000000,1.437917,1096,830,390,62299,30041,10,56,2749,63218,1151,61168,1182,0,65921,2,1,53,8,0.045000,0.066000,483.835000,0.179000,0.089000,1.069000,0.116000,0.453000,0.049000,482.007000,482.386000,483.504000
MLKEM512,p521_sphincsshake256ssimple,pqc,pqc-hybrid,off,491.630000,0 - default,800,768,29934,3451.000000,2400.000000,1.437917,1096,830,348,62762,30324,9,57,2707,63681,1151,61593,1182,0,66342,2,1,54,7,0.048000,0.068000,486.028000,0.163000,0.092000,3.251000,0.138000,0.491000,0.060000,484.177000,484.580000,485.737000
MLKEM512,ED25519,pqc,classic,off,2.260000,0 - default,800,768,64,1343.000000,2400.000000,0.559583,1096,830,138,582,270,4,5,2441,1501,1151,1338,1126,0,3896,2,1,2,2,0.049000,0.069000,1.202000,0.132000,0.040000,0.186000,0.118000,0.218000,0.012000,0.035000,0.070000,1.908000
MLKEM512,ED448,pqc,classic,off,2.830000,0 - default,800,768,114,1468.000000,2400.000000,0.611667,1096,830,138,707,345,4,5,2441,1626,1151,1463,1126,0,4021,2,1,2,2,0.048000,0.067000,1.467000,0.132000,0.054000,0.304000,0.130000,0.247000,0.012000,0.233000,0.271000,2.448000
MLKEM768,MLDSA44,pqc,pqc,off,3.670000,0 - default,1184,1088,2420,6977.000000,3600.000000,1.938056,1162,1150,222,6767,3931,7,9,3781,8013,1540,7695,1955,7,11748,3,1,6,4,0.061000,0.086000,2.287000,0.166000,0.042000,0.207000,0.155000,0.279000,0.013000,0.894000,0.961000,1.880000
MLKEM768,MLDSA65,pqc,pqc,off,3.420000,0 - default,1184,1088,3309,6977.000000,3600.000000,1.938056,1162,1150,222,9269,5460,7,11,3781,10515,1540,10123,1955,7,14250,3,1,8,4,0.058000,0.078000,1.993000,0.178000,0.049000,0.283000,0.124000,0.225000,0.013000,0.656000,0.721000,1.602000
MLKEM768,MLDSA87,pqc,pqc,off,3.520000,0 - default,1184,1088,4627,6977.000000,3600.000000,1.938056,1162,1150,264,12709,7418,8,15,3823,13955,1540,13414,1955,7,17732,3,1,12,5,0.061000,0.081000,1.905000,0.134000,0.049000,0.389000,0.150000,0.277000,0.014000,0.610000,0.686000,1.458000
MLKEM768,p256_mldsa44,pqc,pqc-hybrid,off,4.920000,0 - default,1184,1088,2496,6977.000000,3600.000000,1.938056,1162,1150,222,6976,4064,7,9,3781,8222,1540,7904,1955,7,11957,3,1,6,4,0.061000,0.081000,2.405000,0.169000,0.050000,1.154000,0.148000,0.531000,0.014000,0.425000,0.761000,3.105000
MLKEM768,rsa3072_mldsa44,pqc,pqc-hybrid,off,6.780000,0 - default,1184,1088,2808,6977.000000,3600.000000,1.938056,1162,1150,222,7975,4709,7,10,3781,9221,1540,8866,1955,7,12956,3,1,7,4,0.067000,0.087000,4.499000,0.169000,0.046000,1.115000,0.161000,0.500000,0.012000,2.695000,2.953000,4.134000
MLKEM768,p384_mldsa65,pqc,pqc-hybrid,off,6.110000,0 - default,1184,1088,3416,6977.000000,3600.000000,1.938056,1162,1150,222,9610,5656,7,12,3781,10856,1540,10426,1955,7,14591,3,1,9,4,0.058000,0.079000,3.056000,0.174000,0.046000,1.746000,0.118000,0.461000,0.012000,1.235000,1.505000,2.683000
MLKEM768,p521_mldsa87,pqc,pqc-hybrid,off,8.080000,0 - default,1184,1088,4769,6977.000000,3600.000000,1.938056,1162,1150,264,13117,7684,8,15,3823,14363,1540,13822,1955,7,18140,3,1,12,5,0.060000,0.080000,4.066000,0.170000,0.053000,2.567000,0.145000,0.479000,0.014000,2.277000,2.609000,3.684000
MLKEM768,falcon512,pqc,pqc,off,3.500000,0 - default,1184,1088,650,3732.000000,3600.000000,1.036667,1162,1150,138,2681,1741,5,6,3641,3927,1540,3720,1899,7,7522,3,1,3,2,0.063000,0.084000,2.235000,0.169000,0.046000,0.325000,0.171000,0.540000,0.014000,0.283000,0.574000,3.058000
MLKEM768,falcon1024,pqc,pqc,off,3.930000,0 - default,1184,1088,1270,5873.000000,3600.000000,1.631389,1162,1150,180,4896,3253,6,8,3739,6142,1540,5861,1955,7,9835,3,1,5,3,0.063000,0.082000,2.381000,0.171000,0.050000,0.366000,0.149000,0.488000,0.014000,0.516000,0.813000,2.974000
MLKEM768,p256_falcon512,pqc,pqc-hybrid,off,4.400000,0 - default,1184,1088,730,3956.000000,3600.000000,1.098889,1162,1150,138,2905,1885,5,6,3641,4151,1540,3944,1899,7,7746,3,1,3,2,0.063000,0.081000,2.248000,0.169000,0.046000,1.143000,0.130000,0.409000,0.011000,0.522000,0.770000,4.040000
MLKEM768,rsa3072_falcon512,pqc,pqc-hybrid,off,6.760000,0 - default,1184,1088,1042,4920.000000,3600.000000,1.366667,1162,1150,180,3906,2532,6,7,3739,5152,1540,4908,1955,7,8845,3,1,4,3,0.059000,0.084000,4.568000,0.173000,0.045000,1.110000,0.160000,0.503000,0.012000,2.782000,3.030000,5.129000
MLKEM768,falconpadded512,pqc,pqc,off,3.350000,0 - default,1184,1088,666,3757.000000,3600.000000,1.043611,1162,1150,138,2706,1750,5,6,3641,3952,1540,3745,1899,7,7547,3,1,3,2,0.067000,0.087000,2.019000,0.178000,0.050000,0.317000,0.130000,0.419000,0.012000,0.287000,0.533000,2.947000
MLKEM768,p256_falconpadded512,pqc,pqc-hybrid,off,4.670000,0 - default,1184,1088,742,3978.000000,3600.000000,1.105000,1162,1150,138,2927,1895,5,6,3641,4173,1540,3966,1899,7,7768,3,1,3,2,0.062000,0.082000,2.391000,0.172000,0.054000,1.143000,0.144000,0.480000,0.016000,0.528000,0.802000,4.288000
MLKEM768,rsa3072_falconpadded512,pqc,pqc-hybrid,off,6.900000,0 - default,1184,1088,1054,4940.000000,3600.000000,1.372222,1162,1150,180,3926,2540,6,7,3739,5172,1540,4928,1955,7,8865,3,1,4,3,0.064000,0.084000,4.642000,0.171000,0.046000,1.111000,0.145000,0.498000,0.013000,2.804000,3.113000,5.252000
MLKEM768,p521_falcon1024,pqc,pqc-hybrid,off,8.310000,0 - default,1184,1088,1412,6293.000000,3600.000000,1.748056,1162,1150,180,5354,3530,6,9,3739,6600,1540,6281,1955,7,10293,3,1,6,3,0.062000,0.083000,4.483000,0.164000,0.050000,2.565000,0.146000,0.495000,0.013000,2.593000,2.901000,4.111000
MLKEM768,falconpadded1024,pqc,pqc,off,3.990000,0 - default,1184,1088,1280,5891.000000,3600.000000,1.636389,1162,1150,180,4914,3260,6,8,3739,6160,1540,5879,1955,7,9853,3,1,5,3,0.058000,0.078000,2.504000,0.174000,0.051000,0.362000,0.165000,0.516000,0.013000,0.516000,0.778000,2.911000
MLKEM768,p521_falconpadded1024,pqc,pqc-hybrid,off,8.300000,0 - default,1184,1088,1423,6313.000000,3600.000000,1.753611,1162,1150,180,5374,3539,6,9,3739,6620,1540,6301,1955,7,10313,3,1,6,3,0.059000,0.078000,4.502000,0.174000,0.049000,2.557000,0.145000,0.486000,0.014000,2.583000,2.887000,4.111000
MLKEM768,sphincssha2128fsimple,pqc,pqc,off,11.180000,0 - default,1184,1088,17088,6977.000000,3600.000000,1.938056,1162,1150,348,35885,17305,10,34,3907,37131,1540,35887,1955,7,40992,3,1,31,7,0.062000,0.082000,8.949000,0.167000,0.064000,0.807000,0.147000,0.495000,0.039000,7.091000,7.430000,8.514000
MLKEM768,p256_sphincssha2128fsimple,pqc,pqc-hybrid,off,12.420000,0 - default,1184,1088,17163,6977.000000,3600.000000,1.938056,1162,1150,348,36150,17451,10,35,3907,37396,1540,36115,1955,7,41257,3,1,32,7,0.063000,0.083000,9.185000,0.171000,0.070000,1.646000,0.158000,0.499000,0.040000,7.345000,7.688000,8.822000
MLKEM768,rsa3072_sphincssha2128fsimple,pqc,pqc-hybrid,off,14.640000,0 - default,1184,1088,17476,6977.000000,3600.000000,1.938056,1162,1150,348,37112,18100,10,35,3907,38358,1540,37077,1955,7,42219,3,1,32,7,0.057000,0.078000,11.496000,0.172000,0.065000,1.592000,0.177000,0.522000,0.032000,9.575000,9.902000,11.079000
MLKEM768,sphincssha2128ssimple,pqc,pqc,off,149.950000,0 - default,1184,1088,7856,6977.000000,3600.000000,1.938056,1162,1150,180,16718,8072,6,18,3739,17964,1540,17312,1955,7,21657,3,1,15,3,0.057000,0.077000,148.176000,0.178000,0.063000,0.465000,0.130000,0.473000,0.012000,146.379000,146.655000,147.742000
MLKEM768,p256_sphincssha2128ssimple,pqc,pqc-hybrid,off,151.560000,0 - default,1184,1088,7930,6977.000000,3600.000000,1.938056,1162,1150,180,16980,8218,6,19,3739,18226,1540,17537,1955,7,21919,3,1,16,3,0.063000,0.083000,148.718000,0.188000,0.062000,1.283000,0.144000,0.488000,0.014000,146.838000,147.172000,148.329000
MLKEM768,rsa3072_sphincssha2128ssimple,pqc,pqc-hybrid,off,153.410000,0 - default,1184,1088,8244,6977.000000,3600.000000,1.938056,1162,1150,180,17944,8868,6,19,3739,19190,1540,18501,1955,7,22883,3,1,16,3,0.063000,0.082000,150.710000,0.176000,0.058000,1.262000,0.149000,0.487000,0.014000,148.903000,149.197000,150.324000
MLKEM768,sphincssha2192fsimple,pqc,pqc,off,16.980000,0 - default,1184,1088,35664,6977.000000,3600.000000,1.938056,1162,1150,516,74466,35897,14,66,4075,75712,1540,73285,1955,7,79741,3,1,63,11,0.061000,0.090000,13.813000,0.171000,0.085000,1.069000,0.164000,0.510000,0.061000,11.945000,13.110000,13.471000
MLKEM768,p384_sphincssha2192fsimple,pqc,pqc-hybrid,off,19.450000,0 - default,1184,1088,35771,6977.000000,3600.000000,1.938056,1162,1150,516,74823,36108,14,67,4075,76069,1540,73604,1955,7,80098,3,1,64,11,0.058000,0.078000,14.791000,0.171000,0.091000,2.437000,0.146000,0.487000,0.070000,12.956000,14.119000,14.447000
MLKEM768,sphincssha2192ssimple,pqc,pqc,off,268.220000,0 - default,1184,1088,16224,6977.000000,3600.000000,1.938056,1162,1150,264,34091,16457,8,32,3823,35337,1540,34168,1955,7,39114,3,1,29,5,0.056000,0.077000,265.916000,0.176000,0.068000,0.605000,0.136000,0.479000,0.032000,264.050000,264.381000,265.494000
MLKEM768,p384_sphincssha2192ssimple,pqc,pqc-hybrid,off,270.900000,0 - default,1184,1088,16331,6977.000000,3600.000000,1.938056,1162,1150,264,34446,16667,8,33,3823,35692,1540,34485,1955,7,39469,3,1,30,5,0.058000,0.078000,267.006000,0.189000,0.067000,2.011000,0.146000,0.497000,0.035000,265.130000,265.454000,266.625000
MLKEM768,sphincssha2256fsimple,pqc,pqc,off,29.790000,0 - default,1184,1088,49856,6977.000000,3600.000000,1.938056,1162,1150,520,103923,50105,14,90,4079,105169,1540,101854,1955,7,109202,3,1,87,11,0.062000,0.082000,26.369000,0.167000,0.104000,1.076000,0.149000,0.507000,0.078000,24.459000,26.129000,26.012000
MLKEM768,p521_sphincssha2256fsimple,pqc,pqc-hybrid,off,34.120000,0 - default,1184,1088,49999,6977.000000,3600.000000,1.938056,1162,1150,520,104386,50387,14,91,4079,105632,1540,102279,1955,7,109665,3,1,88,11,0.062000,0.082000,28.370000,0.167000,0.111000,3.278000,0.145000,0.485000,0.068000,26.517000,28.227000,28.031000
MLKEM768,sphincssha2256ssimple,pqc,pqc,off,244.390000,0 - default,1184,1088,29792,6977.000000,3600.000000,1.938056,1162,1150,348,62255,30041,10,55,3907,63501,1540,61481,1955,7,67362,3,1,52,7,0.068000,0.088000,241.659000,0.173000,0.086000,0.723000,0.147000,0.502000,0.053000,239.688000,240.095000,241.305000
MLKEM768,p521_sphincssha2256ssimple,pqc,pqc-hybrid,off,248.390000,0 - default,1184,1088,29935,6977.000000,3600.000000,1.938056,1162,1150,390,62763,30324,11,57,3949,64009,1540,61914,1955,7,67912,3,1,54,8,0.061000,0.081000,243.309000,0.181000,0.083000,2.928000,0.125000,0.469000,0.046000,241.421000,241.802000,242.946000
MLKEM768,sphincsshake128fsimple,pqc,pqc,off,19.950000,0 - default,1184,1088,17088,6977.000000,3600.000000,1.938056,1162,1150,348,35885,17305,10,34,3907,37131,1540,35887,1955,7,40992,3,1,31,7,0.063000,0.084000,17.137000,0.171000,0.072000,1.368000,0.150000,0.509000,0.039000,15.259000,15.605000,16.721000
MLKEM768,p256_sphincsshake128fsimple,pqc,pqc-hybrid,off,21.180000,0 - default,1184,1088,17163,6977.000000,3600.000000,1.938056,1162,1150,348,36148,17449,10,35,3907,37394,1540,36113,1955,7,41255,3,1,32,7,0.061000,0.081000,17.336000,0.164000,0.075000,2.173000,0.147000,0.498000,0.044000,15.477000,15.841000,16.955000
MLKEM768,rsa3072_sphincsshake128fsimple,pqc,pqc-hybrid,off,23.210000,0 - default,1184,1088,17476,6977.000000,3600.000000,1.938056,1162,1150,348,37112,18100,10,35,3907,38358,1540,37077,1955,7,42219,3,1,32,7,0.062000,0.082000,19.553000,0.170000,0.074000,2.142000,0.125000,0.477000,0.032000,17.764000,18.086000,19.181000
MLKEM768,sphincsshake128ssimple,pqc,pqc,off,319.280000,0 - default,1184,1088,7856,6977.000000,3600.000000,1.938056,1162,1150,180,16719,8073,6,18,3739,17965,1540,17313,1955,7,21658,3,1,15,3,0.064000,0.083000,317.200000,0.173000,0.067000,0.683000,0.145000,0.490000,0.019000,315.338000,315.635000,316.775000
MLKEM768,p256_sphincsshake128ssimple,pqc,pqc-hybrid,off,320.520000,0 - default,1184,1088,7932,6977.000000,3600.000000,1.938056,1162,1150,222,16982,8218,7,19,3781,18228,1540,17539,1955,7,21963,3,1,16,4,0.060000,0.091000,317.507000,0.178000,0.066000,1.548000,0.154000,0.497000,0.014000,315.647000,315.979000,317.121000
MLKEM768,rsa3072_sphincsshake128ssimple,pqc,pqc-hybrid,off,322.350000,0 - default,1184,1088,8244,6977.000000,3600.000000,1.938056,1162,1150,180,17944,8868,6,19,3739,19190,1540,18501,1955,7,22883,3,1,16,3,0.058000,0.078000,319.395000,0.178000,0.070000,1.469000,0.123000,0.433000,0.012000,317.663000,317.945000,319.015000
MLKEM768,sphincsshake192fsimple,pqc,pqc,off,30.500000,0 - default,1184,1088,35664,6977.000000,3600.000000,1.938056,1162,1150,516,74504,35897,15,67,4105,75755,1540,73285,1955,7,79779,3,1,64,11,0.061000,0.082000,26.527000,0.168000,0.094000,1.844000,0.151000,0.526000,0.050000,24.630000,25.760000,26.108000
MLKEM768,p384_sphincsshake192fsimple,pqc,pqc-hybrid,off,32.820000,0 - default,1184,1088,35771,6977.000000,3600.000000,1.938056,1162,1150,474,74823,36108,13,67,4033,76069,1540,73604,1955,7,80056,3,1,64,10,0.059000,0.078000,27.361000,0.171000,0.092000,3.239000,0.148000,0.504000,0.058000,25.531000,26.658000,27.010000
MLKEM768,sphincsshake192ssimple,pqc,pqc,off,570.390000,0 - default,1184,1088,16224,6977.000000,3600.000000,1.938056,1162,1150,264,34091,16457,8,32,3823,35337,1540,34168,1955,7,39114,3,1,29,5,0.060000,0.080000,567.810000,0.178000,0.074000,0.880000,0.160000,0.505000,0.040000,565.897000,566.251000,567.408000
MLKEM768,p384_sphincsshake192ssimple,pqc,pqc-hybrid,off,572.930000,0 - default,1184,1088,16331,6977.000000,3600.000000,1.938056,1162,1150,264,34448,16669,8,33,3823,35694,1540,34487,1955,7,39471,3,1,30,5,0.064000,0.084000,568.718000,0.179000,0.075000,2.286000,0.159000,0.500000,0.038000,566.800000,567.165000,568.333000
MLKEM768,sphincsshake256fsimple,pqc,pqc,off,57.260000,0 - default,1184,1088,49856,6977.000000,3600.000000,1.938056,1162,1150,478,103923,50105,13,90,4037,105169,1540,101854,1955,7,109160,3,1,87,10,0.058000,0.077000,53.049000,0.174000,0.113000,1.855000,0.118000,0.416000,0.074000,51.244000,52.915000,52.700000
MLKEM768,p521_sphincsshake256fsimple,pqc,pqc-hybrid,off,61.730000,0 - default,1184,1088,49999,6977.000000,3600.000000,1.938056,1162,1150,562,104386,50387,15,91,4121,105632,1540,102279,1955,7,109707,3,1,88,12,0.061000,0.081000,55.245000,0.168000,0.110000,4.052000,0.144000,0.481000,0.082000,53.323000,55.057000,54.897000
MLKEM768,sphincsshake256ssimple,pqc,pqc,off,487.370000,0 - default,1184,1088,29792,6977.000000,3600.000000,1.938056,1162,1150,390,62255,30041,11,55,3949,63501,1540,61481,1955,7,67404,3,1,52,8,0.061000,0.081000,484.027000,0.179000,0.094000,1.081000,0.149000,0.509000,0.044000,482.068000,482.436000,483.657000
MLKEM768,p521_sphincsshake256ssimple,pqc,pqc-hybrid,off,491.060000,0 - default,1184,1088,29935,6977.000000,3600.000000,1.938056,1162,1150,432,62763,30324,12,57,3991,64009,1540,61914,1955,7,67954,3,1,54,9,0.061000,0.081000,485.622000,0.175000,0.090000,3.264000,0.118000,0.465000,0.046000,483.777000,484.152000,485.295000
MLKEM768,ED25519,pqc,classic,off,2.580000,0 - default,1184,1088,64,1665.000000,3600.000000,0.462500,1162,1150,138,540,270,5,4,3641,1786,1540,1653,1899,7,5381,3,1,1,2,0.061000,0.082000,1.357000,0.141000,0.047000,0.204000,0.158000,0.270000,0.013000,0.043000,0.084000,2.190000
MLKEM768,ED448,pqc,classic,off,2.690000,0 - default,1184,1088,114,1790.000000,3600.000000,0.497222,1162,1150,138,665,345,5,4,3641,1911,1540,1778,1899,7,5506,3,1,1,2,0.066000,0.086000,1.536000,0.143000,0.045000,0.302000,0.146000,0.267000,0.013000,0.248000,0.290000,2.281000
MLKEM1024,MLDSA44,pqc,pqc,off,2.900000,0 - default,1568,1568,2420,6939.000000,3600.000000,1.927500,1162,1157,222,6809,3931,7,11,3781,8571,1924,8185,1571,0,12306,3,2,7,4,0.081000,0.102000,1.669000,0.147000,0.055000,0.203000,0.158000,0.287000,0.014000,0.279000,0.333000,1.227000
MLKEM1024,MLDSA65,pqc,pqc,off,3.710000,0 - default,1568,1568,3309,6939.000000,3600.000000,1.927500,1162,1157,264,9311,5460,8,13,3823,11073,1924,10613,1571,0,14850,3,2,9,5,0.081000,0.101000,2.206000,0.180000,0.047000,0.282000,0.161000,0.285000,0.013000,0.734000,0.803000,1.741000
MLKEM1024,MLDSA87,pqc,pqc,off,6.250000,0 - default,1568,1568,4627,6939.000000,3600.000000,1.927500,1162,1157,264,12671,7418,8,15,3823,14433,1924,13899,1571,0,18210,3,2,11,5,0.082000,0.102000,4.497000,0.179000,0.057000,0.389000,0.163000,0.296000,0.014000,3.094000,3.165000,4.077000
MLKEM1024,p256_mldsa44,pqc,pqc-hybrid,off,4.620000,0 - default,1568,1568,2494,6939.000000,3600.000000,1.927500,1162,1157,222,7016,4064,7,11,3781,8778,1924,8392,1571,0,12513,3,2,7,4,0.089000,0.109000,2.236000,0.173000,0.053000,1.126000,0.165000,0.508000,0.012000,0.367000,0.623000,1.835000
MLKEM1024,rsa3072_mldsa44,pqc,pqc-hybrid,off,6.780000,0 - default,1568,1568,2808,6939.000000,3600.000000,1.927500,1162,1157,222,8017,4709,7,12,3781,9779,1924,9356,1571,0,13514,3,2,8,4,0.083000,0.102000,4.556000,0.183000,0.046000,1.101000,0.128000,0.469000,0.012000,2.732000,2.994000,4.143000
MLKEM1024,p384_mldsa65,pqc,pqc-hybrid,off,6.170000,0 - default,1568,1568,3416,6939.000000,3600.000000,1.927500,1162,1157,264,9652,5656,8,14,3823,11414,1924,10916,1571,0,15191,3,2,10,5,0.078000,0.098000,2.964000,0.180000,0.050000,1.797000,0.123000,0.406000,0.013000,1.146000,1.423000,2.458000
MLKEM1024,p521_mldsa87,pqc,pqc-hybrid,off,8.230000,0 - default,1568,1568,4770,6939.000000,3600.000000,1.927500,1162,1157,264,13160,7684,8,17,3823,14922,1924,14313,1571,0,18699,3,2,13,5,0.078000,0.098000,4.072000,0.181000,0.054000,2.571000,0.153000,0.506000,0.012000,2.275000,2.544000,3.683000
MLKEM1024,falcon512,pqc,pqc,off,3.440000,0 - default,1568,1568,651,4211.000000,3600.000000,1.169722,1162,1157,138,2682,1741,5,7,3641,4444,1924,4206,1515,0,8039,3,2,3,2,0.084000,0.103000,2.092000,0.179000,0.050000,0.312000,0.129000,0.424000,0.012000,0.293000,0.546000,2.996000
MLKEM1024,falcon1024,pqc,pqc,off,3.950000,0 - default,1568,1568,1268,6350.000000,3600.000000,1.763889,1162,1157,180,4895,3253,6,9,3739,6657,1924,6345,1571,0,10350,3,2,5,3,0.083000,0.104000,2.437000,0.181000,0.054000,0.362000,0.152000,0.501000,0.013000,0.534000,0.802000,3.004000
MLKEM1024,p256_falcon512,pqc,pqc-hybrid,off,4.700000,0 - default,1568,1568,727,4431.000000,3600.000000,1.230833,1162,1157,138,2902,1885,5,7,3641,4664,1924,4426,1515,0,8259,3,2,3,2,0.088000,0.108000,2.473000,0.181000,0.049000,1.142000,0.155000,0.499000,0.011000,0.526000,0.802000,4.256000
MLKEM1024,rsa3072_falcon512,pqc,pqc-hybrid,off,6.860000,0 - default,1568,1568,1043,5399.000000,3600.000000,1.499722,1162,1157,180,3907,2532,6,8,3739,5669,1924,5394,1571,0,9362,3,2,4,3,0.083000,0.102000,4.665000,0.176000,0.054000,1.105000,0.153000,0.510000,0.013000,2.806000,3.072000,5.199000
MLKEM1024,falconpadded512,pqc,pqc,off,3.570000,0 - default,1568,1568,666,4235.000000,3600.000000,1.176389,1162,1157,180,2744,1750,6,8,3739,4506,1924,4230,1571,0,8199,3,2,4,3,0.078000,0.098000,2.132000,0.149000,0.047000,0.309000,0.167000,0.511000,0.011000,0.288000,0.565000,1.662000
MLKEM1024,p256_falconpadded512,pqc,pqc-hybrid,off,4.550000,0 - default,1568,1568,741,4455.000000,3600.000000,1.237500,1162,1157,138,2926,1895,5,7,3641,4688,1924,4450,1515,0,8283,3,2,3,2,0.079000,0.099000,2.359000,0.187000,0.047000,1.133000,0.124000,0.453000,0.012000,0.536000,0.791000,4.157000
MLKEM1024,rsa3072_falconpadded512,pqc,pqc-hybrid,off,6.840000,0 - default,1568,1568,1054,5418.000000,3600.000000,1.505000,1162,1157,180,3926,2540,6,8,3739,5688,1924,5413,1571,0,9381,3,2,4,3,0.085000,0.106000,4.668000,0.178000,0.053000,1.111000,0.135000,0.489000,0.012000,2.833000,3.087000,5.155000
MLKEM1024,p521_falcon1024,pqc,pqc-hybrid,off,8.230000,0 - default,1568,1568,1418,6777.000000,3600.000000,1.882500,1162,1157,180,5360,3530,6,10,3739,7122,1924,6772,1571,0,10815,3,2,6,3,0.082000,0.102000,4.477000,0.179000,0.048000,2.562000,0.153000,0.495000,0.012000,2.585000,2.839000,4.073000
MLKEM1024,falconpadded1024,pqc,pqc,off,3.970000,0 - default,1568,1568,1280,6369.000000,3600.000000,1.769167,1162,1157,180,4914,3260,6,9,3739,6676,1924,6364,1571,0,10369,3,2,5,3,0.083000,0.103000,2.450000,0.183000,0.054000,0.368000,0.167000,0.507000,0.013000,0.528000,0.787000,3.002000
MLKEM1024,p521_falconpadded1024,pqc,pqc-hybrid,off,8.260000,0 - default,1568,1568,1423,6791.000000,3600.000000,1.886389,1162,1157,180,5374,3539,6,10,3739,7136,1924,6786,1571,0,10829,3,2,6,3,0.080000,0.100000,4.500000,0.189000,0.048000,2.577000,0.149000,0.488000,0.012000,2.592000,2.852000,4.093000
MLKEM1024,sphincssha2128fsimple,pqc,pqc,off,11.340000,0 - default,1568,1568,17088,6939.000000,3600.000000,1.927500,1162,1157,348,35929,17305,10,36,3907,37691,1924,36379,1571,0,41552,3,2,32,7,0.080000,0.100000,9.089000,0.179000,0.069000,0.804000,0.192000,0.540000,0.040000,7.085000,7.413000,8.612000
MLKEM1024,p256_sphincssha2128fsimple,pqc,pqc-hybrid,off,12.460000,0 - default,1568,1568,17163,6939.000000,3600.000000,1.927500,1162,1157,348,36150,17451,10,36,3907,37912,1924,36600,1571,0,41773,3,2,32,7,0.082000,0.102000,9.224000,0.175000,0.072000,1.637000,0.153000,0.490000,0.044000,7.331000,7.673000,8.815000
MLKEM1024,rsa3072_sphincssha2128fsimple,pqc,pqc-hybrid,off,14.680000,0 - default,1568,1568,17476,6939.000000,3600.000000,1.927500,1162,1157,348,37156,18100,10,37,3907,38918,1924,37569,1571,0,42779,3,2,33,7,0.089000,0.110000,11.500000,0.179000,0.069000,1.584000,0.174000,0.508000,0.038000,9.584000,9.949000,11.116000
MLKEM1024,sphincssha2128ssimple,pqc,pqc,off,150.120000,0 - default,1568,1568,7856,6939.000000,3600.000000,1.927500,1162,1157,180,16760,8072,6,20,3739,18522,1924,17802,1571,0,22215,3,2,16,3,0.083000,0.103000,148.342000,0.179000,0.058000,0.454000,0.153000,0.507000,0.013000,146.436000,146.737000,147.913000
MLKEM1024,p256_sphincssha2128ssimple,pqc,pqc-hybrid,off,151.160000,0 - default,1568,1568,7932,6939.000000,3600.000000,1.927500,1162,1157,180,16982,8218,6,20,3739,18744,1924,18024,1571,0,22437,3,2,16,3,0.083000,0.103000,148.437000,0.180000,0.056000,1.296000,0.165000,0.510000,0.013000,146.531000,146.841000,148.024000
MLKEM1024,rsa3072_sphincssha2128ssimple,pqc,pqc-hybrid,off,153.480000,0 - default,1568,1568,8244,6939.000000,3600.000000,1.927500,1162,1157,180,17988,8868,6,21,3739,19750,1924,18993,1571,0,23443,3,2,17,3,0.079000,0.099000,150.773000,0.192000,0.063000,1.274000,0.154000,0.518000,0.012000,148.896000,149.169000,150.366000
MLKEM1024,sphincssha2192fsimple,pqc,pqc,off,17.010000,0 - default,1568,1568,35664,6939.000000,3600.000000,1.927500,1162,1157,516,74467,35897,14,67,4075,76229,1924,73771,1571,0,80258,3,2,63,11,0.079000,0.099000,13.845000,0.182000,0.088000,1.074000,0.142000,0.487000,0.059000,11.957000,13.103000,13.440000
MLKEM1024,p384_sphincssha2192fsimple,pqc,pqc-hybrid,off,19.500000,0 - default,1568,1568,35771,6939.000000,3600.000000,1.927500,1162,1157,516,74823,36108,14,68,4075,76585,1924,74089,1571,0,80614,3,2,64,11,0.082000,0.102000,14.803000,0.186000,0.086000,2.453000,0.153000,0.501000,0.063000,12.919000,14.101000,14.448000
MLKEM1024,sphincssha2192ssimple,pqc,pqc,off,268.880000,0 - default,1568,1568,16224,6939.000000,3600.000000,1.927500,1162,1157,264,34091,16457,8,33,3823,35853,1924,34653,1571,0,39630,3,2,29,5,0.079000,0.104000,266.305000,0.217000,0.088000,0.595000,0.184000,0.560000,0.032000,264.171000,264.500000,265.846000
MLKEM1024,p384_sphincssha2192ssimple,pqc,pqc-hybrid,off,270.940000,0 - default,1568,1568,16331,6939.000000,3600.000000,1.927500,1162,1157,264,34490,16667,8,35,3823,36252,1924,34977,1571,0,40029,3,2,31,5,0.082000,0.102000,267.085000,0.180000,0.081000,1.997000,0.145000,0.482000,0.036000,265.189000,265.517000,266.671000
MLKEM1024,sphincssha2256fsimple,pqc,pqc,off,29.740000,0 - default,1568,1568,49856,6939.000000,3600.000000,1.927500,1162,1157,520,103966,50105,14,92,4079,105728,1924,102345,1571,0,109761,3,2,88,11,0.084000,0.104000,26.313000,0.176000,0.113000,1.099000,0.127000,0.478000,0.068000,24.443000,26.099000,25.947000
MLKEM1024,p521_sphincssha2256fsimple,pqc,pqc-hybrid,off,34.220000,0 - default,1568,1568,49999,6939.000000,3600.000000,1.927500,1162,1157,520,104430,50387,14,93,4079,106192,1924,102771,1571,0,110225,3,2,89,11,0.090000,0.110000,28.472000,0.175000,0.114000,3.291000,0.165000,0.503000,0.070000,26.556000,28.282000,28.119000
MLKEM1024,sphincssha2256ssimple,pqc,pqc,off,244.940000,0 - default,1568,1568,29792,6939.000000,3600.000000,1.927500,1162,1157,390,62299,30041,11,57,3949,64061,1924,61973,1571,0,67964,3,2,53,8,0.079000,0.099000,241.959000,0.188000,0.091000,0.741000,0.129000,0.408000,0.045000,239.857000,240.236000,241.586000
MLKEM1024,p521_sphincssha2256ssimple,pqc,pqc-hybrid,off,248.480000,0 - default,1568,1568,29935,6939.000000,3600.000000,1.927500,1162,1157,348,62763,30324,10,58,3907,64525,1924,62399,1571,0,68386,3,2,54,7,0.079000,0.100000,243.406000,0.186000,0.086000,2.927000,0.148000,0.499000,0.047000,241.480000,241.854000,243.041000
MLKEM1024,sphincsshake128fsimple,pqc,pqc,off,20.000000,0 - default,1568,1568,17088,6939.000000,3600.000000,1.927500,1162,1157,348,35929,17305,10,36,3907,37691,1924,36379,1571,0,41552,3,2,32,7,0.082000,0.102000,17.085000,0.175000,0.070000,1.355000,0.123000,0.471000,0.033000,15.247000,15.564000,16.672000
MLKEM1024,p256_sphincsshake128fsimple,pqc,pqc-hybrid,off,21.250000,0 - default,1568,1568,17164,6939.000000,3600.000000,1.927500,1162,1157,348,36149,17449,10,36,3907,37911,1924,36599,1571,0,41772,3,2,32,7,0.082000,0.102000,17.390000,0.185000,0.071000,2.218000,0.152000,0.491000,0.042000,15.488000,15.816000,16.964000
MLKEM1024,rsa3072_sphincsshake128fsimple,pqc,pqc-hybrid,off,23.410000,0 - default,1568,1568,17476,6939.000000,3600.000000,1.927500,1162,1157,348,37156,18100,10,37,3907,38918,1924,37569,1571,0,42779,3,2,33,7,0.081000,0.101000,19.663000,0.186000,0.073000,2.173000,0.153000,0.514000,0.038000,17.733000,18.101000,19.281000
MLKEM1024,sphincsshake128ssimple,pqc,pqc,off,319.670000,0 - default,1568,1568,7856,6939.000000,3600.000000,1.927500,1162,1157,180,16761,8073,6,20,3739,18523,1924,17803,1571,0,22216,3,2,16,3,0.083000,0.102000,317.644000,0.195000,0.068000,0.695000,0.163000,0.517000,0.012000,315.484000,315.785000,317.148000
MLKEM1024,p256_sphincsshake128ssimple,pqc,pqc-hybrid,off,320.180000,0 - default,1568,1568,7931,6939.000000,3600.000000,1.927500,1162,1157,180,16981,8218,6,20,3739,18743,1924,18023,1571,0,22436,3,2,16,3,0.079000,0.099000,317.192000,0.184000,0.060000,1.504000,0.151000,0.493000,0.014000,315.331000,315.609000,316.784000
MLKEM1024,rsa3072_sphincsshake128ssimple,pqc,pqc-hybrid,off,322.720000,0 - default,1568,1568,8244,6939.000000,3600.000000,1.927500,1162,1157,180,17988,8868,6,21,3739,19750,1924,18993,1571,0,23443,3,2,17,3,0.083000,0.102000,319.805000,0.185000,0.069000,1.488000,0.126000,0.431000,0.012000,318.023000,318.304000,319.400000
MLKEM1024,sphincsshake192fsimple,pqc,pqc,off,30.360000,0 - default,1568,1568,35664,6939.000000,3600.000000,1.927500,1162,1157,474,74505,35897,13,68,4033,76267,1924,73771,1571,0,80254,3,2,64,10,0.083000,0.103000,26.451000,0.185000,0.096000,1.822000,0.151000,0.500000,0.050000,24.544000,25.700000,26.045000
MLKEM1024,p384_sphincsshake192fsimple,pqc,pqc-hybrid,off,32.860000,0 - default,1568,1568,35771,6939.000000,3600.000000,1.927500,1162,1157,474,74823,36108,13,68,4033,76585,1924,74089,1571,0,80572,3,2,64,10,0.082000,0.101000,27.411000,0.177000,0.091000,3.212000,0.152000,0.495000,0.063000,25.525000,26.702000,27.049000
MLKEM1024,sphincsshake192ssimple,pqc,pqc,off,570.360000,0 - default,1568,1568,16224,6939.000000,3600.000000,1.927500,1162,1157,264,34091,16457,8,33,3823,35853,1924,34653,1571,0,39630,3,2,29,5,0.083000,0.103000,567.875000,0.179000,0.072000,0.855000,0.152000,0.497000,0.031000,565.960000,566.287000,567.438000
MLKEM1024,p384_sphincsshake192ssimple,pqc,pqc-hybrid,off,572.880000,0 - default,1568,1568,16331,6939.000000,3600.000000,1.927500,1162,1157,306,34492,16669,9,35,3865,36254,1924,34979,1571,0,40073,3,2,31,6,0.082000,0.102000,568.869000,0.186000,0.074000,2.265000,0.157000,0.498000,0.042000,566.885000,567.258000,568.463000
MLKEM1024,sphincsshake256fsimple,pqc,pqc,off,57.280000,0 - default,1568,1568,49856,6939.000000,3600.000000,1.927500,1162,1157,520,104004,50105,14,93,4079,105766,1924,102345,1571,0,109799,3,2,89,11,0.083000,0.103000,53.074000,0.175000,0.115000,1.883000,0.126000,0.455000,0.069000,51.218000,52.872000,52.700000
MLKEM1024,p521_sphincsshake256fsimple,pqc,pqc-hybrid,off,61.850000,0 - default,1568,1568,49999,6939.000000,3600.000000,1.927500,1162,1157,562,104430,50387,15,93,4121,106192,1924,102771,1571,0,110267,3,2,89,12,0.079000,0.099000,55.313000,0.182000,0.119000,4.113000,0.155000,0.514000,0.082000,53.337000,55.083000,54.960000
MLKEM1024,sphincsshake256ssimple,pqc,pqc,off,487.300000,0 - default,1568,1568,29792,6939.000000,3600.000000,1.927500,1162,1157,390,62299,30041,11,57,3949,64061,1924,61973,1571,0,67964,3,2,53,8,0.083000,0.109000,483.960000,0.180000,0.093000,1.092000,0.149000,0.493000,0.045000,482.005000,482.373000,483.587000
MLKEM1024,p521_sphincsshake256ssimple,pqc,pqc-hybrid,off,491.600000,0 - default,1568,1568,29935,6939.000000,3600.000000,1.927500,1162,1157,390,62763,30324,11,58,3949,64525,1924,62399,1571,0,68428,3,2,54,8,0.080000,0.100000,486.080000,0.197000,0.095000,3.314000,0.159000,0.513000,0.057000,484.049000,484.472000,485.729000
MLKEM1024,ED25519,pqc,classic,off,2.450000,0 - default,1568,1568,64,2287.000000,3600.000000,0.635278,1162,1157,138,540,270,5,5,3641,2446,1924,2138,1515,144,6041,3,2,1,2,0.082000,0.102000,1.403000,0.152000,0.040000,0.203000,0.161000,0.283000,0.013000,0.044000,0.088000,2.034000
MLKEM1024,ED448,pqc,classic,off,2.670000,0 - default,1568,1568,114,2287.000000,3600.000000,0.635278,1162,1157,138,665,345,5,5,3641,2446,1924,2263,1515,19,6041,3,2,1,2,0.078000,0.098000,1.511000,0.151000,0.044000,0.313000,0.129000,0.241000,0.012000,0.223000,0.261000,2.260000
SecP256r1MLKEM768,MLDSA44,pqc-hybrid,pqc,off,3.740000,0 - default,1249,1153,2420,6939.000000,3600.000000,1.927500,1162,1157,222,6767,3931,7,10,3781,8113,1605,7764,1890,0,11848,3,2,6,4,0.116000,0.136000,2.383000,0.286000,0.047000,0.205000,0.316000,0.441000,0.014000,0.662000,0.719000,1.943000
SecP256r1MLKEM768,MLDSA65,pqc-hybrid,pqc,off,4.850000,0 - default,1249,1153,3309,6939.000000,3600.000000,1.927500,1162,1157,222,9269,5460,7,12,3781,10615,1605,10192,1890,0,14350,3,2,8,4,0.125000,0.146000,3.345000,0.314000,0.058000,0.287000,0.319000,0.445000,0.013000,1.556000,1.617000,2.869000
SecP256r1MLKEM768,MLDSA87,pqc-hybrid,pqc,off,4.570000,0 - default,1249,1153,4627,6939.000000,3600.000000,1.927500,1162,1157,264,12671,7418,8,15,3823,14017,1605,13483,1890,0,17794,3,2,11,5,0.125000,0.145000,2.890000,0.310000,0.054000,0.392000,0.331000,0.451000,0.013000,1.187000,1.257000,2.457000
SecP256r1MLKEM768,p256_mldsa44,pqc-hybrid,pqc-hybrid,off,5.100000,0 - default,1249,1153,2496,6939.000000,3600.000000,1.927500,1162,1157,222,6976,4064,7,10,3781,8322,1605,7973,1890,0,12057,3,2,6,4,0.126000,0.146000,2.649000,0.325000,0.055000,1.216000,0.292000,0.638000,0.014000,0.434000,0.721000,3.197000
SecP256r1MLKEM768,rsa3072_mldsa44,pqc-hybrid,pqc-hybrid,off,7.170000,0 - default,1249,1153,2808,6939.000000,3600.000000,1.927500,1162,1157,222,7975,4709,7,11,3781,9321,1605,8935,1890,0,13056,3,2,7,4,0.116000,0.136000,4.915000,0.310000,0.055000,1.107000,0.313000,0.653000,0.014000,2.721000,2.995000,4.477000
SecP256r1MLKEM768,p384_mldsa65,pqc-hybrid,pqc-hybrid,off,6.380000,0 - default,1249,1153,3417,6939.000000,3600.000000,1.927500,1162,1157,222,9653,5656,7,14,3781,10999,1605,10501,1890,0,14734,3,2,10,4,0.122000,0.142000,3.194000,0.310000,0.051000,1.732000,0.291000,0.626000,0.012000,1.139000,1.407000,2.785000
SecP256r1MLKEM768,p521_mldsa87,pqc-hybrid,pqc-hybrid,off,8.310000,0 - default,1249,1153,4769,6939.000000,3600.000000,1.927500,1162,1157,264,13117,7684,8,16,3823,14463,1605,13891,1890,0,18240,3,2,12,5,0.123000,0.143000,4.333000,0.317000,0.059000,2.573000,0.252000,0.568000,0.012000,2.350000,2.620000,3.930000
SecP256r1MLKEM768,falcon512,pqc-hybrid,pqc,off,3.930000,0 - default,1249,1153,656,3800.000000,3600.000000,1.055556,1162,1157,180,2687,1741,6,7,3739,4033,1605,3795,1890,0,7726,3,2,3,3,0.119000,0.141000,2.487000,0.297000,0.059000,0.325000,0.312000,0.656000,0.013000,0.304000,0.582000,2.993000
SecP256r1MLKEM768,falcon1024,pqc-hybrid,pqc,off,4.000000,0 - default,1249,1153,1270,5936.000000,3600.000000,1.648889,1162,1157,180,4897,3253,6,9,3739,6243,1605,5931,1890,0,9936,3,2,5,3,0.120000,0.140000,2.624000,0.317000,0.062000,0.362000,0.261000,0.546000,0.012000,0.531000,0.790000,2.996000
SecP256r1MLKEM768,p256_falcon512,pqc-hybrid,pqc-hybrid,off,4.890000,0 - default,1249,1153,728,4016.000000,3600.000000,1.115556,1162,1157,138,2903,1885,5,7,3641,4249,1605,4011,1834,0,7844,3,2,3,2,0.123000,0.143000,2.705000,0.321000,0.045000,1.124000,0.305000,0.661000,0.012000,0.525000,0.780000,4.479000
SecP256r1MLKEM768,rsa3072_falcon512,pqc-hybrid,pqc-hybrid,off,7.080000,0 - default,1249,1153,1045,4985.000000,3600.000000,1.384722,1162,1157,180,3909,2532,6,8,3739,5255,1605,4980,1890,0,8948,3,2,4,3,0.118000,0.138000,4.828000,0.322000,0.050000,1.100000,0.254000,0.552000,0.011000,2.782000,3.039000,5.410000
SecP256r1MLKEM768,falconpadded512,pqc-hybrid,pqc,off,3.730000,0 - default,1249,1153,666,3819.000000,3600.000000,1.060833,1162,1157,138,2706,1750,5,7,3641,4052,1605,3814,1834,0,7647,3,2,3,2,0.117000,0.138000,2.505000,0.308000,0.049000,0.323000,0.314000,0.664000,0.013000,0.300000,0.592000,3.294000
SecP256r1MLKEM768,p256_falconpadded512,pqc-hybrid,pqc-hybrid,off,4.870000,0 - default,1249,1153,742,4040.000000,3600.000000,1.122222,1162,1157,138,2927,1895,5,7,3641,4273,1605,4035,1834,0,7868,3,2,3,2,0.117000,0.138000,2.702000,0.319000,0.046000,1.151000,0.292000,0.644000,0.012000,0.538000,0.790000,4.475000
SecP256r1MLKEM768,rsa3072_falconpadded512,pqc-hybrid,pqc-hybrid,off,7.140000,0 - default,1249,1153,1054,5002.000000,3600.000000,1.389444,1162,1157,180,3926,2540,6,8,3739,5272,1605,4997,1890,0,8965,3,2,4,3,0.117000,0.137000,4.865000,0.314000,0.047000,1.119000,0.263000,0.566000,0.012000,2.801000,3.061000,5.460000
SecP256r1MLKEM768,p521_falcon1024,pqc-hybrid,pqc-hybrid,off,8.540000,0 - default,1249,1153,1414,6357.000000,3600.000000,1.765833,1162,1157,180,5318,3530,6,9,3739,6664,1605,6352,1890,0,10357,3,2,5,3,0.121000,0.140000,4.781000,0.308000,0.049000,2.579000,0.325000,0.661000,0.012000,2.565000,2.825000,5.398000
SecP256r1MLKEM768,falconpadded1024,pqc-hybrid,pqc,off,3.960000,0 - default,1249,1153,1280,5953.000000,3600.000000,1.653611,1162,1157,180,4914,3260,6,9,3739,6260,1605,5948,1890,0,9953,3,2,5,3,0.126000,0.151000,2.584000,0.313000,0.054000,0.372000,0.261000,0.549000,0.012000,0.526000,0.782000,2.997000
SecP256r1MLKEM768,p521_falconpadded1024,pqc-hybrid,pqc-hybrid,off,8.610000,0 - default,1249,1153,1422,6374.000000,3600.000000,1.770556,1162,1157,180,5335,3539,6,9,3739,6681,1605,6369,1890,0,10374,3,2,5,3,0.120000,0.140000,4.821000,0.321000,0.053000,2.590000,0.317000,0.655000,0.013000,2.589000,2.857000,5.453000
SecP256r1MLKEM768,sphincssha2128fsimple,pqc-hybrid,pqc,off,11.560000,0 - default,1249,1153,17088,6939.000000,3600.000000,1.927500,1162,1157,348,35847,17305,10,34,3907,37193,1605,35956,1890,0,41054,3,2,30,7,0.121000,0.141000,9.299000,0.309000,0.069000,0.797000,0.318000,0.681000,0.034000,7.086000,7.416000,8.862000
SecP256r1MLKEM768,p256_sphincssha2128fsimple,pqc-hybrid,pqc-hybrid,off,12.900000,0 - default,1249,1153,17163,6939.000000,3600.000000,1.927500,1162,1157,348,36150,17451,10,36,3907,37496,1605,36184,1890,0,41357,3,2,32,7,0.120000,0.140000,9.533000,0.311000,0.078000,1.674000,0.323000,0.658000,0.043000,7.319000,7.645000,9.113000
SecP256r1MLKEM768,rsa3072_sphincssha2128fsimple,pqc-hybrid,pqc-hybrid,off,15.230000,0 - default,1249,1153,17476,6939.000000,3600.000000,1.927500,1162,1157,348,37112,18100,10,36,3907,38458,1605,37146,1890,0,42319,3,2,32,7,0.121000,0.141000,11.956000,0.342000,0.101000,1.653000,0.293000,0.640000,0.037000,9.681000,10.029000,11.533000
SecP256r1MLKEM768,sphincssha2128ssimple,pqc-hybrid,pqc,off,150.570000,0 - default,1249,1153,7856,6939.000000,3600.000000,1.927500,1162,1157,180,16680,8072,6,18,3739,18026,1605,17381,1890,0,21719,3,2,14,3,0.125000,0.146000,148.607000,0.360000,0.107000,0.485000,0.317000,0.665000,0.013000,146.263000,146.567000,148.129000
SecP256r1MLKEM768,p256_sphincssha2128ssimple,pqc-hybrid,pqc-hybrid,off,152.060000,0 - default,1249,1153,7930,6939.000000,3600.000000,1.927500,1162,1157,180,16980,8218,6,20,3739,18326,1605,17606,1890,0,22019,3,2,16,3,0.122000,0.142000,149.262000,0.340000,0.069000,1.326000,0.311000,0.657000,0.012000,146.757000,147.049000,148.839000
SecP256r1MLKEM768,rsa3072_sphincssha2128ssimple,pqc-hybrid,pqc-hybrid,off,154.300000,0 - default,1249,1153,8244,6939.000000,3600.000000,1.927500,1162,1157,180,17987,8868,6,21,3739,19333,1605,18576,1890,0,23026,3,2,17,3,0.116000,0.137000,151.337000,0.354000,0.080000,1.312000,0.313000,0.658000,0.015000,149.010000,149.333000,150.906000
SecP256r1MLKEM768,sphincssha2192fsimple,pqc-hybrid,pqc,off,17.420000,0 - default,1249,1153,35664,6939.000000,3600.000000,1.927500,1162,1157,474,74505,35897,13,68,4033,75851,1605,73355,1890,0,79838,3,2,64,10,0.125000,0.145000,14.276000,0.313000,0.087000,1.059000,0.257000,0.588000,0.054000,11.937000,13.223000,13.639000
SecP256r1MLKEM768,p384_sphincssha2192fsimple,pqc-hybrid,pqc-hybrid,off,19.710000,0 - default,1249,1153,35771,6939.000000,3600.000000,1.927500,1162,1157,516,74823,36108,14,68,4075,76169,1605,73673,1890,0,80198,3,2,64,11,0.124000,0.144000,15.081000,0.319000,0.087000,2.452000,0.287000,0.624000,0.051000,12.952000,14.190000,14.674000
SecP256r1MLKEM768,sphincssha2192ssimple,pqc-hybrid,pqc,off,268.850000,0 - default,1249,1153,16224,6939.000000,3600.000000,1.927500,1162,1157,264,34091,16457,8,33,3823,35437,1605,34237,1890,0,39214,3,2,29,5,0.124000,0.144000,266.493000,0.373000,0.093000,0.604000,0.313000,0.657000,0.035000,264.075000,264.432000,266.056000
SecP256r1MLKEM768,p384_sphincssha2192ssimple,pqc-hybrid,pqc-hybrid,off,271.430000,0 - default,1249,1153,16331,6939.000000,3600.000000,1.927500,1162,1157,306,34408,16667,9,33,3865,35754,1605,34554,1890,0,39573,3,2,29,6,0.126000,0.146000,267.569000,0.362000,0.087000,2.094000,0.281000,0.631000,0.035000,265.260000,265.609000,267.150000
SecP256r1MLKEM768,sphincssha2256fsimple,pqc-hybrid,pqc,off,30.200000,0 - default,1249,1153,49856,6939.000000,3600.000000,1.927500,1162,1157,478,103923,50105,13,91,4037,105269,1605,101923,1890,0,109260,3,2,87,10,0.120000,0.140000,26.731000,0.323000,0.125000,1.094000,0.314000,0.658000,0.073000,24.461000,26.312000,26.353000
SecP256r1MLKEM768,p521_sphincssha2256fsimple,pqc-hybrid,pqc-hybrid,off,34.610000,0 - default,1249,1153,49999,6939.000000,3600.000000,1.927500,1162,1157,562,104429,50387,15,93,4121,105775,1605,102354,1890,0,109850,3,2,89,12,0.122000,0.142000,28.846000,0.313000,0.119000,3.278000,0.264000,0.573000,0.069000,26.537000,28.388000,28.310000
SecP256r1MLKEM768,sphincssha2256ssimple,pqc-hybrid,pqc,off,244.720000,0 - default,1249,1153,29792,6939.000000,3600.000000,1.927500,1162,1157,390,62255,30041,11,56,3949,63601,1605,61550,1890,0,67504,3,2,52,8,0.122000,0.142000,241.778000,0.367000,0.105000,0.737000,0.258000,0.600000,0.045000,239.402000,239.792000,241.364000
SecP256r1MLKEM768,p521_sphincssha2256ssimple,pqc-hybrid,pqc-hybrid,off,249.410000,0 - default,1249,1153,29934,6939.000000,3600.000000,1.927500,1162,1157,348,62762,30324,10,58,3907,64108,1605,61982,1890,0,67969,3,2,54,7,0.124000,0.144000,244.101000,0.367000,0.106000,2.995000,0.304000,0.651000,0.049000,241.689000,242.097000,243.740000
SecP256r1MLKEM768,sphincsshake128fsimple,pqc-hybrid,pqc,off,20.460000,0 - default,1249,1153,17088,6939.000000,3600.000000,1.927500,1162,1157,348,35885,17305,10,35,3907,37231,1605,35956,1890,0,41092,3,2,31,7,0.119000,0.139000,17.499000,0.312000,0.072000,1.384000,0.317000,0.666000,0.033000,15.247000,15.594000,17.049000
SecP256r1MLKEM768,p256_sphincsshake128fsimple,pqc-hybrid,pqc-hybrid,off,21.570000,0 - default,1249,1153,17163,6939.000000,3600.000000,1.927500,1162,1157,306,36148,17449,9,36,3865,37494,1605,36182,1890,0,41313,3,2,32,6,0.126000,0.146000,17.656000,0.318000,0.082000,2.215000,0.299000,0.652000,0.034000,15.477000,15.799000,17.247000
SecP256r1MLKEM768,rsa3072_sphincsshake128fsimple,pqc-hybrid,pqc-hybrid,off,23.720000,0 - default,1249,1153,17476,6939.000000,3600.000000,1.927500,1162,1157,348,37112,18100,10,36,3907,38458,1605,37146,1890,0,42319,3,2,32,7,0.113000,0.133000,19.977000,0.316000,0.086000,2.176000,0.321000,0.657000,0.042000,17.755000,18.097000,19.556000
SecP256r1MLKEM768,sphincsshake128ssimple,pqc-hybrid,pqc,off,320.010000,0 - default,1249,1153,7856,6939.000000,3600.000000,1.927500,1162,1157,222,16681,8073,7,18,3781,18027,1605,17382,1890,0,21762,3,2,14,4,0.124000,0.144000,317.854000,0.369000,0.082000,0.726000,0.256000,0.535000,0.012000,315.676000,315.985000,317.439000
SecP256r1MLKEM768,p256_sphincsshake128ssimple,pqc-hybrid,pqc-hybrid,off,320.960000,0 - default,1249,1153,7930,6939.000000,3600.000000,1.927500,1162,1157,180,16980,8218,6,20,3739,18326,1605,17606,1890,0,22019,3,2,16,3,0.118000,0.138000,317.877000,0.370000,0.080000,1.574000,0.313000,0.666000,0.012000,315.578000,315.883000,317.468000
SecP256r1MLKEM768,rsa3072_sphincsshake128ssimple,pqc-hybrid,pqc-hybrid,off,323.410000,0 - default,1249,1153,8244,6939.000000,3600.000000,1.927500,1162,1157,222,17987,8868,8,21,3811,19338,1605,18576,1890,0,23068,3,2,17,4,0.126000,0.146000,320.299000,0.367000,0.083000,1.567000,0.255000,0.590000,0.013000,318.023000,318.336000,319.865000
SecP256r1MLKEM768,sphincsshake192fsimple,pqc-hybrid,pqc,off,30.530000,0 - default,1249,1153,35664,6939.000000,3600.000000,1.927500,1162,1157,516,74467,35897,14,67,4075,75813,1605,73355,1890,0,79842,3,2,63,11,0.119000,0.139000,26.630000,0.311000,0.094000,1.844000,0.266000,0.549000,0.052000,24.543000,25.774000,26.186000
SecP256r1MLKEM768,p384_sphincsshake192fsimple,pqc-hybrid,pqc-hybrid,off,33.330000,0 - default,1249,1153,35771,6939.000000,3600.000000,1.927500,1162,1157,474,74823,36108,13,68,4033,76169,1605,73673,1890,0,80156,3,2,64,10,0.122000,0.141000,27.815000,0.351000,0.100000,3.242000,0.255000,0.574000,0.052000,25.508000,26.857000,27.265000
SecP256r1MLKEM768,sphincsshake192ssimple,pqc-hybrid,pqc,off,571.470000,0 - default,1249,1153,16224,6939.000000,3600.000000,1.927500,1162,1157,264,34091,16457,8,33,3823,35437,1605,34237,1890,0,39214,3,2,29,5,0.124000,0.144000,568.789000,0.359000,0.094000,0.875000,0.255000,0.585000,0.035000,566.161000,566.530000,568.063000
SecP256r1MLKEM768,p384_sphincsshake192ssimple,pqc-hybrid,pqc-hybrid,off,574.800000,0 - default,1249,1153,16332,6939.000000,3600.000000,1.927500,1162,1157,264,34449,16669,8,34,3823,35795,1605,34557,1890,0,39572,3,2,30,5,0.122000,0.142000,570.497000,0.367000,0.093000,2.322000,0.283000,0.622000,0.034000,568.164000,568.516000,570.105000
SecP256r1MLKEM768,sphincsshake256fsimple,pqc-hybrid,pqc,off,58.020000,0 - default,1249,1153,49856,6939.000000,3600.000000,1.927500,1162,1157,520,103923,50105,14,91,4079,105269,1605,101923,1890,0,109302,3,2,87,11,0.136000,0.162000,53.694000,0.371000,0.147000,1.868000,0.301000,0.650000,0.071000,51.248000,53.261000,53.242000
SecP256r1MLKEM768,p521_sphincsshake256fsimple,pqc-hybrid,pqc-hybrid,off,62.010000,0 - default,1249,1153,49998,6939.000000,3600.000000,1.927500,1162,1157,562,104428,50387,15,93,4121,105774,1605,102353,1890,0,109849,3,2,89,12,0.115000,0.135000,55.415000,0.312000,0.126000,4.057000,0.252000,0.553000,0.070000,53.274000,55.179000,55.057000
SecP256r1MLKEM768,sphincsshake256ssimple,pqc-hybrid,pqc,off,488.330000,0 - default,1249,1153,29792,6939.000000,3600.000000,1.927500,1162,1157,390,62255,30041,11,56,3949,63601,1605,61550,1890,0,67504,3,2,52,8,0.124000,0.144000,484.996000,0.366000,0.107000,1.083000,0.267000,0.591000,0.050000,482.613000,483.020000,484.616000
SecP256r1MLKEM768,p521_sphincsshake256ssimple,pqc-hybrid,pqc-hybrid,off,492.160000,0 - default,1249,1153,29933,6939.000000,3600.000000,1.927500,1162,1157,390,62761,30324,11,58,3949,64107,1605,61981,1890,0,68010,3,2,54,8,0.131000,0.151000,486.425000,0.371000,0.116000,3.374000,0.291000,0.645000,0.056000,483.977000,484.401000,486.054000
SecP256r1MLKEM768,ED25519,pqc-hybrid,classic,off,2.710000,0 - default,1249,1153,64,2287.000000,3600.000000,0.635278,1162,1157,138,540,270,5,5,3641,2446,1605,1722,1834,560,6041,3,2,1,2,0.123000,0.144000,1.671000,0.261000,0.041000,0.184000,0.316000,0.431000,0.013000,0.045000,0.084000,2.268000
SecP256r1MLKEM768,ED448,pqc-hybrid,classic,off,3.010000,0 - default,1249,1153,114,2287.000000,3600.000000,0.635278,1162,1157,138,665,345,5,5,3641,2446,1605,1847,1834,435,6041,3,2,1,2,0.129000,0.149000,1.838000,0.264000,0.045000,0.303000,0.294000,0.415000,0.013000,0.210000,0.247000,2.554000
X25519MLKEM768,MLDSA44,pqc-hybrid,pqc,off,3.500000,0 - default,1216,1120,2420,6939.000000,3600.000000,1.927500,1162,1157,222,6767,3931,7,10,3781,8080,1572,7731,1923,0,11815,3,2,6,4,0.104000,0.125000,2.199000,0.278000,0.043000,0.216000,0.310000,0.436000,0.013000,0.494000,0.552000,2.618000
X25519MLKEM768,MLDSA65,pqc-hybrid,pqc,off,3.500000,0 - default,1216,1120,3309,6939.000000,3600.000000,1.927500,1162,1157,222,9269,5460,7,12,3781,10582,1572,10159,1923,0,14317,3,2,8,4,0.114000,0.134000,2.156000,0.230000,0.052000,0.284000,0.321000,0.446000,0.014000,0.520000,0.584000,1.725000
X25519MLKEM768,MLDSA87,pqc-hybrid,pqc,off,4.590000,0 - default,1216,1120,4627,6939.000000,3600.000000,1.927500,1162,1157,264,12671,7418,8,15,3823,13984,1572,13450,1923,0,17761,3,2,11,5,0.102000,0.122000,2.880000,0.280000,0.049000,0.391000,0.298000,0.427000,0.014000,1.240000,1.318000,2.489000
X25519MLKEM768,p256_mldsa44,pqc-hybrid,pqc-hybrid,off,5.070000,0 - default,1216,1120,2495,6939.000000,3600.000000,1.927500,1162,1157,222,6975,4064,7,10,3781,8288,1572,7939,1923,0,12023,3,2,6,4,0.118000,0.140000,2.629000,0.299000,0.062000,1.211000,0.248000,0.582000,0.014000,0.405000,0.670000,3.088000
X25519MLKEM768,rsa3072_mldsa44,pqc-hybrid,pqc-hybrid,off,7.090000,0 - default,1216,1120,2808,6939.000000,3600.000000,1.927500,1162,1157,222,7975,4709,7,11,3781,9288,1572,8902,1923,0,13023,3,2,7,4,0.106000,0.125000,4.854000,0.281000,0.056000,1.134000,0.253000,0.594000,0.014000,2.766000,3.031000,4.428000
X25519MLKEM768,p384_mldsa65,pqc-hybrid,pqc-hybrid,off,6.620000,0 - default,1216,1120,3417,6939.000000,3600.000000,1.927500,1162,1157,180,9652,5656,6,14,3739,10965,1572,10467,1923,0,14658,3,2,10,3,0.121000,0.148000,3.284000,0.285000,0.074000,1.816000,0.265000,0.628000,0.015000,1.225000,1.501000,2.872000
X25519MLKEM768,p521_mldsa87,pqc-hybrid,pqc-hybrid,off,8.470000,0 - default,1216,1120,4769,6939.000000,3600.000000,1.927500,1162,1157,264,13117,7684,8,16,3823,14430,1572,13858,1923,0,18207,3,2,12,5,0.105000,0.129000,4.445000,0.277000,0.054000,2.584000,0.247000,0.546000,0.012000,2.522000,2.791000,4.063000
X25519MLKEM768,falcon512,pqc-hybrid,pqc,off,3.780000,0 - default,1216,1120,653,3764.000000,3600.000000,1.045556,1162,1157,180,2684,1741,6,7,3739,3997,1572,3759,1923,0,7690,3,2,3,3,0.107000,0.128000,2.329000,0.244000,0.052000,0.322000,0.290000,0.641000,0.012000,0.284000,0.530000,2.879000
X25519MLKEM768,falcon1024,pqc-hybrid,pqc,off,4.020000,0 - default,1216,1120,1269,5902.000000,3600.000000,1.639444,1162,1157,180,4896,3253,6,9,3739,6209,1572,5897,1923,0,9902,3,2,5,3,0.103000,0.123000,2.605000,0.277000,0.052000,0.357000,0.249000,0.580000,0.012000,0.524000,0.770000,3.035000
X25519MLKEM768,p256_falcon512,pqc-hybrid,pqc-hybrid,off,4.870000,0 - default,1216,1120,730,3985.000000,3600.000000,1.106944,1162,1157,138,2905,1885,5,7,3641,4218,1572,3980,1867,0,7813,3,2,3,2,0.102000,0.122000,2.650000,0.275000,0.047000,1.156000,0.278000,0.630000,0.012000,0.539000,0.792000,4.468000
X25519MLKEM768,rsa3072_falcon512,pqc-hybrid,pqc-hybrid,off,6.860000,0 - default,1216,1120,1046,4953.000000,3600.000000,1.375833,1162,1157,138,3910,2532,5,8,3641,5223,1572,4948,1867,0,8818,3,2,4,2,0.107000,0.127000,4.782000,0.278000,0.055000,1.114000,0.244000,0.571000,0.012000,2.785000,3.037000,6.485000
X25519MLKEM768,falconpadded512,pqc-hybrid,pqc,off,3.590000,0 - default,1216,1120,666,3786.000000,3600.000000,1.051667,1162,1157,138,2706,1750,5,7,3641,4019,1572,3781,1867,0,7614,3,2,3,2,0.105000,0.126000,2.292000,0.282000,0.046000,0.322000,0.238000,0.518000,0.012000,0.296000,0.551000,3.170000
X25519MLKEM768,p256_falconpadded512,pqc-hybrid,pqc-hybrid,off,4.930000,0 - default,1216,1120,742,4007.000000,3600.000000,1.113056,1162,1157,138,2927,1895,5,7,3641,4240,1572,4002,1867,0,7835,3,2,3,2,0.110000,0.130000,2.642000,0.282000,0.060000,1.189000,0.266000,0.608000,0.012000,0.539000,0.790000,4.528000
X25519MLKEM768,rsa3072_falconpadded512,pqc-hybrid,pqc-hybrid,off,7.050000,0 - default,1216,1120,1054,4969.000000,3600.000000,1.380278,1162,1157,138,3926,2540,5,8,3641,5239,1572,4964,1867,0,8834,3,2,4,2,0.107000,0.127000,4.890000,0.284000,0.063000,1.136000,0.284000,0.641000,0.013000,2.805000,3.058000,6.664000
X25519MLKEM768,p521_falcon1024,pqc-hybrid,pqc-hybrid,off,8.390000,0 - default,1216,1120,1415,6325.000000,3600.000000,1.756944,1162,1157,180,5357,3530,6,10,3739,6670,1572,6320,1923,0,10363,3,2,6,3,0.109000,0.129000,4.673000,0.277000,0.057000,2.593000,0.247000,0.576000,0.012000,2.613000,2.866000,4.281000
X25519MLKEM768,falconpadded1024,pqc-hybrid,pqc,off,4.120000,0 - default,1216,1120,1280,5920.000000,3600.000000,1.644444,1162,1157,180,4914,3260,6,9,3739,6227,1572,5915,1923,0,9920,3,2,5,3,0.104000,0.124000,2.648000,0.279000,0.051000,0.371000,0.284000,0.640000,0.012000,0.542000,0.793000,3.156000
X25519MLKEM768,p521_falconpadded1024,pqc-hybrid,pqc-hybrid,off,8.490000,0 - default,1216,1120,1423,6342.000000,3600.000000,1.761667,1162,1157,180,5374,3539,6,10,3739,6687,1572,6337,1923,0,10380,3,2,6,3,0.103000,0.123000,4.708000,0.274000,0.054000,2.604000,0.274000,0.617000,0.012000,2.597000,2.851000,4.315000
X25519MLKEM768,sphincssha2128fsimple,pqc-hybrid,pqc,off,11.640000,0 - default,1216,1120,17088,6939.000000,3600.000000,1.927500,1162,1157,348,35847,17305,10,34,3907,37160,1572,35923,1923,0,41021,3,2,30,7,0.114000,0.135000,9.241000,0.302000,0.082000,0.813000,0.246000,0.570000,0.039000,7.079000,7.415000,8.796000
X25519MLKEM768,p256_sphincssha2128fsimple,pqc-hybrid,pqc-hybrid,off,12.800000,0 - default,1216,1120,17162,6939.000000,3600.000000,1.927500,1162,1157,348,36149,17451,10,36,3907,37462,1572,36150,1923,0,41323,3,2,32,7,0.113000,0.134000,9.428000,0.282000,0.078000,1.684000,0.275000,0.616000,0.038000,7.334000,7.655000,9.040000
X25519MLKEM768,rsa3072_sphincssha2128fsimple,pqc-hybrid,pqc-hybrid,off,15.070000,0 - default,1216,1120,17476,6939.000000,3600.000000,1.927500,1162,1157,348,37112,18100,10,36,3907,38425,1572,37113,1923,0,42286,3,2,32,7,0.109000,0.129000,11.796000,0.310000,0.087000,1.690000,0.295000,0.641000,0.041000,9.584000,9.928000,11.381000
X25519MLKEM768,sphincssha2128ssimple,pqc-hybrid,pqc,off,150.340000,0 - default,1216,1120,7856,6939.000000,3600.000000,1.927500,1162,1157,180,16680,8072,6,18,3739,17993,1572,17348,1923,0,21686,3,2,14,3,0.111000,0.131000,148.507000,0.308000,0.071000,0.480000,0.292000,0.642000,0.012000,146.318000,146.605000,148.058000
X25519MLKEM768,p256_sphincssha2128ssimple,pqc-hybrid,pqc-hybrid,off,151.690000,0 - default,1216,1120,7931,6939.000000,3600.000000,1.927500,1162,1157,180,16981,8218,6,20,3739,18294,1572,17574,1923,0,21987,3,2,16,3,0.105000,0.125000,148.871000,0.286000,0.060000,1.289000,0.292000,0.671000,0.014000,146.724000,147.026000,148.488000
X25519MLKEM768,rsa3072_sphincssha2128ssimple,pqc-hybrid,pqc-hybrid,off,154.060000,0 - default,1216,1120,8244,6939.000000,3600.000000,1.927500,1162,1157,180,17944,8868,6,20,3739,19257,1572,18537,1923,0,22950,3,2,16,3,0.114000,0.134000,151.236000,0.337000,0.086000,1.332000,0.260000,0.602000,0.013000,149.015000,149.321000,150.823000
X25519MLKEM768,sphincssha2192fsimple,pqc-hybrid,pqc,off,17.140000,0 - default,1216,1120,35664,6939.000000,3600.000000,1.927500,1162,1157,516,74467,35897,14,67,4075,75780,1572,73322,1923,0,79809,3,2,63,11,0.113000,0.133000,14.000000,0.276000,0.088000,1.068000,0.280000,0.623000,0.054000,11.922000,13.143000,13.625000
X25519MLKEM768,p384_sphincssha2192fsimple,pqc-hybrid,pqc-hybrid,off,19.820000,0 - default,1216,1120,35770,6939.000000,3600.000000,1.927500,1162,1157,474,74822,36108,13,68,4033,76135,1572,73639,1923,0,80122,3,2,64,10,0.105000,0.125000,15.060000,0.286000,0.106000,2.475000,0.288000,0.632000,0.056000,12.929000,14.212000,14.686000
X25519MLKEM768,sphincssha2192ssimple,pqc-hybrid,pqc,off,270.520000,0 - default,1216,1120,16224,6939.000000,3600.000000,1.927500,1162,1157,306,34091,16457,9,33,3865,35404,1572,34204,1923,0,39223,3,2,29,6,0.108000,0.131000,268.174000,0.341000,0.082000,0.615000,0.298000,0.759000,0.038000,265.535000,265.955000,267.626000
X25519MLKEM768,p384_sphincssha2192ssimple,pqc-hybrid,pqc-hybrid,off,271.900000,0 - default,1216,1120,16331,6939.000000,3600.000000,1.927500,1162,1157,264,34446,16667,8,34,3823,35759,1572,34521,1923,0,39536,3,2,30,5,0.111000,0.131000,268.011000,0.277000,0.073000,2.021000,0.277000,0.632000,0.037000,265.878000,266.214000,267.638000
X25519MLKEM768,sphincssha2256fsimple,pqc-hybrid,pqc,off,30.120000,0 - default,1216,1120,49856,6939.000000,3600.000000,1.927500,1162,1157,520,103923,50105,14,91,4079,105236,1572,101890,1923,0,109269,3,2,87,11,0.111000,0.131000,26.654000,0.296000,0.123000,1.091000,0.238000,0.583000,0.076000,24.477000,26.302000,26.254000
X25519MLKEM768,p521_sphincssha2256fsimple,pqc-hybrid,pqc-hybrid,off,34.350000,0 - default,1216,1120,49998,6939.000000,3600.000000,1.927500,1162,1157,562,104428,50387,15,93,4121,105741,1572,102320,1923,0,109816,3,2,89,12,0.106000,0.126000,28.654000,0.281000,0.103000,3.263000,0.236000,0.574000,0.072000,26.571000,28.377000,28.305000
X25519MLKEM768,sphincssha2256ssimple,pqc-hybrid,pqc,off,244.720000,0 - default,1216,1120,29792,6939.000000,3600.000000,1.927500,1162,1157,390,62255,30041,11,56,3949,63568,1572,61517,1923,0,67471,3,2,52,8,0.108000,0.128000,242.114000,0.281000,0.091000,0.720000,0.273000,0.633000,0.044000,239.804000,240.181000,241.626000
X25519MLKEM768,p521_sphincssha2256ssimple,pqc-hybrid,pqc-hybrid,off,249.640000,0 - default,1216,1120,29934,6939.000000,3600.000000,1.927500,1162,1157,348,62762,30324,10,58,3907,64075,1572,61949,1923,0,67936,3,2,54,7,0.107000,0.126000,244.552000,0.277000,0.084000,2.926000,0.293000,0.655000,0.050000,242.368000,242.748000,244.214000
X25519MLKEM768,sphincsshake128fsimple,pqc-hybrid,pqc,off,20.410000,0 - default,1216,1120,17088,6939.000000,3600.000000,1.927500,1162,1157,306,35847,17305,9,34,3865,37160,1572,35923,1923,0,40979,3,2,30,6,0.101000,0.122000,17.418000,0.273000,0.070000,1.341000,0.303000,0.670000,0.036000,15.279000,15.603000,17.010000
X25519MLKEM768,p256_sphincsshake128fsimple,pqc-hybrid,pqc-hybrid,off,21.410000,0 - default,1216,1120,17163,6939.000000,3600.000000,1.927500,1162,1157,348,36148,17449,10,36,3907,37461,1572,36149,1923,0,41322,3,2,32,7,0.101000,0.121000,17.634000,0.277000,0.076000,2.128000,0.303000,0.639000,0.049000,15.494000,15.849000,17.237000
X25519MLKEM768,rsa3072_sphincsshake128fsimple,pqc-hybrid,pqc-hybrid,off,23.860000,0 - default,1216,1120,17476,6939.000000,3600.000000,1.927500,1162,1157,306,37112,18100,9,36,3865,38425,1572,37113,1923,0,42244,3,2,32,6,0.118000,0.140000,19.962000,0.318000,0.095000,2.231000,0.238000,0.581000,0.037000,17.779000,18.128000,19.552000
X25519MLKEM768,sphincsshake128ssimple,pqc-hybrid,pqc,off,319.920000,0 - default,1216,1120,7856,6939.000000,3600.000000,1.927500,1162,1157,180,16719,8073,6,19,3739,18032,1572,17349,1923,0,21725,3,2,15,3,0.109000,0.129000,317.756000,0.339000,0.094000,0.714000,0.294000,0.644000,0.014000,315.435000,315.748000,317.305000
X25519MLKEM768,p256_sphincsshake128ssimple,pqc-hybrid,pqc-hybrid,off,320.820000,0 - default,1216,1120,7932,6939.000000,3600.000000,1.927500,1162,1157,180,16982,8218,6,20,3739,18295,1572,17575,1923,0,21988,3,2,16,3,0.107000,0.127000,317.700000,0.319000,0.084000,1.570000,0.300000,0.641000,0.014000,315.469000,315.772000,317.312000
X25519MLKEM768,rsa3072_sphincsshake128ssimple,pqc-hybrid,pqc-hybrid,off,323.030000,0 - default,1216,1120,8244,6939.000000,3600.000000,1.927500,1162,1157,180,17944,8868,6,20,3739,19257,1572,18537,1923,0,22950,3,2,16,3,0.103000,0.123000,320.071000,0.291000,0.080000,1.564000,0.251000,0.592000,0.012000,317.917000,318.226000,319.626000
X25519MLKEM768,sphincsshake192fsimple,pqc-hybrid,pqc,off,30.280000,0 - default,1216,1120,35664,6939.000000,3600.000000,1.927500,1162,1157,474,74505,35897,13,68,4033,75818,1572,73322,1923,0,79805,3,2,64,10,0.111000,0.130000,26.493000,0.277000,0.096000,1.864000,0.242000,0.532000,0.053000,24.564000,25.738000,26.111000
X25519MLKEM768,p384_sphincsshake192fsimple,pqc-hybrid,pqc-hybrid,off,33.040000,0 - default,1216,1120,35771,6939.000000,3600.000000,1.927500,1162,1157,558,74823,36108,15,68,4117,76136,1572,73640,1923,0,80207,3,2,64,12,0.109000,0.129000,27.610000,0.277000,0.102000,3.291000,0.299000,0.638000,0.065000,25.543000,26.786000,27.253000
X25519MLKEM768,sphincsshake192ssimple,pqc-hybrid,pqc,off,571.000000,0 - default,1216,1120,16224,6939.000000,3600.000000,1.927500,1162,1157,264,34091,16457,8,33,3823,35404,1572,34204,1923,0,39181,3,2,29,5,0.105000,0.126000,568.442000,0.317000,0.087000,0.862000,0.267000,0.619000,0.037000,566.048000,566.393000,568.038000
X25519MLKEM768,p384_sphincsshake192ssimple,pqc-hybrid,pqc-hybrid,off,573.570000,0 - default,1216,1120,16331,6939.000000,3600.000000,1.927500,1162,1157,306,34410,16669,9,33,3865,35723,1572,34523,1923,0,39542,3,2,29,6,0.104000,0.124000,569.482000,0.300000,0.082000,2.313000,0.304000,0.640000,0.042000,567.267000,567.634000,569.074000
X25519MLKEM768,sphincsshake256fsimple,pqc-hybrid,pqc,off,57.580000,0 - default,1216,1120,49856,6939.000000,3600.000000,1.927500,1162,1157,650,103961,50105,17,92,4209,105274,1572,101890,1923,0,109437,3,2,88,14,0.108000,0.128000,53.447000,0.277000,0.106000,1.934000,0.296000,0.649000,0.072000,51.320000,53.179000,53.074000
X25519MLKEM768,p521_sphincsshake256fsimple,pqc-hybrid,pqc-hybrid,off,61.940000,0 - default,1216,1120,49999,6939.000000,3600.000000,1.927500,1162,1157,606,104429,50387,16,93,4165,105742,1572,102321,1923,0,109861,3,2,89,13,0.104000,0.123000,55.547000,0.289000,0.112000,4.055000,0.297000,0.635000,0.084000,53.371000,55.321000,55.176000
X25519MLKEM768,sphincsshake256ssimple,pqc-hybrid,pqc,off,487.910000,0 - default,1216,1120,29792,6939.000000,3600.000000,1.927500,1162,1157,390,62255,30041,11,56,3949,63568,1572,61517,1923,0,67471,3,2,52,8,0.100000,0.120000,484.689000,0.287000,0.096000,1.123000,0.235000,0.516000,0.046000,482.498000,482.874000,484.191000
X25519MLKEM768,p521_sphincsshake256ssimple,pqc-hybrid,pqc-hybrid,off,492.360000,0 - default,1216,1120,29935,6939.000000,3600.000000,1.927500,1162,1157,390,62763,30324,11,58,3949,64076,1572,61950,1923,0,67979,3,2,54,8,0.107000,0.127000,486.931000,0.310000,0.106000,3.362000,0.296000,0.634000,0.054000,484.661000,485.071000,486.586000
X25519MLKEM768,ED25519,pqc-hybrid,classic,off,2.480000,0 - default,1216,1120,64,2287.000000,3600.000000,0.635278,1162,1157,138,540,270,5,5,3641,2446,1572,1689,1867,593,6041,3,2,1,2,0.101000,0.121000,1.479000,0.223000,0.046000,0.180000,0.239000,0.348000,0.011000,0.035000,0.069000,2.076000
X25519MLKEM768,ED448,pqc-hybrid,classic,off,3.130000,0 - default,1216,1120,114,2287.000000,3600.000000,0.635278,1162,1157,138,665,345,5,5,3641,2446,1572,1814,1867,468,6041,3,2,1,2,0.103000,0.124000,1.963000,0.275000,0.042000,0.291000,0.305000,0.423000,0.012000,0.208000,0.247000,2.588000
SecP384r1MLKEM1024,MLDSA44,pqc-hybrid,pqc,off,5.870000,0 - default,1665,1665,2420,6939.000000,3600.000000,1.927500,1162,1157,222,6809,3931,7,11,3781,8668,2021,8282,1474,0,12403,3,2,7,4,0.865000,0.886000,4.722000,1.149000,0.049000,0.200000,1.649000,1.750000,0.012000,0.872000,0.922000,4.238000
SecP384r1MLKEM1024,MLDSA65,pqc-hybrid,pqc,off,8.320000,0 - default,1665,1665,3309,6939.000000,3600.000000,1.927500,1162,1157,180,9311,5460,6,13,3739,11170,2021,10710,1474,0,14863,3,2,9,3,0.861000,0.880000,6.875000,1.051000,0.060000,0.289000,1.765000,1.888000,0.013000,2.990000,3.048000,6.371000
SecP384r1MLKEM1024,MLDSA87,pqc-hybrid,pqc,off,6.220000,0 - default,1665,1665,4627,6939.000000,3600.000000,1.927500,1162,1157,264,12713,7418,8,16,3823,14572,2021,14001,1474,0,18349,3,2,12,5,0.863000,0.883000,4.583000,1.163000,0.053000,0.395000,1.653000,1.756000,0.013000,0.769000,0.835000,4.137000
SecP384r1MLKEM1024,p256_mldsa44,pqc-hybrid,pqc-hybrid,off,6.880000,0 - default,1665,1665,2496,6939.000000,3600.000000,1.927500,1162,1157,222,7018,4064,7,11,3781,8877,2021,8491,1474,0,12612,3,2,7,4,0.861000,0.881000,4.735000,1.151000,0.050000,1.122000,1.644000,1.929000,0.012000,0.467000,0.729000,4.291000
SecP384r1MLKEM1024,rsa3072_mldsa44,pqc-hybrid,pqc-hybrid,off,9.220000,0 - default,1665,1665,2808,6939.000000,3600.000000,1.927500,1162,1157,180,8017,4709,6,12,3739,9876,2021,9453,1474,0,13569,3,2,8,3,0.864000,0.884000,7.070000,1.025000,0.045000,1.102000,1.794000,2.142000,0.012000,2.728000,2.992000,7.451000
SecP384r1MLKEM1024,p384_mldsa65,pqc-hybrid,pqc-hybrid,off,8.370000,0 - default,1665,1665,3417,6939.000000,3600.000000,1.927500,1162,1157,222,9615,5656,7,13,3781,11474,2021,11014,1474,0,15209,3,2,9,4,0.866000,0.886000,5.368000,1.064000,0.046000,1.748000,1.678000,2.026000,0.012000,1.191000,1.464000,4.950000
SecP384r1MLKEM1024,p521_mldsa87,pqc-hybrid,pqc-hybrid,off,10.550000,0 - default,1665,1665,4770,6939.000000,3600.000000,1.927500,1162,1157,264,13160,7684,8,17,3823,15019,2021,14410,1474,0,18796,3,2,13,5,0.878000,0.900000,6.599000,1.099000,0.062000,2.585000,1.694000,2.034000,0.013000,2.367000,2.638000,6.167000
SecP384r1MLKEM1024,falcon512,pqc-hybrid,pqc,off,5.810000,0 - default,1665,1665,661,4318.000000,3600.000000,1.199444,1162,1157,138,2692,1741,5,7,3641,4551,2021,4313,1418,0,8146,3,2,3,2,0.937000,0.958000,4.638000,1.253000,0.048000,0.303000,1.645000,1.926000,0.012000,0.282000,0.534000,5.403000
SecP384r1MLKEM1024,falcon1024,pqc-hybrid,pqc,off,6.220000,0 - default,1665,1665,1265,6444.000000,3600.000000,1.790000,1162,1157,180,4892,3253,6,9,3739,6751,2021,6439,1474,0,10444,3,2,5,3,0.862000,0.882000,4.923000,1.194000,0.048000,0.355000,1.672000,1.998000,0.011000,0.531000,0.799000,5.284000
SecP384r1MLKEM1024,p256_falcon512,pqc-hybrid,pqc-hybrid,off,6.980000,0 - default,1665,1665,732,4533.000000,3600.000000,1.259167,1162,1157,138,2907,1885,5,7,3641,4766,2021,4528,1418,0,8361,3,2,3,2,0.867000,0.886000,4.934000,1.025000,0.045000,1.127000,1.890000,2.232000,0.012000,0.523000,0.779000,6.591000
SecP384r1MLKEM1024,rsa3072_falcon512,pqc-hybrid,pqc-hybrid,off,9.110000,0 - default,1665,1665,1047,5500.000000,3600.000000,1.527778,1162,1157,138,3911,2532,5,8,3641,5770,2021,5495,1418,0,9365,3,2,4,2,0.876000,0.898000,7.128000,1.170000,0.045000,1.092000,1.676000,2.017000,0.012000,2.801000,3.054000,8.703000
SecP384r1MLKEM1024,falconpadded512,pqc-hybrid,pqc,off,6.770000,0 - default,1665,1665,666,4332.000000,3600.000000,1.203333,1162,1157,138,2706,1750,5,7,3641,4565,2021,4327,1418,0,8160,3,2,3,2,0.878000,0.901000,5.519000,1.170000,0.045000,0.329000,2.274000,2.701000,0.012000,0.315000,0.621000,6.244000
SecP384r1MLKEM1024,p256_falconpadded512,pqc-hybrid,pqc-hybrid,off,6.920000,0 - default,1665,1665,741,4552.000000,3600.000000,1.264444,1162,1157,138,2926,1895,5,7,3641,4785,2021,4547,1418,0,8380,3,2,3,2,0.869000,0.889000,4.862000,1.058000,0.046000,1.137000,1.737000,2.079000,0.011000,0.537000,0.789000,6.489000
SecP384r1MLKEM1024,rsa3072_falconpadded512,pqc-hybrid,pqc-hybrid,off,9.400000,0 - default,1665,1665,1054,5515.000000,3600.000000,1.531944,1162,1157,138,3926,2540,5,8,3641,5785,2021,5510,1418,0,9380,3,2,4,2,0.869000,0.888000,7.406000,1.184000,0.046000,1.097000,1.766000,2.122000,0.011000,2.779000,3.039000,8.854000
SecP384r1MLKEM1024,p521_falcon1024,pqc-hybrid,pqc-hybrid,off,10.630000,0 - default,1665,1665,1416,6872.000000,3600.000000,1.908889,1162,1157,138,5320,3530,5,9,3641,7179,2021,6867,1418,0,10774,3,2,5,2,0.873000,0.893000,6.961000,1.149000,0.060000,2.627000,1.644000,1.971000,0.012000,2.595000,2.862000,10.207000
SecP384r1MLKEM1024,falconpadded1024,pqc-hybrid,pqc,off,6.100000,0 - default,1665,1665,1280,6466.000000,3600.000000,1.796111,1162,1157,180,4914,3260,6,9,3739,6773,2021,6461,1474,0,10466,3,2,5,3,0.868000,0.888000,4.801000,1.029000,0.049000,0.353000,1.708000,2.044000,0.013000,0.529000,0.786000,5.162000
SecP384r1MLKEM1024,p521_falconpadded1024,pqc-hybrid,pqc-hybrid,off,10.570000,0 - default,1665,1665,1423,6888.000000,3600.000000,1.913333,1162,1157,180,5336,3539,6,9,3739,7195,2021,6883,1474,0,10888,3,2,5,3,0.888000,0.908000,6.961000,1.138000,0.049000,2.566000,1.650000,1.974000,0.012000,2.590000,2.855000,7.425000
SecP384r1MLKEM1024,sphincssha2128fsimple,pqc-hybrid,pqc,off,13.710000,0 - default,1665,1665,17088,6939.000000,3600.000000,1.927500,1162,1157,348,35891,17305,10,35,3907,37750,2021,36476,1474,0,41611,3,2,31,7,0.859000,0.879000,11.479000,1.102000,0.068000,0.808000,1.697000,2.044000,0.040000,7.100000,7.436000,10.981000
SecP384r1MLKEM1024,p256_sphincssha2128fsimple,pqc-hybrid,pqc-hybrid,off,14.650000,0 - default,1665,1665,17163,6939.000000,3600.000000,1.927500,1162,1157,348,36112,17451,10,35,3907,37971,2021,36697,1474,0,41832,3,2,31,7,0.863000,0.883000,11.493000,1.008000,0.077000,1.629000,1.649000,1.963000,0.040000,7.347000,7.676000,11.042000
SecP384r1MLKEM1024,rsa3072_sphincssha2128fsimple,pqc-hybrid,pqc-hybrid,off,16.890000,0 - default,1665,1665,17476,6939.000000,3600.000000,1.927500,1162,1157,348,37118,18100,10,36,3907,38977,2021,37666,1474,0,42838,3,2,32,7,0.873000,0.893000,13.862000,1.128000,0.077000,1.578000,1.647000,1.933000,0.036000,9.605000,9.936000,13.415000
SecP384r1MLKEM1024,sphincssha2128ssimple,pqc-hybrid,pqc,off,152.320000,0 - default,1665,1665,7856,6939.000000,3600.000000,1.927500,1162,1157,180,16722,8072,6,19,3739,18581,2021,17899,1474,0,22274,3,2,15,3,0.870000,0.890000,150.602000,1.032000,0.055000,0.496000,1.652000,1.929000,0.012000,146.449000,146.739000,150.106000
SecP384r1MLKEM1024,p256_sphincssha2128ssimple,pqc-hybrid,pqc-hybrid,off,153.910000,0 - default,1665,1665,7930,6939.000000,3600.000000,1.927500,1162,1157,222,16942,8218,7,19,3781,18801,2021,18119,1474,0,22536,3,2,15,4,0.855000,0.875000,151.102000,1.044000,0.078000,1.348000,1.729000,2.070000,0.012000,146.736000,147.037000,150.660000
SecP384r1MLKEM1024,rsa3072_sphincssha2128ssimple,pqc-hybrid,pqc-hybrid,off,156.240000,0 - default,1665,1665,8244,6939.000000,3600.000000,1.927500,1162,1157,222,17950,8868,7,20,3781,19809,2021,19090,1474,0,23544,3,2,16,4,0.863000,0.883000,153.418000,1.223000,0.089000,1.363000,1.692000,2.051000,0.013000,148.848000,149.166000,152.978000
SecP384r1MLKEM1024,sphincssha2192fsimple,pqc-hybrid,pqc,off,19.160000,0 - default,1665,1665,35664,6939.000000,3600.000000,1.927500,1162,1157,516,74467,35897,14,67,4075,76326,2021,73868,1474,0,80355,3,2,63,11,0.854000,0.874000,16.135000,1.073000,0.088000,1.087000,1.646000,1.940000,0.055000,11.946000,13.919000,15.706000
SecP384r1MLKEM1024,p384_sphincssha2192fsimple,pqc-hybrid,pqc-hybrid,off,21.620000,0 - default,1665,1665,35771,6939.000000,3600.000000,1.927500,1162,1157,516,74785,36108,14,67,4075,76644,2021,74186,1474,0,80673,3,2,63,11,0.880000,0.900000,17.112000,1.071000,0.087000,2.450000,1.643000,1.923000,0.056000,12.950000,14.915000,16.688000
SecP384r1MLKEM1024,sphincssha2192ssimple,pqc-hybrid,pqc,off,270.760000,0 - default,1665,1665,16224,6939.000000,3600.000000,1.927500,1162,1157,264,34091,16457,8,33,3823,35950,2021,34750,1474,0,39727,3,2,29,5,0.872000,0.891000,268.564000,1.108000,0.101000,0.596000,1.647000,1.929000,0.038000,264.185000,264.538000,268.104000
SecP384r1MLKEM1024,p384_sphincssha2192ssimple,pqc-hybrid,pqc-hybrid,off,273.460000,0 - default,1665,1665,16332,6939.000000,3600.000000,1.927500,1162,1157,306,34453,16667,9,34,3865,36312,2021,35075,1474,0,40131,3,2,30,6,0.866000,0.886000,269.824000,1.052000,0.089000,2.013000,1.651000,1.939000,0.040000,265.596000,265.936000,269.381000
SecP384r1MLKEM1024,sphincssha2256fsimple,pqc-hybrid,pqc,off,32.260000,0 - default,1665,1665,49856,6939.000000,3600.000000,1.927500,1162,1157,690,103967,50105,18,92,4249,105826,2021,102443,1474,0,110029,3,2,88,15,0.858000,0.878000,28.736000,1.158000,0.117000,1.090000,1.641000,1.921000,0.073000,24.420000,26.953000,28.296000
SecP384r1MLKEM1024,p521_sphincssha2256fsimple,pqc-hybrid,pqc-hybrid,off,36.370000,0 - default,1665,1665,49998,6939.000000,3600.000000,1.927500,1162,1157,606,104429,50387,16,93,4165,106288,2021,102867,1474,0,110407,3,2,89,13,0.893000,0.912000,30.793000,1.141000,0.114000,3.257000,1.639000,1.917000,0.073000,26.523000,29.260000,30.396000
SecP384r1MLKEM1024,sphincssha2256ssimple,pqc-hybrid,pqc,off,246.640000,0 - default,1665,1665,29792,6939.000000,3600.000000,1.927500,1162,1157,390,62299,30041,11,57,3949,64158,2021,62070,1474,0,68061,3,2,53,8,0.875000,0.895000,244.085000,1.166000,0.085000,0.719000,1.641000,1.923000,0.052000,239.727000,240.101000,243.648000
SecP384r1MLKEM1024,p521_sphincssha2256ssimple,pqc-hybrid,pqc-hybrid,off,250.690000,0 - default,1665,1665,29934,6939.000000,3600.000000,1.927500,1162,1157,390,62724,30324,11,57,3949,64583,2021,62495,1474,0,68486,3,2,53,8,0.891000,0.910000,245.838000,1.113000,0.084000,2.901000,1.682000,2.018000,0.051000,241.461000,241.842000,245.427000
SecP384r1MLKEM1024,sphincsshake128fsimple,pqc-hybrid,pqc,off,22.290000,0 - default,1665,1665,17088,6939.000000,3600.000000,1.927500,1162,1157,348,35891,17305,10,35,3907,37750,2021,36476,1474,0,41611,3,2,31,7,0.862000,0.882000,19.486000,1.166000,0.079000,1.342000,1.642000,1.924000,0.038000,15.213000,15.540000,19.039000
SecP384r1MLKEM1024,p256_sphincsshake128fsimple,pqc-hybrid,pqc-hybrid,off,23.410000,0 - default,1665,1665,17164,6939.000000,3600.000000,1.927500,1162,1157,348,36149,17449,10,36,3907,38008,2021,36696,1474,0,41869,3,2,32,7,0.862000,0.882000,19.660000,1.001000,0.084000,2.177000,1.653000,1.981000,0.046000,15.489000,15.826000,19.208000
SecP384r1MLKEM1024,rsa3072_sphincsshake128fsimple,pqc-hybrid,pqc-hybrid,off,26.200000,0 - default,1665,1665,17476,6939.000000,3600.000000,1.927500,1162,1157,306,37118,18100,9,36,3865,38977,2021,37666,1474,0,42796,3,2,32,6,0.956000,0.977000,22.377000,1.204000,0.106000,2.162000,1.719000,2.064000,0.037000,17.801000,18.159000,21.943000
SecP384r1MLKEM1024,sphincsshake128ssimple,pqc-hybrid,pqc,off,321.630000,0 - default,1665,1665,7856,6939.000000,3600.000000,1.927500,1162,1157,180,16723,8073,6,19,3739,18582,2021,17900,1474,0,22275,3,2,15,3,0.862000,0.883000,319.598000,1.142000,0.077000,0.712000,1.651000,1.935000,0.012000,315.253000,315.556000,319.128000
SecP384r1MLKEM1024,p256_sphincsshake128ssimple,pqc-hybrid,pqc-hybrid,off,323.780000,0 - default,1665,1665,7931,6939.000000,3600.000000,1.927500,1162,1157,222,16943,8218,7,19,3781,18802,2021,18120,1474,0,22537,3,2,15,4,0.861000,0.881000,320.724000,1.204000,0.078000,1.559000,1.666000,2.007000,0.012000,316.115000,316.407000,320.294000
SecP384r1MLKEM1024,rsa3072_sphincsshake128ssimple,pqc-hybrid,pqc-hybrid,off,325.650000,0 - default,1665,1665,8244,6939.000000,3600.000000,1.927500,1162,1157,222,17950,8868,7,20,3781,19809,2021,19090,1474,0,23544,3,2,16,4,0.853000,0.873000,322.707000,1.148000,0.077000,1.549000,1.669000,1.976000,0.013000,318.359000,318.656000,322.251000
SecP384r1MLKEM1024,sphincsshake192fsimple,pqc-hybrid,pqc,off,32.810000,0 - default,1665,1665,35664,6939.000000,3600.000000,1.927500,1162,1157,516,74467,35897,14,67,4075,76326,2021,73868,1474,0,80355,3,2,63,11,0.921000,0.941000,28.932000,1.081000,0.111000,1.843000,1.708000,2.054000,0.055000,24.538000,26.579000,28.474000
SecP384r1MLKEM1024,p384_sphincsshake192fsimple,pqc-hybrid,pqc-hybrid,off,35.140000,0 - default,1665,1665,35770,6939.000000,3600.000000,1.927500,1162,1157,474,74822,36108,13,68,4033,76681,2021,74185,1474,0,80668,3,2,64,10,0.861000,0.882000,29.818000,1.160000,0.099000,3.265000,1.655000,1.948000,0.055000,25.533000,27.614000,29.413000
SecP384r1MLKEM1024,sphincsshake192ssimple,pqc-hybrid,pqc,off,573.150000,0 - default,1665,1665,16224,6939.000000,3600.000000,1.927500,1162,1157,306,34091,16457,9,33,3865,35950,2021,34750,1474,0,39769,3,2,29,6,0.868000,0.888000,570.708000,1.205000,0.092000,0.892000,1.641000,1.925000,0.037000,566.258000,566.605000,570.241000
SecP384r1MLKEM1024,p384_sphincsshake192ssimple,pqc-hybrid,pqc-hybrid,off,577.900000,0 - default,1665,1665,16332,6939.000000,3600.000000,1.927500,1162,1157,264,34455,16669,8,34,3823,36314,2021,35077,1474,0,40091,3,2,30,5,0.929000,0.949000,573.936000,1.170000,0.098000,2.353000,1.727000,2.065000,0.040000,569.186000,569.516000,573.489000
SecP384r1MLKEM1024,sphincsshake256fsimple,pqc-hybrid,pqc,off,60.190000,0 - default,1665,1665,49856,6939.000000,3600.000000,1.927500,1162,1157,648,103967,50105,17,92,4207,105826,2021,102443,1474,0,109987,3,2,88,14,0.888000,0.910000,55.746000,1.094000,0.151000,1.887000,1.660000,2.027000,0.074000,51.278000,53.787000,55.271000
SecP384r1MLKEM1024,p521_sphincsshake256fsimple,pqc-hybrid,pqc-hybrid,off,64.170000,0 - default,1665,1665,49998,6939.000000,3600.000000,1.927500,1162,1157,650,104429,50387,17,93,4209,106288,2021,102867,1474,0,110451,3,2,89,14,0.859000,0.879000,57.703000,1.115000,0.130000,4.095000,1.709000,2.048000,0.075000,53.284000,56.021000,57.282000
SecP384r1MLKEM1024,sphincsshake256ssimple,pqc-hybrid,pqc,off,490.530000,0 - default,1665,1665,29792,6939.000000,3600.000000,1.927500,1162,1157,348,62299,30041,10,57,3907,64158,2021,62070,1474,0,68019,3,2,53,7,0.902000,0.923000,487.416000,1.082000,0.111000,1.110000,1.660000,1.975000,0.064000,482.864000,483.296000,486.899000
SecP384r1MLKEM1024,p521_sphincsshake256ssimple,pqc-hybrid,pqc-hybrid,off,494.110000,0 - default,1665,1665,29935,6939.000000,3600.000000,1.927500,1162,1157,390,62725,30324,11,57,3949,64584,2021,62496,1474,0,68487,3,2,53,8,0.860000,0.881000,488.671000,1.192000,0.113000,3.357000,1.639000,1.922000,0.052000,484.206000,484.619000,488.276000
SecP384r1MLKEM1024,ED25519,pqc-hybrid,classic,off,4.820000,0 - default,1665,1665,64,2287.000000,3600.000000,0.635278,1162,1157,138,540,270,5,5,3641,2446,2021,2235,1418,47,6041,3,2,1,2,1.029000,1.049000,3.794000,1.103000,0.042000,0.187000,1.660000,1.760000,0.011000,0.036000,0.071000,4.395000
SecP384r1MLKEM1024,ED448,pqc-hybrid,classic,off,5.110000,0 - default,1665,1665,114,2370.000000,3600.000000,0.658333,1162,1157,138,707,345,5,6,3641,2566,2021,2365,1418,0,6161,3,2,2,2,0.864000,0.884000,3.949000,1.051000,0.044000,0.291000,1.646000,1.748000,0.012000,0.210000,0.247000,4.662000
p256_mlkem512,MLDSA44,pqc-hybrid,pqc,off,10.080000,0 - default,865,833,2420,3451.000000,2400.000000,1.437917,1161,895,222,6809,3931,6,10,2581,7793,1216,7445,1117,0,10328,2,1,7,4,4.952000,4.974000,8.733000,1.494000,0.053000,0.202000,0.390000,0.475000,0.013000,0.893000,0.947000,3.279000
p256_mlkem512,MLDSA65,pqc-hybrid,pqc,off,9.590000,0 - default,865,833,3309,3451.000000,2400.000000,1.437917,1161,895,222,9311,5460,6,12,2581,10295,1216,9873,1117,0,12830,2,1,9,4,4.852000,4.872000,8.209000,1.382000,0.046000,0.270000,0.376000,0.447000,0.012000,0.680000,0.738000,2.911000
p256_mlkem512,MLDSA87,pqc-hybrid,pqc,off,10.220000,0 - default,865,833,4627,3451.000000,2400.000000,1.437917,1161,895,222,12713,7418,6,15,2581,13697,1216,13164,1117,0,16232,2,1,12,4,4.893000,4.913000,8.650000,1.457000,0.056000,0.392000,0.375000,0.448000,0.012000,0.982000,1.047000,3.301000
p256_mlkem512,p256_mldsa44,pqc-hybrid,pqc-hybrid,off,8.310000,0 - default,865,833,2495,3451.000000,2400.000000,1.437917,1161,895,180,7017,4064,5,10,2539,8001,1216,7653,1117,0,10494,2,1,7,3,4.872000,4.892000,6.597000,1.385000,0.058000,0.551000,0.350000,0.581000,0.011000,0.376000,0.626000,2.943000
p256_mlkem512,rsa3072_mldsa44,pqc-hybrid,pqc-hybrid,off,11.490000,0 - default,865,833,2808,3451.000000,2400.000000,1.437917,1161,895,222,8017,4709,6,11,2581,9001,1216,8616,1117,0,11536,2,1,8,4,4.918000,4.940000,9.638000,1.519000,0.053000,0.689000,0.351000,0.561000,0.011000,2.648000,2.901000,5.329000
p256_mlkem512,p384_mldsa65,pqc-hybrid,pqc-hybrid,off,10.290000,0 - default,865,833,3415,3451.000000,2400.000000,1.437917,1161,895,222,9613,5656,6,12,2581,10597,1216,10175,1117,0,13132,2,1,9,4,4.889000,4.909000,7.838000,1.475000,0.054000,1.149000,0.370000,0.595000,0.011000,1.572000,1.832000,4.263000
p256_mlkem512,p521_mldsa87,pqc-hybrid,pqc-hybrid,off,11.710000,0 - default,865,833,4770,3451.000000,2400.000000,1.437917,1161,895,222,13122,7684,6,15,2581,14106,1216,13573,1117,0,16641,2,1,12,4,4.988000,5.008000,8.374000,1.419000,0.060000,2.000000,0.362000,0.578000,0.011000,2.240000,2.504000,4.856000
p256_mlkem512,falcon512,pqc-hybrid,pqc,off,9.480000,0 - default,865,833,652,3476.000000,2400.000000,1.448333,1161,895,138,2724,1741,4,7,2441,3708,1216,3471,1061,0,6103,2,1,4,2,4.906000,4.926000,8.319000,1.362000,0.053000,0.296000,0.353000,0.585000,0.011000,0.261000,0.517000,4.082000
p256_mlkem512,falcon1024,pqc-hybrid,pqc,off,10.030000,0 - default,865,833,1276,3451.000000,2400.000000,1.437917,1161,895,180,4903,3253,5,8,2539,5887,1216,5613,1117,0,8380,2,1,5,3,4.872000,4.893000,8.611000,1.465000,0.054000,0.332000,0.361000,0.595000,0.011000,0.486000,0.735000,3.150000
p256_mlkem512,p256_falcon512,pqc-hybrid,pqc-hybrid,off,8.300000,0 - default,865,833,733,3451.000000,2400.000000,1.437917,1161,895,180,2950,1885,5,7,2539,3934,1216,3697,1117,0,6427,2,1,4,3,4.916000,4.937000,6.680000,1.336000,0.055000,0.567000,0.352000,0.587000,0.012000,0.482000,0.730000,3.937000
p256_mlkem512,rsa3072_falcon512,pqc-hybrid,pqc-hybrid,off,15.970000,0 - default,865,833,1047,3451.000000,2400.000000,1.437917,1161,895,180,3990,2532,5,9,2539,4974,1216,4662,1117,0,7467,2,1,6,3,4.921000,4.941000,9.623000,1.388000,0.048000,0.671000,0.359000,0.575000,0.011000,2.755000,3.009000,5.316000
p256_mlkem512,falconpadded512,pqc-hybrid,pqc,off,9.340000,0 - default,865,833,666,3499.000000,2400.000000,1.457917,1161,895,138,2747,1750,4,7,2441,3731,1216,3494,1061,0,6126,2,1,4,2,4.900000,4.919000,8.161000,1.417000,0.050000,0.304000,0.349000,0.573000,0.011000,0.277000,0.529000,4.166000
p256_mlkem512,p256_falconpadded512,pqc-hybrid,pqc-hybrid,off,8.450000,0 - default,865,833,740,3451.000000,2400.000000,1.437917,1161,895,180,2967,1895,5,7,2539,3951,1216,3714,1117,0,6444,2,1,4,3,4.857000,4.879000,6.841000,1.507000,0.050000,0.552000,0.359000,0.615000,0.010000,0.481000,0.728000,4.144000
p256_mlkem512,rsa3072_falconpadded512,pqc-hybrid,pqc-hybrid,off,11.270000,0 - default,865,833,1054,3451.000000,2400.000000,1.437917,1161,895,180,3968,2540,5,8,2539,4952,1216,4678,1117,0,7445,2,1,5,3,4.874000,4.894000,9.551000,1.415000,0.060000,0.664000,0.363000,0.565000,0.011000,2.756000,3.005000,5.329000
p256_mlkem512,p521_falcon1024,pqc-hybrid,pqc-hybrid,off,12.120000,0 - default,865,833,1415,3451.000000,2400.000000,1.437917,1161,895,180,5361,3530,5,9,2539,6345,1216,6034,1117,0,8838,2,1,6,3,4.843000,4.864000,8.881000,1.422000,0.061000,2.011000,0.370000,0.598000,0.011000,2.572000,2.825000,5.202000
p256_mlkem512,falconpadded1024,pqc-hybrid,pqc,off,9.700000,0 - default,865,833,1280,3451.000000,2400.000000,1.437917,1161,895,180,4914,3260,5,8,2539,5898,1216,5624,1117,0,8391,2,1,5,3,4.857000,4.878000,8.326000,1.407000,0.055000,0.326000,0.360000,0.610000,0.012000,0.485000,0.744000,3.105000
p256_mlkem512,p521_falconpadded1024,pqc-hybrid,pqc-hybrid,off,11.850000,0 - default,865,833,1423,3451.000000,2400.000000,1.437917,1161,895,180,5378,3539,5,9,2539,6362,1216,6051,1117,0,8855,2,1,6,3,4.856000,4.876000,8.570000,1.316000,0.053000,2.015000,0.361000,0.574000,0.011000,2.558000,2.810000,5.063000
p256_mlkem512,sphincssha2128fsimple,pqc-hybrid,pqc,off,17.200000,0 - default,865,833,17088,3451.000000,2400.000000,1.437917,1161,895,348,35891,17305,9,34,2707,36875,1216,35639,1117,0,39536,2,1,31,7,4.865000,4.885000,15.019000,1.453000,0.070000,0.802000,0.363000,0.587000,0.036000,7.071000,7.397000,9.798000
p256_mlkem512,p256_sphincssha2128fsimple,pqc-hybrid,pqc-hybrid,off,16.000000,0 - default,865,833,17162,3451.000000,2400.000000,1.437917,1161,895,348,36111,17451,9,34,2707,37095,1216,35859,1117,0,39756,2,1,31,7,4.853000,4.874000,13.449000,1.384000,0.071000,1.036000,0.356000,0.587000,0.037000,7.273000,7.591000,9.926000
p256_mlkem512,rsa3072_sphincssha2128fsimple,pqc-hybrid,pqc-hybrid,off,18.930000,0 - default,865,833,17476,3451.000000,2400.000000,1.437917,1161,895,348,37118,18100,9,35,2707,38102,1216,36829,1117,0,40763,2,1,32,7,4.858000,4.878000,16.318000,1.388000,0.072000,1.157000,0.353000,0.568000,0.036000,9.547000,9.869000,12.193000
p256_mlkem512,sphincssha2128ssimple,pqc-hybrid,pqc,off,156.190000,0 - default,865,833,7856,3451.000000,2400.000000,1.437917,1161,895,264,16722,8072,7,18,2623,17706,1216,17062,1117,0,20283,2,1,15,5,4.979000,5.000000,154.432000,1.478000,0.077000,0.445000,0.362000,0.613000,0.012000,146.285000,146.574000,149.092000
p256_mlkem512,p256_sphincssha2128ssimple,pqc-hybrid,pqc-hybrid,off,155.190000,0 - default,865,833,7931,3451.000000,2400.000000,1.437917,1161,895,264,16943,8218,7,18,2623,17927,1216,17283,1117,0,20504,2,1,15,5,4.875000,4.896000,153.055000,1.534000,0.082000,0.750000,0.365000,0.584000,0.012000,146.575000,146.866000,149.462000
p256_mlkem512,rsa3072_sphincssha2128ssimple,pqc-hybrid,pqc-hybrid,off,158.410000,0 - default,865,833,8244,3451.000000,2400.000000,1.437917,1161,895,264,17950,8868,7,19,2623,18934,1216,18253,1117,0,21511,2,1,16,5,4.938000,4.959000,156.220000,1.638000,0.078000,0.860000,0.370000,0.582000,0.013000,149.014000,149.312000,151.995000
p256_mlkem512,sphincssha2192fsimple,pqc-hybrid,pqc,off,23.120000,0 - default,865,833,35664,3451.000000,2400.000000,1.437917,1161,895,600,74467,35897,15,66,2959,75451,1216,73031,1117,0,78364,2,1,63,13,4.915000,4.935000,20.064000,1.437000,0.093000,1.035000,0.360000,0.587000,0.056000,11.944000,14.239000,14.681000
p256_mlkem512,p384_sphincssha2192fsimple,pqc-hybrid,pqc-hybrid,off,23.430000,0 - default,865,833,35771,3451.000000,2400.000000,1.437917,1161,895,558,74829,36108,14,67,2917,75813,1216,73356,1117,0,78684,2,1,64,12,4.887000,4.908000,19.197000,1.364000,0.086000,1.901000,0.360000,0.588000,0.052000,12.915000,15.304000,15.582000
p256_mlkem512,sphincssha2192ssimple,pqc-hybrid,pqc,off,274.850000,0 - default,865,833,16224,3451.000000,2400.000000,1.437917,1161,895,348,34135,16457,9,33,2707,35119,1216,33920,1117,0,37780,2,1,30,7,4.889000,4.909000,272.740000,1.610000,0.086000,0.578000,0.357000,0.580000,0.033000,264.487000,264.828000,267.474000
p256_mlkem512,p384_sphincssha2192ssimple,pqc-hybrid,pqc-hybrid,off,274.850000,0 - default,865,833,16330,3451.000000,2400.000000,1.437917,1161,895,348,34451,16667,9,33,2707,35435,1216,34236,1117,0,38096,2,1,30,7,5.001000,5.021000,271.721000,1.548000,0.093000,1.465000,0.354000,0.583000,0.034000,265.254000,265.608000,268.226000
p256_mlkem512,sphincssha2256fsimple,pqc-hybrid,pqc,off,36.020000,0 - default,865,833,49856,3451.000000,2400.000000,1.437917,1161,895,646,103967,50105,16,91,3005,104951,1216,101606,1117,0,107910,2,1,88,14,4.843000,4.863000,32.743000,1.489000,0.105000,1.068000,0.354000,0.579000,0.067000,24.437000,27.481000,27.261000
p256_mlkem512,p521_sphincssha2256fsimple,pqc-hybrid,pqc-hybrid,off,38.700000,0 - default,865,833,49999,3451.000000,2400.000000,1.437917,1161,895,646,104430,50387,16,92,3005,105414,1216,102031,1117,0,108373,2,1,89,14,4.896000,4.917000,33.485000,1.354000,0.111000,2.739000,0.359000,0.588000,0.076000,27.083000,30.156000,29.830000
p256_mlkem512,sphincssha2256ssimple,pqc-hybrid,pqc,off,251.080000,0 - default,865,833,29792,3451.000000,2400.000000,1.437917,1161,895,558,62299,30041,14,56,2917,63283,1216,61233,1117,0,66154,2,1,53,12,4.863000,4.883000,248.573000,1.550000,0.102000,0.721000,0.362000,0.583000,0.046000,240.318000,240.713000,243.326000
p256_mlkem512,p521_sphincssha2256ssimple,pqc-hybrid,pqc-hybrid,off,252.350000,0 - default,865,833,29935,3451.000000,2400.000000,1.437917,1161,895,516,62768,30324,13,57,2875,63752,1216,61665,1117,0,66581,2,1,54,11,4.896000,4.915000,247.926000,1.509000,0.104000,2.369000,0.357000,0.595000,0.048000,241.422000,241.820000,244.411000
p256_mlkem512,sphincsshake128fsimple,pqc-hybrid,pqc,off,25.840000,0 - default,865,833,17088,3451.000000,2400.000000,1.437917,1161,895,348,35891,17305,9,34,2707,36875,1216,35639,1117,0,39536,2,1,31,7,4.877000,4.897000,23.120000,1.421000,0.075000,1.295000,0.362000,0.592000,0.039000,15.229000,15.560000,17.933000
p256_mlkem512,p256_sphincsshake128fsimple,pqc-hybrid,pqc-hybrid,off,24.860000,0 - default,865,833,17164,3451.000000,2400.000000,1.437917,1161,895,348,36111,17449,9,34,2707,37095,1216,35859,1117,0,39756,2,1,31,7,4.885000,4.916000,21.751000,1.414000,0.082000,1.579000,0.358000,0.586000,0.036000,15.428000,15.753000,18.123000
p256_mlkem512,rsa3072_sphincsshake128fsimple,pqc-hybrid,pqc-hybrid,off,27.650000,0 - default,865,833,17476,3451.000000,2400.000000,1.437917,1161,895,348,37118,18100,9,35,2707,38102,1216,36829,1117,0,40763,2,1,32,7,4.864000,4.885000,24.516000,1.373000,0.078000,1.651000,0.358000,0.569000,0.043000,17.702000,18.042000,20.352000
p256_mlkem512,sphincsshake128ssimple,pqc-hybrid,pqc,off,325.800000,0 - default,865,833,7856,3451.000000,2400.000000,1.437917,1161,895,264,16723,8073,7,18,2623,17707,1216,17063,1117,0,20284,2,1,15,5,4.837000,4.857000,323.853000,1.542000,0.085000,0.652000,0.359000,0.607000,0.012000,315.717000,316.019000,318.644000
p256_mlkem512,p256_sphincsshake128ssimple,pqc-hybrid,pqc-hybrid,off,324.940000,0 - default,865,833,7931,3451.000000,2400.000000,1.437917,1161,895,264,16943,8218,7,18,2623,17927,1216,17283,1117,0,20504,2,1,15,5,4.869000,4.889000,322.663000,1.484000,0.073000,0.950000,0.364000,0.579000,0.011000,316.389000,316.663000,319.127000
p256_mlkem512,rsa3072_sphincsshake128ssimple,pqc-hybrid,pqc-hybrid,off,327.690000,0 - default,865,833,8244,3451.000000,2400.000000,1.437917,1161,895,264,17950,8868,7,19,2623,18934,1216,18253,1117,0,21511,2,1,16,5,4.895000,4.915000,325.257000,1.475000,0.087000,1.060000,0.366000,0.570000,0.015000,318.235000,318.539000,321.052000
p256_mlkem512,sphincsshake192fsimple,pqc-hybrid,pqc,off,36.330000,0 - default,865,833,35664,3451.000000,2400.000000,1.437917,1161,895,600,74467,35897,15,66,2959,75451,1216,73031,1117,0,78364,2,1,63,13,4.881000,4.901000,32.466000,1.386000,0.095000,1.812000,0.349000,0.572000,0.060000,24.493000,26.858000,27.159000
p256_mlkem512,p384_sphincsshake192fsimple,pqc-hybrid,pqc-hybrid,off,37.170000,0 - default,865,833,35770,3451.000000,2400.000000,1.437917,1161,895,558,74828,36108,14,67,2917,75812,1216,73355,1117,0,78683,2,1,64,12,4.923000,4.943000,32.105000,1.501000,0.110000,2.692000,0.363000,0.606000,0.054000,25.598000,28.187000,28.492000
p256_mlkem512,sphincsshake192ssimple,pqc-hybrid,pqc,off,576.790000,0 - default,865,833,16224,3451.000000,2400.000000,1.437917,1161,895,348,34135,16457,9,33,2707,35119,1216,33920,1117,0,37780,2,1,30,7,4.915000,4.935000,574.448000,1.445000,0.092000,0.816000,0.359000,0.582000,0.037000,566.235000,566.586000,569.091000
p256_mlkem512,p384_sphincsshake192ssimple,pqc-hybrid,pqc-hybrid,off,576.900000,0 - default,865,833,16331,3451.000000,2400.000000,1.437917,1161,895,348,34454,16669,9,33,2707,35438,1216,34239,1117,0,38099,2,1,30,7,4.892000,4.911000,573.579000,1.581000,0.097000,1.696000,0.360000,0.598000,0.039000,566.986000,567.343000,570.016000
p256_mlkem512,sphincsshake256fsimple,pqc-hybrid,pqc,off,63.490000,0 - default,865,833,49856,3451.000000,2400.000000,1.437917,1161,895,646,103967,50105,16,91,3005,104951,1216,101606,1117,0,107910,2,1,88,14,4.875000,4.895000,59.390000,1.490000,0.110000,1.873000,0.353000,0.585000,0.069000,51.305000,54.367000,54.155000
p256_mlkem512,p521_sphincsshake256fsimple,pqc-hybrid,pqc-hybrid,off,65.600000,0 - default,865,833,49999,3451.000000,2400.000000,1.437917,1161,895,822,104430,50387,20,92,3181,105414,1216,102031,1117,0,108549,2,1,89,18,4.936000,4.956000,59.478000,1.362000,0.113000,3.526000,0.364000,0.594000,0.078000,53.281000,56.390000,56.017000
p256_mlkem512,sphincsshake256ssimple,pqc-hybrid,pqc,off,495.140000,0 - default,865,833,29792,3451.000000,2400.000000,1.437917,1161,895,516,62299,30041,13,56,2875,63283,1216,61233,1117,0,66112,2,1,53,11,4.860000,4.881000,492.228000,1.582000,0.108000,1.037000,0.361000,0.585000,0.048000,483.933000,484.340000,487.009000
p256_mlkem512,p521_sphincsshake256ssimple,pqc-hybrid,pqc-hybrid,off,495.640000,0 - default,865,833,29935,3451.000000,2400.000000,1.437917,1161,895,516,62768,30324,13,57,2875,63752,1216,61665,1117,0,66581,2,1,54,11,4.888000,4.908000,490.869000,1.610000,0.108000,2.709000,0.345000,0.589000,0.039000,484.090000,484.481000,487.205000
p256_mlkem512,ED25519,pqc-hybrid,classic,off,8.710000,0 - default,865,833,64,1408.000000,2400.000000,0.586667,1161,895,138,582,270,4,5,2441,1566,1216,1403,1061,0,3961,2,1,2,2,4.927000,4.948000,7.724000,1.450000,0.047000,0.171000,0.370000,0.441000,0.011000,0.035000,0.071000,3.385000
p256_mlkem512,ED448,pqc-hybrid,classic,off,8.950000,0 - default,865,833,114,1533.000000,2400.000000,0.638750,1161,895,138,707,345,4,5,2441,1691,1216,1528,1061,0,4086,2,1,2,2,4.911000,4.931000,7.844000,1.417000,0.045000,0.289000,0.376000,0.446000,0.011000,0.212000,0.246000,3.650000
p384_mlkem768,MLDSA44,pqc-hybrid,pqc,off,12.410000,0 - default,1281,1185,2420,6939.000000,3600.000000,1.927500,1162,1157,180,6767,3931,6,10,3739,8146,1637,7797,1858,0,11839,3,2,6,3,5.671000,5.691000,11.188000,2.171000,0.052000,0.213000,1.772000,1.845000,0.010000,0.575000,0.627000,5.889000
p384_mlkem768,MLDSA65,pqc-hybrid,pqc,off,12.940000,0 - default,1281,1185,3309,6939.000000,3600.000000,1.927500,1162,1157,180,9269,5460,6,12,3739,10648,1637,10225,1858,0,14341,3,2,8,3,5.686000,5.708000,11.551000,2.086000,0.055000,0.299000,1.797000,1.879000,0.013000,0.964000,1.024000,6.317000
p384_mlkem768,MLDSA87,pqc-hybrid,pqc,off,12.660000,0 - default,1281,1185,4627,6939.000000,3600.000000,1.927500,1162,1157,222,12671,7418,7,15,3781,14050,1637,13516,1858,0,17785,3,2,11,4,5.621000,5.642000,11.035000,2.144000,0.051000,0.394000,1.766000,1.842000,0.012000,0.571000,0.638000,5.025000
p384_mlkem768,p256_mldsa44,pqc-hybrid,pqc-hybrid,off,11.350000,0 - default,1281,1185,2495,6939.000000,3600.000000,1.927500,1162,1157,180,6975,4064,6,10,3739,8354,1637,8005,1858,0,12047,3,2,6,3,5.614000,5.635000,9.709000,2.096000,0.057000,0.561000,1.757000,1.993000,0.012000,0.429000,0.687000,6.125000
p384_mlkem768,rsa3072_mldsa44,pqc-hybrid,pqc-hybrid,off,13.780000,0 - default,1281,1185,2808,6939.000000,3600.000000,1.927500,1162,1157,222,7975,4709,7,11,3781,9354,1637,8968,1858,0,13089,3,2,7,4,5.603000,5.623000,12.122000,2.039000,0.054000,0.679000,1.759000,1.973000,0.011000,2.576000,2.836000,7.288000
p384_mlkem768,p384_mldsa65,pqc-hybrid,pqc-hybrid,off,12.530000,0 - default,1281,1185,3415,6939.000000,3600.000000,1.927500,1162,1157,222,9613,5656,7,13,3781,10992,1637,10532,1858,0,14727,3,2,9,4,5.673000,5.694000,10.057000,2.106000,0.054000,1.159000,1.765000,1.984000,0.011000,1.064000,1.325000,5.814000
p384_mlkem768,p521_mldsa87,pqc-hybrid,pqc-hybrid,off,14.740000,0 - default,1281,1185,4769,6939.000000,3600.000000,1.927500,1162,1157,222,13120,7684,7,16,3781,14499,1637,13928,1858,0,18234,3,2,12,4,5.606000,5.626000,11.308000,2.108000,0.059000,2.028000,1.785000,2.002000,0.011000,2.211000,2.481000,6.995000
p384_mlkem768,falcon512,pqc-hybrid,pqc,off,12.140000,0 - default,1281,1185,654,3831.000000,3600.000000,1.064167,1162,1157,138,2685,1741,5,7,3641,4064,1637,3826,1802,0,7659,3,2,3,2,5.600000,5.621000,10.983000,2.072000,0.049000,0.290000,1.766000,1.997000,0.010000,0.266000,0.513000,6.208000
p384_mlkem768,falcon1024,pqc-hybrid,pqc,off,12.850000,0 - default,1281,1185,1269,5968.000000,3600.000000,1.657778,1162,1157,180,4896,3253,6,9,3739,6275,1637,5963,1858,0,9968,3,2,5,3,5.583000,5.604000,11.568000,2.215000,0.060000,0.337000,1.814000,2.054000,0.012000,0.493000,0.742000,6.305000
p384_mlkem768,p256_falcon512,pqc-hybrid,pqc-hybrid,off,11.130000,0 - default,1281,1185,727,4048.000000,3600.000000,1.124444,1162,1157,138,2902,1885,5,7,3641,4281,1637,4043,1802,0,7876,3,2,3,2,5.563000,5.583000,9.653000,2.054000,0.049000,0.558000,1.767000,2.003000,0.010000,0.480000,0.732000,6.745000
p384_mlkem768,rsa3072_falcon512,pqc-hybrid,pqc-hybrid,off,14.060000,0 - default,1281,1185,1044,5017.000000,3600.000000,1.393611,1162,1157,138,3908,2532,5,8,3641,5287,1637,5012,1802,0,8882,3,2,4,2,5.599000,5.619000,12.502000,2.108000,0.053000,0.672000,1.764000,1.970000,0.011000,2.731000,2.994000,9.108000
p384_mlkem768,falconpadded512,pqc-hybrid,pqc,off,12.310000,0 - default,1281,1185,666,3852.000000,3600.000000,1.070000,1162,1157,138,2706,1750,5,7,3641,4085,1637,3847,1802,0,7680,3,2,3,2,5.615000,5.635000,11.112000,2.142000,0.054000,0.313000,1.751000,1.982000,0.011000,0.269000,0.515000,6.303000
p384_mlkem768,p256_falconpadded512,pqc-hybrid,pqc-hybrid,off,11.090000,0 - default,1281,1185,741,4072.000000,3600.000000,1.131111,1162,1157,138,2926,1895,5,7,3641,4305,1637,4067,1802,0,7900,3,2,3,2,5.607000,5.627000,9.617000,2.072000,0.056000,0.565000,1.768000,1.988000,0.011000,0.480000,0.737000,6.774000
p384_mlkem768,rsa3072_falconpadded512,pqc-hybrid,pqc-hybrid,off,14.030000,0 - default,1281,1185,1054,5035.000000,3600.000000,1.398611,1162,1157,138,3926,2540,5,8,3641,5305,1637,5030,1802,0,8900,3,2,4,2,5.562000,5.582000,12.482000,2.070000,0.056000,0.676000,1.758000,1.974000,0.011000,2.743000,2.993000,9.072000
p384_mlkem768,p521_falcon1024,pqc-hybrid,pqc-hybrid,off,14.580000,0 - default,1281,1185,1410,6386.000000,3600.000000,1.773889,1162,1157,138,5314,3530,5,9,3641,6693,1637,6381,1802,0,10288,3,2,5,2,5.605000,5.625000,11.589000,2.018000,0.055000,1.998000,1.751000,1.985000,0.011000,2.548000,2.806000,10.333000
p384_mlkem768,falconpadded1024,pqc-hybrid,pqc,off,12.580000,0 - default,1281,1185,1280,5986.000000,3600.000000,1.662778,1162,1157,138,4914,3260,5,9,3641,6293,1637,5981,1802,0,9888,3,2,5,2,5.603000,5.623000,11.367000,2.076000,0.051000,0.339000,1.760000,1.993000,0.011000,0.498000,0.749000,6.503000
p384_mlkem768,p521_falconpadded1024,pqc-hybrid,pqc-hybrid,off,14.810000,0 - default,1281,1185,1422,6407.000000,3600.000000,1.779722,1162,1157,180,5335,3539,6,9,3739,6714,1637,6402,1858,0,10407,3,2,5,3,5.647000,5.667000,11.803000,2.183000,0.055000,1.988000,1.776000,1.997000,0.011000,2.552000,2.804000,8.393000
p384_mlkem768,sphincssha2128fsimple,pqc-hybrid,pqc,off,20.210000,0 - default,1281,1185,17088,6939.000000,3600.000000,1.927500,1162,1157,390,35847,17305,11,34,3949,37226,1637,35989,1858,0,41129,3,2,30,8,5.585000,5.605000,17.981000,2.208000,0.069000,0.780000,1.758000,1.984000,0.035000,7.088000,7.416000,12.010000
p384_mlkem768,p256_sphincssha2128fsimple,pqc-hybrid,pqc-hybrid,off,19.230000,0 - default,1281,1185,17164,6939.000000,3600.000000,1.927500,1162,1157,348,36113,17451,10,35,3907,37492,1637,36218,1858,0,41353,3,2,31,7,5.616000,5.637000,16.592000,2.138000,0.078000,1.043000,1.780000,2.010000,0.037000,7.285000,7.607000,12.174000
p384_mlkem768,rsa3072_sphincssha2128fsimple,pqc-hybrid,pqc-hybrid,off,22.030000,0 - default,1281,1185,17476,6939.000000,3600.000000,1.927500,1162,1157,348,37117,18100,10,36,3907,38496,1637,37185,1858,0,42357,3,2,32,7,5.604000,5.625000,19.354000,2.098000,0.069000,1.161000,1.757000,1.981000,0.033000,9.584000,9.916000,14.414000
p384_mlkem768,sphincssha2128ssimple,pqc-hybrid,pqc,off,159.400000,0 - default,1281,1185,7856,6939.000000,3600.000000,1.927500,1162,1157,222,16721,8072,7,19,3781,18100,1637,17418,1858,0,21835,3,2,15,4,5.533000,5.553000,157.620000,2.204000,0.079000,0.460000,1.764000,2.002000,0.012000,146.586000,146.889000,151.596000
p384_mlkem768,p256_sphincssha2128ssimple,pqc-hybrid,pqc-hybrid,off,157.900000,0 - default,1281,1185,7931,6939.000000,3600.000000,1.927500,1162,1157,222,16943,8218,7,19,3781,18322,1637,17640,1858,0,22057,3,2,15,4,5.570000,5.590000,155.804000,2.140000,0.069000,0.747000,1.763000,1.979000,0.012000,146.633000,146.911000,151.470000
p384_mlkem768,rsa3072_sphincssha2128ssimple,pqc-hybrid,pqc-hybrid,off,160.870000,0 - default,1281,1185,8244,6939.000000,3600.000000,1.927500,1162,1157,222,17949,8868,7,20,3781,19328,1637,18609,1858,0,23063,3,2,16,4,5.658000,5.678000,158.734000,2.134000,0.064000,0.829000,1.760000,1.977000,0.011000,148.941000,149.217000,153.747000
p384_mlkem768,sphincssha2192fsimple,pqc-hybrid,pqc,off,26.030000,0 - default,1281,1185,35664,6939.000000,3600.000000,1.927500,1162,1157,600,74467,35897,16,67,4159,75846,1637,73388,1858,0,79959,3,2,63,13,5.570000,5.590000,22.915000,2.066000,0.087000,1.052000,1.780000,2.013000,0.092000,11.979000,15.029000,16.852000
p384_mlkem768,p384_sphincssha2192fsimple,pqc-hybrid,pqc-hybrid,off,26.100000,0 - default,1281,1185,35771,6939.000000,3600.000000,1.927500,1162,1157,600,74785,36108,16,67,4159,76164,1637,73706,1858,0,80277,3,2,63,13,5.595000,5.615000,21.991000,2.041000,0.091000,1.895000,1.755000,1.984000,0.051000,12.870000,15.860000,17.646000
p384_mlkem768,sphincssha2192ssimple,pqc-hybrid,pqc,off,277.320000,0 - default,1281,1185,16224,6939.000000,3600.000000,1.927500,1162,1157,348,34091,16457,10,33,3907,35470,1637,34270,1858,0,39331,3,2,29,7,5.622000,5.642000,275.260000,2.209000,0.082000,0.563000,1.766000,1.995000,0.036000,264.179000,264.516000,269.214000
p384_mlkem768,p384_sphincssha2192ssimple,pqc-hybrid,pqc-hybrid,off,277.780000,0 - default,1281,1185,16331,6939.000000,3600.000000,1.927500,1162,1157,348,34408,16667,10,33,3907,35787,1637,34587,1858,0,39648,3,2,29,7,5.580000,5.601000,274.591000,2.173000,0.095000,1.496000,1.753000,1.982000,0.035000,265.125000,265.475000,270.183000
p384_mlkem768,sphincssha2256fsimple,pqc-hybrid,pqc,off,38.800000,0 - default,1281,1185,49856,6939.000000,3600.000000,1.927500,1162,1157,646,103923,50105,17,91,4205,105302,1637,101956,1858,0,109461,3,2,87,14,5.576000,5.596000,35.441000,2.212000,0.110000,1.058000,1.748000,1.973000,0.069000,24.434000,28.328000,29.425000
p384_mlkem768,p521_sphincssha2256fsimple,pqc-hybrid,pqc-hybrid,off,41.090000,0 - default,1281,1185,49998,6939.000000,3600.000000,1.927500,1162,1157,692,104391,50387,18,92,4251,105770,1637,102387,1858,0,109975,3,2,88,15,5.543000,5.564000,35.659000,2.055000,0.117000,2.728000,1.771000,2.001000,0.070000,26.504000,29.939000,31.377000
p384_mlkem768,sphincssha2256ssimple,pqc-hybrid,pqc,off,253.590000,0 - default,1281,1185,29792,6939.000000,3600.000000,1.927500,1162,1157,474,62255,30041,13,56,4033,63634,1637,61583,1858,0,67621,3,2,52,10,5.609000,5.630000,250.996000,2.127000,0.095000,0.708000,1.751000,1.976000,0.054000,239.825000,240.222000,245.020000
p384_mlkem768,p521_sphincssha2256ssimple,pqc-hybrid,pqc-hybrid,off,255.310000,0 - default,1281,1185,29935,6939.000000,3600.000000,1.927500,1162,1157,474,62725,30324,13,57,4033,64104,1637,62016,1858,0,68091,3,2,53,10,5.596000,5.616000,250.891000,2.242000,0.102000,2.377000,1.757000,1.990000,0.045000,241.394000,241.794000,246.556000
p384_mlkem768,sphincsshake128fsimple,pqc-hybrid,pqc,off,28.770000,0 - default,1281,1185,17088,6939.000000,3600.000000,1.927500,1162,1157,306,35847,17305,9,34,3865,37226,1637,35989,1858,0,41045,3,2,30,6,5.602000,5.622000,26.063000,2.190000,0.071000,1.314000,1.760000,1.989000,0.042000,15.186000,15.519000,20.105000
p384_mlkem768,p256_sphincsshake128fsimple,pqc-hybrid,pqc-hybrid,off,27.700000,0 - default,1281,1185,17164,6939.000000,3600.000000,1.927500,1162,1157,348,36111,17449,10,35,3907,37490,1637,36216,1858,0,41351,3,2,31,7,5.571000,5.591000,24.514000,2.079000,0.081000,1.607000,1.749000,1.982000,0.036000,15.414000,15.737000,20.208000
p384_mlkem768,rsa3072_sphincsshake128fsimple,pqc-hybrid,pqc-hybrid,off,30.640000,0 - default,1281,1185,17476,6939.000000,3600.000000,1.927500,1162,1157,348,37117,18100,10,36,3907,38496,1637,37185,1858,0,42357,3,2,32,7,5.612000,5.632000,27.412000,2.078000,0.076000,1.701000,1.800000,2.017000,0.037000,17.661000,17.995000,22.500000
p384_mlkem768,sphincsshake128ssimple,pqc-hybrid,pqc,off,328.400000,0 - default,1281,1185,7856,6939.000000,3600.000000,1.927500,1162,1157,222,16722,8073,7,19,3781,18101,1637,17419,1858,0,21836,3,2,15,4,5.605000,5.626000,326.355000,2.185000,0.092000,0.695000,1.752000,1.993000,0.012000,315.301000,315.610000,320.309000
p384_mlkem768,p256_sphincsshake128ssimple,pqc-hybrid,pqc-hybrid,off,328.440000,0 - default,1281,1185,7932,6939.000000,3600.000000,1.927500,1162,1157,222,16944,8218,7,19,3781,18323,1637,17641,1858,0,22058,3,2,15,4,5.628000,5.649000,326.042000,2.160000,0.086000,0.968000,1.766000,1.985000,0.011000,316.770000,317.067000,321.757000
p384_mlkem768,rsa3072_sphincsshake128ssimple,pqc-hybrid,pqc-hybrid,off,329.920000,0 - default,1281,1185,8244,6939.000000,3600.000000,1.927500,1162,1157,222,17949,8868,7,20,3781,19328,1637,18609,1858,0,23063,3,2,16,4,5.648000,5.668000,327.459000,2.225000,0.084000,1.091000,1.754000,1.972000,0.012000,317.617000,317.908000,322.581000
p384_mlkem768,sphincsshake192fsimple,pqc-hybrid,pqc,off,39.690000,0 - default,1281,1185,35664,6939.000000,3600.000000,1.927500,1162,1157,516,74467,35897,14,67,4075,75846,1637,73388,1858,0,79875,3,2,63,11,5.647000,5.667000,35.772000,2.182000,0.104000,1.817000,1.761000,1.987000,0.053000,24.638000,27.815000,29.604000
p384_mlkem768,p384_sphincsshake192fsimple,pqc-hybrid,pqc-hybrid,off,39.470000,0 - default,1281,1185,35772,6939.000000,3600.000000,1.927500,1162,1157,558,74786,36108,15,67,4117,76165,1637,73707,1858,0,80236,3,2,63,12,5.588000,5.609000,34.573000,2.052000,0.101000,2.657000,1.766000,1.998000,0.052000,25.455000,28.468000,30.278000
p384_mlkem768,sphincsshake192ssimple,pqc-hybrid,pqc,off,579.910000,0 - default,1281,1185,16224,6939.000000,3600.000000,1.927500,1162,1157,348,34091,16457,10,33,3907,35470,1637,34270,1858,0,39331,3,2,29,7,5.725000,5.746000,577.527000,2.337000,0.094000,0.834000,1.755000,1.985000,0.037000,566.098000,566.454000,571.474000
p384_mlkem768,p384_sphincsshake192ssimple,pqc-hybrid,pqc-hybrid,off,581.330000,0 - default,1281,1185,16331,6939.000000,3600.000000,1.927500,1162,1157,306,34410,16669,9,33,3865,35789,1637,34589,1858,0,39608,3,2,29,6,5.619000,5.640000,577.936000,2.192000,0.096000,1.697000,1.798000,2.034000,0.033000,568.320000,568.667000,573.611000
p384_mlkem768,sphincsshake256fsimple,pqc-hybrid,pqc,off,66.380000,0 - default,1281,1185,49856,6939.000000,3600.000000,1.927500,1162,1157,776,103923,50105,20,91,4335,105302,1637,101956,1858,0,109591,3,2,87,17,5.627000,5.647000,62.244000,2.124000,0.111000,1.833000,1.778000,2.008000,0.072000,51.264000,55.033000,56.201000
p384_mlkem768,p521_sphincsshake256fsimple,pqc-hybrid,pqc-hybrid,off,69.010000,0 - default,1281,1185,49999,6939.000000,3600.000000,1.927500,1162,1157,736,104430,50387,19,93,4295,105809,1637,102388,1858,0,110058,3,2,89,16,5.611000,5.632000,62.983000,2.195000,0.129000,3.511000,1.778000,2.021000,0.075000,53.683000,57.638000,58.769000
p384_mlkem768,sphincsshake256ssimple,pqc-hybrid,pqc,off,496.290000,0 - default,1281,1185,29792,6939.000000,3600.000000,1.927500,1162,1157,474,62255,30041,13,56,4033,63634,1637,61583,1858,0,67621,3,2,52,10,5.607000,5.627000,493.273000,2.223000,0.111000,1.085000,1.751000,1.974000,0.051000,482.151000,482.558000,487.299000
p384_mlkem768,p521_sphincsshake256ssimple,pqc-hybrid,pqc-hybrid,off,501.790000,0 - default,1281,1185,29934,6939.000000,3600.000000,1.927500,1162,1157,474,62724,30324,13,57,4033,64103,1637,62015,1858,0,68090,3,2,53,10,5.592000,5.611000,496.999000,2.282000,0.107000,2.719000,1.741000,1.983000,0.039000,487.499000,487.891000,492.721000
p384_mlkem768,ED25519,pqc-hybrid,classic,off,11.480000,0 - default,1281,1185,64,2287.000000,3600.000000,0.635278,1162,1157,138,540,270,5,5,3641,2446,1637,1755,1802,527,6041,3,2,1,2,5.554000,5.574000,10.489000,2.105000,0.042000,0.172000,1.765000,1.833000,0.011000,0.035000,0.073000,5.449000
p384_mlkem768,ED448,pqc-hybrid,classic,off,11.740000,0 - default,1281,1185,114,2287.000000,3600.000000,0.635278,1162,1157,138,665,345,5,5,3641,2446,1637,1880,1802,402,6041,3,2,1,2,5.576000,5.597000,10.631000,2.053000,0.048000,0.292000,1.774000,1.843000,0.011000,0.210000,0.244000,5.689000
p521_mlkem1024,MLDSA44,pqc-hybrid,pqc,off,16.140000,0 - default,1701,1701,2420,6939.000000,3600.000000,1.927500,1162,1157,180,6809,3931,6,11,3739,8704,2057,8318,1438,0,12397,3,2,7,3,6.673000,6.693000,14.903000,3.205000,0.044000,0.211000,3.841000,3.910000,0.011000,0.263000,0.311000,8.668000
p521_mlkem1024,MLDSA65,pqc-hybrid,pqc,off,16.950000,0 - default,1701,1701,3309,6939.000000,3600.000000,1.927500,1162,1157,180,9311,5460,6,13,3739,11206,2057,10746,1438,0,14899,3,2,9,3,6.603000,6.623000,15.541000,3.160000,0.052000,0.267000,3.844000,3.919000,0.012000,0.665000,0.719000,8.200000
p521_mlkem1024,MLDSA87,pqc-hybrid,pqc,off,16.850000,0 - default,1701,1701,4627,6939.000000,3600.000000,1.927500,1162,1157,222,12713,7418,7,16,3781,14608,2057,14037,1438,0,18343,3,2,12,4,6.630000,6.650000,15.239000,3.183000,0.049000,0.388000,3.826000,3.904000,0.012000,0.562000,0.628000,8.109000
p521_mlkem1024,p256_mldsa44,pqc-hybrid,pqc-hybrid,off,15.230000,0 - default,1701,1701,2495,6939.000000,3600.000000,1.927500,1162,1157,180,7017,4064,6,11,3739,8912,2057,8526,1438,0,12605,3,2,7,3,6.660000,6.680000,13.629000,3.067000,0.051000,0.534000,3.807000,4.038000,0.011000,0.300000,0.551000,8.961000
p521_mlkem1024,rsa3072_mldsa44,pqc-hybrid,pqc-hybrid,off,18.280000,0 - default,1701,1701,2808,6939.000000,3600.000000,1.927500,1162,1157,180,8017,4709,6,12,3739,9912,2057,9489,1438,0,13605,3,2,8,3,6.648000,6.669000,16.576000,3.187000,0.053000,0.652000,3.808000,4.026000,0.011000,2.576000,2.835000,11.308000
p521_mlkem1024,p384_mldsa65,pqc-hybrid,pqc-hybrid,off,16.800000,0 - default,1701,1701,3417,6939.000000,3600.000000,1.927500,1162,1157,180,9615,5656,6,13,3739,11510,2057,11050,1438,0,15203,3,2,9,3,6.592000,6.612000,14.416000,3.197000,0.054000,1.137000,3.839000,4.057000,0.011000,1.110000,1.372000,9.024000
p521_mlkem1024,p521_mldsa87,pqc-hybrid,pqc-hybrid,off,18.810000,0 - default,1701,1701,4769,6939.000000,3600.000000,1.927500,1162,1157,222,13121,7684,7,16,3781,15016,2057,14445,1438,0,18751,3,2,12,4,6.647000,6.668000,15.453000,3.129000,0.054000,1.984000,3.821000,4.042000,0.011000,2.243000,2.516000,10.080000
p521_mlkem1024,falcon512,pqc-hybrid,pqc,off,16.390000,0 - default,1701,1701,657,4350.000000,3600.000000,1.208333,1162,1157,138,2688,1741,5,7,3641,4583,2057,4345,1382,0,8178,3,2,3,2,6.630000,6.650000,15.253000,3.152000,0.048000,0.289000,3.821000,4.056000,0.011000,0.260000,0.507000,9.315000
p521_mlkem1024,falcon1024,pqc-hybrid,pqc,off,16.780000,0 - default,1701,1701,1271,6486.000000,3600.000000,1.801667,1162,1157,138,4898,3253,5,9,3641,6793,2057,6481,1382,0,10388,3,2,5,2,6.676000,6.696000,15.554000,3.154000,0.054000,0.351000,3.821000,4.058000,0.011000,0.492000,0.742000,9.654000
p521_mlkem1024,p256_falcon512,pqc-hybrid,pqc-hybrid,off,15.230000,0 - default,1701,1701,733,4570.000000,3600.000000,1.269444,1162,1157,138,2908,1885,5,7,3641,4803,2057,4565,1382,0,8398,3,2,3,2,6.659000,6.679000,13.767000,3.230000,0.050000,0.564000,3.838000,4.051000,0.010000,0.472000,0.718000,9.939000
p521_mlkem1024,rsa3072_falcon512,pqc-hybrid,pqc-hybrid,off,18.280000,0 - default,1701,1701,1041,5530.000000,3600.000000,1.536111,1162,1157,138,3905,2532,5,8,3641,5800,2057,5525,1382,0,9395,3,2,4,2,6.660000,6.681000,16.737000,3.237000,0.051000,0.675000,3.832000,4.047000,0.011000,2.759000,3.012000,12.315000
p521_mlkem1024,falconpadded512,pqc-hybrid,pqc,off,16.470000,0 - default,1701,1701,666,4368.000000,3600.000000,1.213333,1162,1157,138,2706,1750,5,7,3641,4601,2057,4363,1382,0,8196,3,2,3,2,6.649000,6.669000,15.313000,3.119000,0.049000,0.290000,3.825000,4.059000,0.010000,0.265000,0.511000,9.312000
p521_mlkem1024,p256_falconpadded512,pqc-hybrid,pqc-hybrid,off,15.360000,0 - default,1701,1701,742,4589.000000,3600.000000,1.274722,1162,1157,138,2927,1895,5,7,3641,4822,2057,4584,1382,0,8417,3,2,3,2,6.701000,6.722000,13.875000,3.248000,0.052000,0.578000,3.851000,4.075000,0.011000,0.474000,0.717000,10.017000
p521_mlkem1024,rsa3072_falconpadded512,pqc-hybrid,pqc-hybrid,off,18.290000,0 - default,1701,1701,1054,5551.000000,3600.000000,1.541944,1162,1157,138,3926,2540,5,8,3641,5821,2057,5546,1382,0,9416,3,2,4,2,6.650000,6.670000,16.717000,3.234000,0.051000,0.696000,3.823000,4.046000,0.010000,2.739000,3.003000,12.342000
p521_mlkem1024,p521_falcon1024,pqc-hybrid,pqc-hybrid,off,18.850000,0 - default,1701,1701,1419,6911.000000,3600.000000,1.919722,1162,1157,138,5323,3530,5,9,3641,7218,2057,6906,1382,0,10813,3,2,5,2,6.606000,6.627000,15.905000,3.114000,0.052000,1.979000,3.816000,4.045000,0.011000,2.543000,2.790000,13.423000
p521_mlkem1024,falconpadded1024,pqc-hybrid,pqc,off,16.750000,0 - default,1701,1701,1280,6502.000000,3600.000000,1.806111,1162,1157,138,4914,3260,5,9,3641,6809,2057,6497,1382,0,10404,3,2,5,2,6.699000,6.719000,15.525000,3.102000,0.052000,0.344000,3.873000,4.107000,0.010000,0.500000,0.753000,9.659000
p521_mlkem1024,p521_falconpadded1024,pqc-hybrid,pqc-hybrid,off,19.080000,0 - default,1701,1701,1423,6924.000000,3600.000000,1.923333,1162,1157,180,5336,3539,6,9,3739,7231,2057,6919,1438,0,10924,3,2,5,3,6.645000,6.665000,16.038000,3.228000,0.053000,2.017000,3.834000,4.110000,0.011000,2.548000,2.798000,11.562000
p521_mlkem1024,sphincssha2128fsimple,pqc-hybrid,pqc,off,24.380000,0 - default,1701,1701,17088,6939.000000,3600.000000,1.927500,1162,1157,348,35891,17305,10,35,3907,37786,2057,36512,1438,0,41647,3,2,31,7,6.703000,6.724000,22.126000,3.191000,0.077000,0.768000,3.818000,4.045000,0.040000,7.069000,7.394000,15.047000
p521_mlkem1024,p256_sphincssha2128fsimple,pqc-hybrid,pqc-hybrid,off,23.230000,0 - default,1701,1701,17163,6939.000000,3600.000000,1.927500,1162,1157,348,36112,17451,10,35,3907,38007,2057,36733,1438,0,41868,3,2,31,7,6.639000,6.659000,20.603000,3.225000,0.070000,1.068000,3.823000,4.058000,0.037000,7.293000,7.625000,15.328000
p521_mlkem1024,rsa3072_sphincssha2128fsimple,pqc-hybrid,pqc-hybrid,off,26.570000,0 - default,1701,1701,17476,6939.000000,3600.000000,1.927500,1162,1157,306,37118,18100,9,36,3865,39013,2057,37702,1438,0,42832,3,2,32,6,6.819000,6.842000,23.897000,3.426000,0.070000,1.184000,3.836000,4.054000,0.034000,9.574000,9.929000,17.823000
p521_mlkem1024,sphincssha2128ssimple,pqc-hybrid,pqc,off,163.700000,0 - default,1701,1701,7856,6939.000000,3600.000000,1.927500,1162,1157,222,16722,8072,7,19,3781,18617,2057,17935,1438,0,22352,3,2,15,4,6.656000,6.676000,161.898000,3.233000,0.080000,0.449000,3.810000,4.038000,0.011000,146.758000,147.054000,154.830000
p521_mlkem1024,p256_sphincssha2128ssimple,pqc-hybrid,pqc-hybrid,off,162.550000,0 - default,1701,1701,7931,6939.000000,3600.000000,1.927500,1162,1157,222,16943,8218,7,19,3781,18838,2057,18156,1438,0,22573,3,2,15,4,6.744000,6.764000,160.419000,3.201000,0.071000,0.715000,3.835000,4.053000,0.011000,147.086000,147.404000,155.087000
p521_mlkem1024,rsa3072_sphincssha2128ssimple,pqc-hybrid,pqc-hybrid,off,165.310000,0 - default,1701,1701,8244,6939.000000,3600.000000,1.927500,1162,1157,222,17950,8868,7,20,3781,19845,2057,19126,1438,0,23580,3,2,16,4,6.659000,6.679000,163.074000,3.168000,0.082000,0.844000,3.819000,4.034000,0.012000,149.018000,149.323000,157.021000
p521_mlkem1024,sphincssha2192fsimple,pqc-hybrid,pqc,off,29.920000,0 - default,1701,1701,35664,6939.000000,3600.000000,1.927500,1162,1157,558,74467,35897,15,67,4117,76362,2057,73904,1438,0,80433,3,2,63,12,6.666000,6.686000,26.910000,3.104000,0.091000,1.053000,3.822000,4.044000,0.055000,11.945000,15.993000,19.856000
p521_mlkem1024,p384_sphincssha2192fsimple,pqc-hybrid,pqc-hybrid,off,30.370000,0 - default,1701,1701,35770,6939.000000,3600.000000,1.927500,1162,1157,600,74784,36108,16,67,4159,76679,2057,74221,1438,0,80792,3,2,63,13,6.831000,6.851000,26.201000,3.199000,0.089000,1.953000,3.825000,4.059000,0.054000,12.927000,17.070000,20.943000
p521_mlkem1024,sphincssha2192ssimple,pqc-hybrid,pqc,off,282.330000,0 - default,1701,1701,16224,6939.000000,3600.000000,1.927500,1162,1157,306,34091,16457,9,33,3865,35986,2057,34786,1438,0,39805,3,2,29,6,6.691000,6.711000,280.298000,3.175000,0.080000,0.577000,3.825000,4.056000,0.033000,265.134000,265.464000,273.126000
p521_mlkem1024,p384_sphincssha2192ssimple,pqc-hybrid,pqc-hybrid,off,281.530000,0 - default,1701,1701,16332,6939.000000,3600.000000,1.927500,1162,1157,306,34453,16667,9,34,3865,36348,2057,35111,1438,0,40167,3,2,30,6,6.654000,6.674000,278.424000,3.246000,0.090000,1.462000,3.810000,4.039000,0.037000,264.959000,265.297000,273.057000
p521_mlkem1024,sphincssha2256fsimple,pqc-hybrid,pqc,off,42.590000,0 - default,1701,1701,49856,6939.000000,3600.000000,1.927500,1162,1157,690,103967,50105,18,92,4249,105862,2057,102479,1438,0,110065,3,2,88,15,6.734000,6.754000,39.248000,3.079000,0.109000,1.056000,3.807000,4.038000,0.069000,24.448000,29.197000,32.384000
p521_mlkem1024,p521_sphincssha2256fsimple,pqc-hybrid,pqc-hybrid,off,45.170000,0 - default,1701,1701,49998,6939.000000,3600.000000,1.927500,1162,1157,604,104391,50387,16,92,4163,106286,2057,102903,1438,0,110403,3,2,88,13,6.648000,6.669000,39.886000,3.234000,0.115000,2.710000,3.817000,4.059000,0.078000,26.474000,31.132000,34.600000
p521_mlkem1024,sphincssha2256ssimple,pqc-hybrid,pqc,off,257.180000,0 - default,1701,1701,29792,6939.000000,3600.000000,1.927500,1162,1157,474,62299,30041,13,57,4033,64194,2057,62106,1438,0,68181,3,2,53,10,6.626000,6.646000,254.577000,3.294000,0.106000,0.700000,3.822000,4.057000,0.049000,239.325000,239.734000,247.659000
p521_mlkem1024,p521_sphincssha2256ssimple,pqc-hybrid,pqc-hybrid,off,259.800000,0 - default,1701,1701,29935,6939.000000,3600.000000,1.927500,1162,1157,390,62725,30324,11,57,3949,64620,2057,62532,1438,0,68523,3,2,53,8,6.663000,6.684000,255.308000,3.356000,0.115000,2.385000,3.820000,4.051000,0.053000,241.669000,242.086000,250.056000
p521_mlkem1024,sphincsshake128fsimple,pqc-hybrid,pqc,off,33.320000,0 - default,1701,1701,17088,6939.000000,3600.000000,1.927500,1162,1157,348,35891,17305,10,35,3907,37786,2057,36512,1438,0,41647,3,2,31,7,6.736000,6.757000,30.449000,3.255000,0.091000,1.311000,3.822000,4.062000,0.042000,15.227000,15.570000,23.398000
p521_mlkem1024,p256_sphincsshake128fsimple,pqc-hybrid,pqc-hybrid,off,31.880000,0 - default,1701,1701,17162,6939.000000,3600.000000,1.927500,1162,1157,348,36109,17449,10,35,3907,38004,2057,36730,1438,0,41865,3,2,31,7,6.637000,6.658000,28.686000,3.093000,0.072000,1.601000,3.821000,4.049000,0.040000,15.428000,15.760000,23.321000
p521_mlkem1024,rsa3072_sphincsshake128fsimple,pqc-hybrid,pqc-hybrid,off,34.750000,0 - default,1701,1701,17476,6939.000000,3600.000000,1.927500,1162,1157,306,37118,18100,9,36,3865,39013,2057,37702,1438,0,42832,3,2,32,6,6.643000,6.664000,31.593000,3.106000,0.074000,1.671000,3.810000,4.040000,0.034000,17.691000,18.024000,25.581000
p521_mlkem1024,sphincsshake128ssimple,pqc-hybrid,pqc,off,332.730000,0 - default,1701,1701,7856,6939.000000,3600.000000,1.927500,1162,1157,222,16723,8073,7,19,3781,18618,2057,17936,1438,0,22353,3,2,15,4,6.678000,6.698000,330.714000,3.287000,0.079000,0.676000,3.794000,4.036000,0.014000,315.364000,315.651000,323.621000
p521_mlkem1024,p256_sphincsshake128ssimple,pqc-hybrid,pqc-hybrid,off,331.090000,0 - default,1701,1701,7931,6939.000000,3600.000000,1.927500,1162,1157,222,16943,8218,7,19,3781,18838,2057,18156,1438,0,22573,3,2,15,4,6.613000,6.633000,328.691000,3.257000,0.084000,0.954000,3.815000,4.032000,0.012000,315.294000,315.590000,323.398000
p521_mlkem1024,rsa3072_sphincsshake128ssimple,pqc-hybrid,pqc-hybrid,off,333.760000,0 - default,1701,1701,8244,6939.000000,3600.000000,1.927500,1162,1157,222,17950,8868,7,20,3781,19845,2057,19126,1438,0,23580,3,2,16,4,6.626000,6.646000,331.395000,3.093000,0.070000,1.029000,3.815000,4.035000,0.011000,317.526000,317.804000,325.368000
p521_mlkem1024,sphincsshake192fsimple,pqc-hybrid,pqc,off,43.200000,0 - default,1701,1701,35664,6939.000000,3600.000000,1.927500,1162,1157,516,74467,35897,14,67,4075,76362,2057,73904,1438,0,80391,3,2,63,11,6.703000,6.723000,39.335000,3.088000,0.095000,1.813000,3.807000,4.035000,0.055000,24.488000,28.527000,32.373000
p521_mlkem1024,p384_sphincsshake192fsimple,pqc-hybrid,pqc-hybrid,off,43.500000,0 - default,1701,1701,35771,6939.000000,3600.000000,1.927500,1162,1157,516,74785,36108,14,67,4075,76680,2057,74222,1438,0,80709,3,2,63,11,6.652000,6.672000,38.646000,3.046000,0.097000,2.635000,3.817000,4.047000,0.052000,25.474000,29.462000,33.322000
p521_mlkem1024,sphincsshake192ssimple,pqc-hybrid,pqc,off,585.390000,0 - default,1701,1701,16224,6939.000000,3600.000000,1.927500,1162,1157,306,34091,16457,9,33,3865,35986,2057,34786,1438,0,39805,3,2,29,6,6.612000,6.632000,583.042000,3.297000,0.084000,0.849000,3.825000,4.053000,0.036000,567.921000,568.255000,576.066000
p521_mlkem1024,p384_sphincsshake192ssimple,pqc-hybrid,pqc-hybrid,off,585.190000,0 - default,1701,1701,16330,6939.000000,3600.000000,1.927500,1162,1157,306,34453,16669,9,34,3865,36348,2057,35111,1438,0,40167,3,2,30,6,6.625000,6.645000,581.856000,3.267000,0.092000,1.694000,3.814000,4.032000,0.032000,568.287000,568.615000,576.359000
p521_mlkem1024,sphincsshake256fsimple,pqc-hybrid,pqc,off,70.300000,0 - default,1701,1701,49856,6939.000000,3600.000000,1.927500,1162,1157,690,103967,50105,18,92,4249,105862,2057,102479,1438,0,110065,3,2,88,15,6.631000,6.651000,66.214000,3.137000,0.115000,1.896000,3.834000,4.061000,0.078000,51.294000,56.019000,59.309000
p521_mlkem1024,p521_sphincsshake256fsimple,pqc-hybrid,pqc-hybrid,off,72.650000,0 - default,1701,1701,49998,6939.000000,3600.000000,1.927500,1162,1157,736,104391,50387,19,92,4295,106286,2057,102903,1438,0,110535,3,2,88,16,6.702000,6.722000,66.699000,3.156000,0.115000,3.488000,3.820000,4.050000,0.078000,53.263000,58.094000,61.307000
p521_mlkem1024,sphincsshake256ssimple,pqc-hybrid,pqc,off,500.580000,0 - default,1701,1701,29792,6939.000000,3600.000000,1.927500,1162,1157,390,62299,30041,11,57,3949,64194,2057,62106,1438,0,68097,3,2,53,8,6.610000,6.631000,497.685000,3.130000,0.094000,1.058000,3.835000,4.064000,0.047000,482.574000,482.953000,490.605000
p521_mlkem1024,p521_sphincsshake256ssimple,pqc-hybrid,pqc-hybrid,off,503.420000,0 - default,1701,1701,29935,6939.000000,3600.000000,1.927500,1162,1157,390,62725,30324,11,57,3949,64620,2057,62532,1438,0,68523,3,2,53,8,6.658000,6.679000,498.646000,3.296000,0.103000,2.698000,3.799000,4.030000,0.038000,485.159000,485.536000,493.376000
p521_mlkem1024,ED25519,pqc-hybrid,classic,off,15.720000,0 - default,1701,1701,64,2287.000000,3600.000000,0.635278,1162,1157,138,540,270,5,5,3641,2446,2057,2271,1382,11,6041,3,2,1,2,6.662000,6.687000,14.742000,3.239000,0.045000,0.173000,3.845000,3.915000,0.011000,0.035000,0.071000,8.638000
p521_mlkem1024,ED448,pqc-hybrid,classic,off,16.030000,0 - default,1701,1701,114,2406.000000,3600.000000,0.668333,1162,1157,138,707,345,5,6,3641,2602,2057,2401,1382,0,6197,3,2,2,2,6.666000,6.686000,14.930000,3.253000,0.044000,0.293000,3.854000,3.926000,0.011000,0.212000,0.246000,8.966000
x25519_mlkem512,MLDSA44,pqc-hybrid,pqc,off,4.580000,0 - default,832,800,2420,3451.000000,2400.000000,1.437917,1128,862,180,6809,3931,5,10,2539,7760,1183,7412,1150,0,10253,2,1,7,3,0.884000,0.903000,3.232000,0.419000,0.042000,0.209000,0.340000,0.411000,0.012000,0.667000,0.718000,1.923000
x25519_mlkem512,MLDSA65,pqc-hybrid,pqc,off,4.940000,0 - default,832,800,3309,3451.000000,2400.000000,1.437917,1128,862,222,9311,5460,6,12,2581,10262,1183,9840,1150,0,12797,2,1,9,4,0.882000,0.904000,3.512000,0.435000,0.047000,0.279000,0.340000,0.413000,0.013000,0.971000,1.031000,2.226000
x25519_mlkem512,MLDSA87,pqc-hybrid,pqc,off,5.970000,0 - default,832,800,4627,3451.000000,2400.000000,1.437917,1128,862,222,12713,7418,6,15,2581,13664,1183,13131,1150,0,16199,2,1,12,4,0.879000,0.899000,4.389000,0.414000,0.047000,0.392000,0.343000,0.415000,0.013000,1.811000,1.874000,3.084000
x25519_mlkem512,p256_mldsa44,pqc-hybrid,pqc-hybrid,off,4.640000,0 - default,832,800,2495,3451.000000,2400.000000,1.437917,1128,862,222,7017,4064,6,10,2581,7968,1183,7620,1150,0,10503,2,1,7,4,0.884000,0.904000,2.773000,0.418000,0.051000,0.685000,0.338000,0.547000,0.012000,0.339000,0.589000,1.916000
x25519_mlkem512,rsa3072_mldsa44,pqc-hybrid,pqc-hybrid,off,7.300000,0 - default,832,800,2808,3451.000000,2400.000000,1.437917,1128,862,222,8017,4709,6,11,2581,8968,1183,8583,1150,0,11503,2,1,8,4,0.949000,0.971000,5.371000,0.444000,0.078000,0.675000,0.350000,0.604000,0.015000,2.679000,2.937000,4.365000
x25519_mlkem512,p384_mldsa65,pqc-hybrid,pqc-hybrid,off,6.420000,0 - default,832,800,3417,3451.000000,2400.000000,1.437917,1128,862,222,9653,5656,6,13,2581,10604,1183,10144,1150,0,13139,2,1,10,4,0.877000,0.897000,3.759000,0.413000,0.056000,1.293000,0.346000,0.601000,0.012000,1.204000,1.461000,2.841000
x25519_mlkem512,p521_mldsa87,pqc-hybrid,pqc-hybrid,off,8.110000,0 - default,832,800,4769,3451.000000,2400.000000,1.437917,1128,862,222,13159,7684,6,16,2581,14110,1183,13539,1150,0,16645,2,1,13,4,0.876000,0.896000,4.603000,0.415000,0.057000,2.131000,0.336000,0.541000,0.012000,2.224000,2.493000,3.829000
x25519_mlkem512,falcon512,pqc-hybrid,pqc,off,4.460000,0 - default,832,800,652,3439.000000,2400.000000,1.432917,1128,862,138,2683,1741,4,6,2441,3634,1183,3434,1094,0,6029,2,1,3,2,0.880000,0.900000,3.226000,0.419000,0.054000,0.295000,0.331000,0.544000,0.013000,0.254000,0.513000,3.180000
x25519_mlkem512,falcon1024,pqc-hybrid,pqc,off,4.900000,0 - default,832,800,1273,3451.000000,2400.000000,1.437917,1128,862,180,4900,3253,5,8,2539,5851,1183,5577,1150,0,8344,2,1,5,3,0.871000,0.896000,3.429000,0.421000,0.048000,0.325000,0.336000,0.544000,0.012000,0.476000,0.728000,2.058000
x25519_mlkem512,p256_falcon512,pqc-hybrid,pqc-hybrid,off,4.910000,0 - default,832,800,730,3451.000000,2400.000000,1.437917,1128,862,180,2947,1885,5,7,2539,3898,1183,3661,1150,0,6391,2,1,4,3,0.887000,0.907000,3.118000,0.419000,0.056000,0.699000,0.333000,0.588000,0.012000,0.495000,0.751000,3.106000
x25519_mlkem512,rsa3072_falcon512,pqc-hybrid,pqc-hybrid,off,7.040000,0 - default,832,800,1042,3451.000000,2400.000000,1.437917,1128,862,180,3947,2532,5,8,2539,4898,1183,4624,1150,0,7391,2,1,5,3,0.889000,0.908000,5.300000,0.426000,0.055000,0.661000,0.338000,0.591000,0.012000,2.760000,3.009000,4.390000
x25519_mlkem512,falconpadded512,pqc-hybrid,pqc,off,4.460000,0 - default,832,800,666,3466.000000,2400.000000,1.444167,1128,862,138,2747,1750,4,7,2441,3698,1183,3461,1094,0,6093,2,1,4,2,0.903000,0.924000,3.257000,0.425000,0.052000,0.289000,0.337000,0.554000,0.012000,0.262000,0.514000,3.188000
x25519_mlkem512,p256_falconpadded512,pqc-hybrid,pqc-hybrid,off,4.920000,0 - default,832,800,741,3451.000000,2400.000000,1.437917,1128,862,180,2968,1895,5,7,2539,3919,1183,3682,1150,0,6412,2,1,4,3,0.887000,0.908000,3.038000,0.433000,0.051000,0.716000,0.328000,0.532000,0.012000,0.503000,0.756000,3.151000
x25519_mlkem512,rsa3072_falconpadded512,pqc-hybrid,pqc-hybrid,off,7.070000,0 - default,832,800,1054,3451.000000,2400.000000,1.437917,1128,862,180,3967,2540,5,8,2539,4918,1183,4644,1150,0,7411,2,1,5,3,0.885000,0.905000,5.310000,0.425000,0.045000,0.676000,0.353000,0.614000,0.011000,2.755000,3.013000,4.418000
x25519_mlkem512,p521_falcon1024,pqc-hybrid,pqc-hybrid,off,8.430000,0 - default,832,800,1415,3451.000000,2400.000000,1.437917,1128,862,180,5399,3530,5,10,2539,6350,1183,6001,1150,0,8843,2,1,7,3,0.880000,0.900000,4.968000,0.425000,0.056000,2.133000,0.334000,0.540000,0.013000,2.548000,2.801000,4.158000
x25519_mlkem512,falconpadded1024,pqc-hybrid,pqc,off,4.850000,0 - default,832,800,1280,3451.000000,2400.000000,1.437917,1128,862,180,4914,3260,5,8,2539,5865,1183,5591,1150,0,8358,2,1,5,3,0.884000,0.904000,3.408000,0.418000,0.048000,0.331000,0.335000,0.546000,0.011000,0.501000,0.749000,2.093000
x25519_mlkem512,p521_falconpadded1024,pqc-hybrid,pqc-hybrid,off,8.340000,0 - default,832,800,1422,3451.000000,2400.000000,1.437917,1128,862,180,5415,3539,5,10,2539,6366,1183,6017,1150,0,8859,2,1,7,3,0.897000,0.917000,4.920000,0.416000,0.063000,2.132000,0.332000,0.539000,0.012000,2.545000,2.791000,4.121000
x25519_mlkem512,sphincssha2128fsimple,pqc-hybrid,pqc,off,12.380000,0 - default,832,800,17088,3451.000000,2400.000000,1.437917,1128,862,348,35891,17305,9,34,2707,36842,1183,35606,1150,0,39503,2,1,31,7,0.894000,0.914000,10.071000,0.415000,0.061000,0.793000,0.340000,0.557000,0.037000,7.077000,7.404000,8.762000
x25519_mlkem512,p256_sphincssha2128fsimple,pqc-hybrid,pqc-hybrid,off,12.560000,0 - default,832,800,17163,3451.000000,2400.000000,1.437917,1128,862,348,36112,17451,9,34,2707,37063,1183,35827,1150,0,39724,2,1,31,7,0.879000,0.899000,9.842000,0.422000,0.080000,1.187000,0.338000,0.542000,0.042000,7.306000,7.627000,8.973000
x25519_mlkem512,rsa3072_sphincssha2128fsimple,pqc-hybrid,pqc-hybrid,off,14.720000,0 - default,832,800,17476,3451.000000,2400.000000,1.437917,1128,862,348,37118,18100,9,35,2707,38069,1183,36796,1150,0,40730,2,1,32,7,0.879000,0.899000,12.035000,0.417000,0.077000,1.158000,0.331000,0.536000,0.039000,9.563000,9.892000,11.227000
x25519_mlkem512,sphincssha2128ssimple,pqc-hybrid,pqc,off,151.790000,0 - default,832,800,7856,3451.000000,2400.000000,1.437917,1128,862,222,16722,8072,6,18,2581,17673,1183,17029,1150,0,20208,2,1,15,4,0.883000,0.903000,149.924000,0.444000,0.064000,0.458000,0.331000,0.549000,0.012000,146.670000,146.939000,148.516000
x25519_mlkem512,p256_sphincssha2128ssimple,pqc-hybrid,pqc-hybrid,off,151.970000,0 - default,832,800,7930,3451.000000,2400.000000,1.437917,1128,862,222,16942,8218,6,18,2581,17893,1183,17249,1150,0,20428,2,1,15,4,0.886000,0.908000,149.449000,0.513000,0.075000,0.913000,0.330000,0.536000,0.013000,146.765000,147.054000,148.584000
x25519_mlkem512,rsa3072_sphincssha2128ssimple,pqc-hybrid,pqc-hybrid,off,153.740000,0 - default,832,800,8244,3451.000000,2400.000000,1.437917,1128,862,222,17950,8868,6,19,2581,18901,1183,18220,1150,0,21436,2,1,16,4,0.892000,0.913000,151.389000,0.490000,0.074000,0.860000,0.332000,0.538000,0.013000,148.812000,149.098000,150.587000
x25519_mlkem512,sphincssha2192fsimple,pqc-hybrid,pqc,off,17.920000,0 - default,832,800,35664,3451.000000,2400.000000,1.437917,1128,862,516,74467,35897,13,66,2875,75418,1183,72998,1150,0,78247,2,1,63,11,0.872000,0.892000,14.864000,0.419000,0.091000,1.026000,0.333000,0.546000,0.057000,11.939000,13.266000,13.637000
x25519_mlkem512,p384_sphincssha2192fsimple,pqc-hybrid,pqc-hybrid,off,19.590000,0 - default,832,800,35771,3451.000000,2400.000000,1.437917,1128,862,516,74829,36108,13,67,2875,75780,1183,73323,1150,0,78609,2,1,64,11,0.873000,0.893000,15.367000,0.422000,0.092000,2.011000,0.332000,0.536000,0.059000,12.883000,14.225000,14.611000
x25519_mlkem512,sphincssha2192ssimple,pqc-hybrid,pqc,off,269.660000,0 - default,832,800,16224,3451.000000,2400.000000,1.437917,1128,862,306,34135,16457,8,33,2665,35086,1183,33887,1150,0,37705,2,1,30,6,0.870000,0.890000,267.565000,0.518000,0.084000,0.592000,0.335000,0.549000,0.037000,264.316000,264.675000,266.211000
x25519_mlkem512,p384_sphincssha2192ssimple,pqc-hybrid,pqc-hybrid,off,271.340000,0 - default,832,800,16332,3451.000000,2400.000000,1.437917,1128,862,306,34453,16667,8,33,2665,35404,1183,34205,1150,0,38023,2,1,30,6,0.876000,0.896000,267.896000,0.498000,0.083000,1.620000,0.347000,0.558000,0.045000,265.145000,265.500000,267.064000
x25519_mlkem512,sphincssha2256fsimple,pqc-hybrid,pqc,off,30.730000,0 - default,832,800,49856,3451.000000,2400.000000,1.437917,1128,862,604,103967,50105,15,91,2963,104918,1183,101573,1150,0,107835,2,1,88,13,0.878000,0.898000,27.512000,0.460000,0.113000,1.042000,0.340000,0.551000,0.073000,24.474000,26.465000,26.300000
x25519_mlkem512,p521_sphincssha2256fsimple,pqc-hybrid,pqc-hybrid,off,34.620000,0 - default,832,800,49999,3451.000000,2400.000000,1.437917,1128,862,604,104430,50387,15,92,2963,105381,1183,101998,1150,0,108298,2,1,89,13,0.888000,0.909000,29.305000,0.497000,0.126000,2.906000,0.337000,0.546000,0.080000,26.596000,28.812000,28.562000
x25519_mlkem512,sphincssha2256ssimple,pqc-hybrid,pqc,off,245.420000,0 - default,832,800,29792,3451.000000,2400.000000,1.437917,1128,862,348,62299,30041,9,56,2707,63250,1183,61200,1150,0,65911,2,1,53,7,0.867000,0.887000,242.589000,0.456000,0.094000,0.723000,0.335000,0.544000,0.055000,239.418000,239.804000,241.293000
x25519_mlkem512,p521_sphincssha2256ssimple,pqc-hybrid,pqc-hybrid,off,248.740000,0 - default,832,800,29935,3451.000000,2400.000000,1.437917,1128,862,390,62768,30324,10,57,2749,63719,1183,61632,1150,0,66422,2,1,54,8,0.880000,0.900000,243.919000,0.442000,0.096000,2.518000,0.338000,0.549000,0.053000,241.210000,241.591000,243.071000
x25519_mlkem512,sphincsshake128fsimple,pqc-hybrid,pqc,off,20.990000,0 - default,832,800,17088,3451.000000,2400.000000,1.437917,1128,862,348,35891,17305,9,34,2707,36842,1183,35606,1150,0,39503,2,1,31,7,0.875000,0.894000,18.158000,0.417000,0.061000,1.345000,0.339000,0.551000,0.038000,15.219000,15.537000,16.884000
x25519_mlkem512,p256_sphincsshake128fsimple,pqc-hybrid,pqc-hybrid,off,21.260000,0 - default,832,800,17162,3451.000000,2400.000000,1.437917,1128,862,348,36109,17449,9,34,2707,37060,1183,35824,1150,0,39721,2,1,31,7,0.866000,0.886000,17.928000,0.414000,0.079000,1.708000,0.340000,0.559000,0.044000,15.423000,15.748000,17.114000
x25519_mlkem512,rsa3072_sphincsshake128fsimple,pqc-hybrid,pqc-hybrid,off,23.480000,0 - default,832,800,17476,3451.000000,2400.000000,1.437917,1128,862,348,37118,18100,9,35,2707,38069,1183,36796,1150,0,40730,2,1,32,7,0.876000,0.896000,20.270000,0.424000,0.082000,1.701000,0.337000,0.553000,0.038000,17.751000,18.076000,19.451000
x25519_mlkem512,sphincsshake128ssimple,pqc-hybrid,pqc,off,321.050000,0 - default,832,800,7856,3451.000000,2400.000000,1.437917,1128,862,222,16723,8073,6,18,2581,17674,1183,17030,1150,0,20209,2,1,15,4,0.886000,0.907000,319.006000,0.458000,0.069000,0.660000,0.332000,0.548000,0.012000,315.976000,316.254000,317.688000
x25519_mlkem512,p256_sphincsshake128ssimple,pqc-hybrid,pqc-hybrid,off,321.650000,0 - default,832,800,7931,3451.000000,2400.000000,1.437917,1128,862,222,16943,8218,6,18,2581,17894,1183,17250,1150,0,20429,2,1,15,4,0.929000,0.950000,319.020000,0.456000,0.083000,1.111000,0.340000,0.569000,0.013000,316.096000,316.399000,318.083000
x25519_mlkem512,rsa3072_sphincsshake128ssimple,pqc-hybrid,pqc-hybrid,off,323.420000,0 - default,832,800,8244,3451.000000,2400.000000,1.437917,1128,862,222,17950,8868,6,19,2581,18901,1183,18220,1150,0,21436,2,1,16,4,0.859000,0.879000,320.911000,0.446000,0.064000,1.062000,0.358000,0.590000,0.012000,318.238000,318.545000,319.989000
x25519_mlkem512,sphincsshake192fsimple,pqc-hybrid,pqc,off,31.350000,0 - default,832,800,35664,3451.000000,2400.000000,1.437917,1128,862,516,74467,35897,13,66,2875,75418,1183,72998,1150,0,78247,2,1,63,11,0.889000,0.909000,27.473000,0.420000,0.095000,1.830000,0.334000,0.547000,0.058000,24.517000,25.838000,26.220000
x25519_mlkem512,p384_sphincsshake192fsimple,pqc-hybrid,pqc-hybrid,off,33.290000,0 - default,832,800,35771,3451.000000,2400.000000,1.437917,1128,862,516,74867,36108,13,68,2875,75818,1183,73323,1150,0,78647,2,1,65,11,0.879000,0.898000,28.207000,0.432000,0.097000,2.861000,0.336000,0.591000,0.059000,25.553000,26.906000,27.345000
x25519_mlkem512,sphincsshake192ssimple,pqc-hybrid,pqc,off,572.490000,0 - default,832,800,16224,3451.000000,2400.000000,1.437917,1128,862,306,34135,16457,8,33,2665,35086,1183,33887,1150,0,37705,2,1,30,6,0.889000,0.911000,569.969000,0.460000,0.086000,0.844000,0.344000,0.601000,0.038000,566.495000,566.834000,568.539000
x25519_mlkem512,p384_sphincsshake192ssimple,pqc-hybrid,pqc-hybrid,off,573.860000,0 - default,832,800,16330,3451.000000,2400.000000,1.437917,1128,862,306,34453,16669,8,33,2665,35404,1183,34205,1150,0,38023,2,1,30,6,0.867000,0.887000,570.187000,0.473000,0.092000,1.842000,0.332000,0.545000,0.047000,567.429000,567.779000,569.288000
x25519_mlkem512,sphincsshake256fsimple,pqc-hybrid,pqc,off,58.190000,0 - default,832,800,49856,3451.000000,2400.000000,1.437917,1128,862,604,104005,50105,15,92,2963,104956,1183,101573,1150,0,107873,2,1,89,13,0.884000,0.904000,54.184000,0.427000,0.112000,1.843000,0.340000,0.554000,0.075000,51.188000,53.118000,52.959000
x25519_mlkem512,p521_sphincsshake256fsimple,pqc-hybrid,pqc-hybrid,off,62.430000,0 - default,832,800,49997,3451.000000,2400.000000,1.437917,1128,862,646,104428,50387,16,92,3005,105379,1183,101996,1150,0,108338,2,1,89,14,0.891000,0.913000,56.185000,0.493000,0.136000,3.671000,0.334000,0.557000,0.084000,53.354000,55.349000,55.309000
x25519_mlkem512,sphincsshake256ssimple,pqc-hybrid,pqc,off,488.850000,0 - default,832,800,29792,3451.000000,2400.000000,1.437917,1128,862,432,62299,30041,11,56,2791,63250,1183,61200,1150,0,65995,2,1,53,9,0.882000,0.903000,485.861000,0.519000,0.108000,1.072000,0.334000,0.545000,0.055000,482.491000,482.906000,484.524000
x25519_mlkem512,p521_sphincsshake256ssimple,pqc-hybrid,pqc-hybrid,off,492.350000,0 - default,832,800,29935,3451.000000,2400.000000,1.437917,1128,862,432,62806,30324,11,58,2791,63757,1183,61632,1150,0,66502,2,1,55,9,0.876000,0.896000,487.208000,0.521000,0.114000,2.881000,0.333000,0.550000,0.058000,484.437000,484.850000,486.478000
x25519_mlkem512,ED25519,pqc-hybrid,classic,off,3.590000,0 - default,832,800,64,1375.000000,2400.000000,0.572917,1128,862,138,582,270,4,5,2441,1533,1183,1370,1094,0,3928,2,1,2,2,0.884000,0.905000,2.575000,0.420000,0.045000,0.185000,0.343000,0.415000,0.012000,0.033000,0.068000,2.366000
x25519_mlkem512,ED448,pqc-hybrid,classic,off,4.090000,0 - default,832,800,114,1500.000000,2400.000000,0.625000,1128,862,138,707,345,4,5,2441,1658,1183,1495,1094,0,4053,2,1,2,2,0.901000,0.921000,2.885000,0.419000,0.040000,0.294000,0.346000,0.413000,0.012000,0.211000,0.246000,2.729000
x448_mlkem768,MLDSA44,pqc-hybrid,pqc,off,5.310000,0 - default,1240,1144,2420,6939.000000,3600.000000,1.927500,1162,1157,222,6767,3931,7,10,3781,8104,1596,7755,1899,0,11839,3,2,6,4,1.066000,1.086000,3.993000,0.817000,0.043000,0.220000,0.657000,0.730000,0.013000,0.355000,0.403000,3.281000
x448_mlkem768,MLDSA65,pqc-hybrid,pqc,off,5.620000,0 - default,1240,1144,3309,6939.000000,3600.000000,1.927500,1162,1157,222,9269,5460,7,12,3781,10606,1596,10183,1899,0,14341,3,2,8,4,1.084000,1.104000,4.327000,0.815000,0.050000,0.285000,0.655000,0.730000,0.012000,0.814000,0.870000,2.873000
x448_mlkem768,MLDSA87,pqc-hybrid,pqc,off,6.510000,0 - default,1240,1144,4627,6939.000000,3600.000000,1.927500,1162,1157,264,12671,7418,8,15,3823,14008,1596,13474,1899,0,17785,3,2,11,5,1.060000,1.080000,4.943000,0.714000,0.049000,0.398000,0.649000,0.723000,0.012000,1.600000,1.667000,3.487000
x448_mlkem768,p256_mldsa44,pqc-hybrid,pqc-hybrid,off,5.670000,0 - default,1240,1144,2496,6939.000000,3600.000000,1.927500,1162,1157,222,6976,4064,7,10,3781,8313,1596,7964,1899,0,12048,3,2,6,4,1.074000,1.095000,3.834000,0.805000,0.049000,0.696000,0.643000,0.848000,0.011000,0.345000,0.595000,3.660000
x448_mlkem768,rsa3072_mldsa44,pqc-hybrid,pqc-hybrid,off,7.820000,0 - default,1240,1144,2808,6939.000000,3600.000000,1.927500,1162,1157,222,7975,4709,7,11,3781,9312,1596,8926,1899,0,13047,3,2,7,4,1.062000,1.082000,6.199000,0.805000,0.054000,0.649000,0.639000,0.848000,0.012000,2.640000,2.896000,5.047000
x448_mlkem768,p384_mldsa65,pqc-hybrid,pqc-hybrid,off,7.080000,0 - default,1240,1144,3416,6939.000000,3600.000000,1.927500,1162,1157,222,9613,5656,7,13,3781,10950,1596,10490,1899,0,14685,3,2,9,4,1.055000,1.075000,4.533000,0.743000,0.055000,1.270000,0.652000,0.864000,0.012000,1.114000,1.381000,3.394000
x448_mlkem768,p521_mldsa87,pqc-hybrid,pqc-hybrid,off,9.090000,0 - default,1240,1144,4770,6939.000000,3600.000000,1.927500,1162,1157,264,13118,7684,8,16,3823,14455,1596,13883,1899,0,18232,3,2,12,5,1.068000,1.088000,5.609000,0.801000,0.058000,2.151000,0.653000,0.868000,0.013000,2.269000,2.532000,4.600000
x448_mlkem768,falcon512,pqc-hybrid,pqc,off,5.220000,0 - default,1240,1144,655,3790.000000,3600.000000,1.052778,1162,1157,138,2686,1741,5,7,3641,4023,1596,3785,1843,0,7618,3,2,3,2,1.074000,1.094000,4.071000,0.747000,0.048000,0.300000,0.648000,0.858000,0.012000,0.259000,0.503000,3.730000
x448_mlkem768,falcon1024,pqc-hybrid,pqc,off,5.720000,0 - default,1240,1144,1269,5926.000000,3600.000000,1.646111,1162,1157,180,4896,3253,6,9,3739,6233,1596,5921,1899,0,9926,3,2,5,3,1.102000,1.123000,4.416000,0.819000,0.054000,0.330000,0.656000,0.869000,0.013000,0.484000,0.737000,3.759000
x448_mlkem768,p256_falcon512,pqc-hybrid,pqc-hybrid,off,5.800000,0 - default,1240,1144,728,4007.000000,3600.000000,1.113056,1162,1157,138,2903,1885,5,7,3641,4240,1596,4002,1843,0,7835,3,2,3,2,1.073000,1.094000,4.076000,0.812000,0.058000,0.725000,0.647000,0.873000,0.012000,0.499000,0.746000,4.671000
x448_mlkem768,rsa3072_falcon512,pqc-hybrid,pqc-hybrid,off,7.770000,0 - default,1240,1144,1042,4973.000000,3600.000000,1.381389,1162,1157,138,3906,2532,5,8,3641,5243,1596,4968,1843,0,8838,3,2,4,2,1.076000,1.096000,6.181000,0.769000,0.066000,0.677000,0.644000,0.852000,0.011000,2.762000,3.007000,6.692000
x448_mlkem768,falconpadded512,pqc-hybrid,pqc,off,5.290000,0 - default,1240,1144,666,3810.000000,3600.000000,1.058333,1162,1157,138,2706,1750,5,7,3641,4043,1596,3805,1843,0,7638,3,2,3,2,1.084000,1.104000,4.131000,0.767000,0.049000,0.307000,0.654000,0.864000,0.011000,0.267000,0.514000,3.772000
x448_mlkem768,p256_falconpadded512,pqc-hybrid,pqc-hybrid,off,5.510000,0 - default,1240,1144,742,4031.000000,3600.000000,1.119722,1162,1157,138,2927,1895,5,7,3641,4264,1596,4026,1843,0,7859,3,2,3,2,1.070000,1.090000,3.865000,0.779000,0.057000,0.717000,0.638000,0.850000,0.012000,0.496000,0.739000,4.514000
x448_mlkem768,rsa3072_falconpadded512,pqc-hybrid,pqc-hybrid,off,7.800000,0 - default,1240,1144,1054,4993.000000,3600.000000,1.386944,1162,1157,180,3926,2540,6,8,3739,5263,1596,4988,1899,0,8956,3,2,4,3,1.064000,1.084000,6.131000,0.804000,0.064000,0.672000,0.645000,0.852000,0.012000,2.767000,3.015000,6.002000
x448_mlkem768,p521_falcon1024,pqc-hybrid,pqc-hybrid,off,9.070000,0 - default,1240,1144,1415,6349.000000,3600.000000,1.763611,1162,1157,180,5319,3530,6,9,3739,6656,1596,6344,1899,0,10349,3,2,5,3,1.090000,1.110000,5.896000,0.708000,0.053000,2.138000,0.640000,0.846000,0.012000,2.556000,2.805000,5.825000
x448_mlkem768,falconpadded1024,pqc-hybrid,pqc,off,5.630000,0 - default,1240,1144,1280,5944.000000,3600.000000,1.651111,1162,1157,180,4914,3260,6,9,3739,6251,1596,5939,1899,0,9944,3,2,5,3,1.078000,1.098000,4.334000,0.799000,0.051000,0.341000,0.650000,0.862000,0.012000,0.486000,0.733000,3.711000
x448_mlkem768,p521_falconpadded1024,pqc-hybrid,pqc-hybrid,off,9.360000,0 - default,1240,1144,1423,6366.000000,3600.000000,1.768333,1162,1157,180,5336,3539,6,9,3739,6673,1596,6361,1899,0,10366,3,2,5,3,1.066000,1.086000,6.139000,0.819000,0.053000,2.153000,0.646000,0.856000,0.012000,2.568000,2.814000,5.961000
x448_mlkem768,sphincssha2128fsimple,pqc-hybrid,pqc,off,13.270000,0 - default,1240,1144,17088,6939.000000,3600.000000,1.927500,1162,1157,348,35847,17305,10,34,3907,37184,1596,35947,1899,0,41045,3,2,30,7,1.082000,1.103000,11.067000,0.800000,0.064000,0.773000,0.659000,0.875000,0.031000,7.071000,7.388000,9.496000
x448_mlkem768,p256_sphincssha2128fsimple,pqc-hybrid,pqc-hybrid,off,13.480000,0 - default,1240,1144,17163,6939.000000,3600.000000,1.927500,1162,1157,348,36112,17451,10,35,3907,37449,1596,36175,1899,0,41310,3,2,31,7,1.084000,1.104000,10.742000,0.732000,0.061000,1.202000,0.648000,0.871000,0.034000,7.306000,7.621000,9.629000
x448_mlkem768,rsa3072_sphincssha2128fsimple,pqc-hybrid,pqc-hybrid,off,15.740000,0 - default,1240,1144,17476,6939.000000,3600.000000,1.927500,1162,1157,348,37074,18100,10,35,3907,38411,1596,37137,1899,0,42272,3,2,31,7,1.094000,1.114000,13.082000,0.809000,0.079000,1.149000,0.644000,0.857000,0.032000,9.559000,9.870000,11.961000
x448_mlkem768,sphincssha2128ssimple,pqc-hybrid,pqc,off,152.050000,0 - default,1240,1144,7856,6939.000000,3600.000000,1.927500,1162,1157,222,16680,8072,7,18,3781,18017,1596,17372,1899,0,21752,3,2,14,4,1.088000,1.108000,150.254000,0.840000,0.066000,0.452000,0.646000,0.856000,0.012000,146.238000,146.513000,148.686000
x448_mlkem768,p256_sphincssha2128ssimple,pqc-hybrid,pqc-hybrid,off,152.840000,0 - default,1240,1144,7931,6939.000000,3600.000000,1.927500,1162,1157,180,16943,8218,6,19,3739,18280,1596,17598,1899,0,21973,3,2,15,3,1.060000,1.080000,150.487000,0.820000,0.083000,0.914000,0.657000,0.864000,0.012000,146.899000,147.190000,149.404000
x448_mlkem768,rsa3072_sphincssha2128ssimple,pqc-hybrid,pqc-hybrid,off,155.250000,0 - default,1240,1144,8244,6939.000000,3600.000000,1.927500,1162,1157,180,17906,8868,6,19,3739,19243,1596,18561,1899,0,22936,3,2,15,3,1.081000,1.102000,152.996000,0.900000,0.091000,0.874000,0.683000,0.920000,0.012000,149.229000,149.538000,151.884000
x448_mlkem768,sphincssha2192fsimple,pqc-hybrid,pqc,off,19.150000,0 - default,1240,1144,35664,6939.000000,3600.000000,1.927500,1162,1157,516,74467,35897,14,67,4075,75804,1596,73346,1899,0,79833,3,2,63,11,1.068000,1.090000,15.987000,0.809000,0.086000,1.080000,0.650000,0.860000,0.056000,11.915000,13.722000,14.391000
x448_mlkem768,p384_sphincssha2192fsimple,pqc-hybrid,pqc-hybrid,off,20.650000,0 - default,1240,1144,35771,6939.000000,3600.000000,1.927500,1162,1157,516,74785,36108,14,67,4075,76122,1596,73664,1899,0,80151,3,2,63,11,1.058000,1.079000,16.529000,0.790000,0.090000,2.039000,0.648000,0.867000,0.052000,12.956000,14.689000,15.392000
x448_mlkem768,sphincssha2192ssimple,pqc-hybrid,pqc,off,270.870000,0 - default,1240,1144,16224,6939.000000,3600.000000,1.927500,1162,1157,306,34091,16457,9,33,3865,35428,1596,34228,1899,0,39247,3,2,29,6,1.075000,1.096000,268.861000,0.853000,0.072000,0.582000,0.652000,0.864000,0.034000,264.820000,265.142000,267.328000
x448_mlkem768,p384_sphincssha2192ssimple,pqc-hybrid,pqc-hybrid,off,272.680000,0 - default,1240,1144,16330,6939.000000,3600.000000,1.927500,1162,1157,306,34407,16667,9,33,3865,35744,1596,34544,1899,0,39563,3,2,29,6,1.062000,1.083000,269.344000,0.900000,0.097000,1.603000,0.644000,0.852000,0.038000,265.624000,265.973000,268.271000
x448_mlkem768,sphincssha2256fsimple,pqc-hybrid,pqc,off,32.060000,0 - default,1240,1144,49856,6939.000000,3600.000000,1.927500,1162,1157,690,103923,50105,18,91,4249,105260,1596,101914,1899,0,109463,3,2,87,15,1.078000,1.098000,28.510000,0.858000,0.109000,1.062000,0.651000,0.864000,0.069000,24.402000,26.619000,26.966000
x448_mlkem768,p521_sphincssha2256fsimple,pqc-hybrid,pqc-hybrid,off,35.090000,0 - default,1240,1144,49999,6939.000000,3600.000000,1.927500,1162,1157,606,104429,50387,16,93,4165,105766,1596,102345,1899,0,109885,3,2,89,13,1.074000,1.094000,29.854000,0.757000,0.127000,2.852000,0.643000,0.857000,0.066000,26.460000,28.840000,28.903000
x448_mlkem768,sphincssha2256ssimple,pqc-hybrid,pqc,off,247.170000,0 - default,1240,1144,29792,6939.000000,3600.000000,1.927500,1162,1157,432,62255,30041,12,56,3991,63592,1596,61541,1899,0,67537,3,2,52,9,1.081000,1.101000,244.421000,0.846000,0.124000,0.723000,0.652000,0.861000,0.050000,240.284000,240.689000,242.936000
x448_mlkem768,p521_sphincssha2256ssimple,pqc-hybrid,pqc-hybrid,off,249.880000,0 - default,1240,1144,29934,6939.000000,3600.000000,1.927500,1162,1157,432,62724,30324,12,57,3991,64061,1596,61973,1899,0,68006,3,2,53,9,1.075000,1.095000,245.163000,0.803000,0.098000,2.509000,0.643000,0.855000,0.054000,241.632000,242.023000,244.190000
x448_mlkem768,sphincsshake128fsimple,pqc-hybrid,pqc,off,22.010000,0 - default,1240,1144,17088,6939.000000,3600.000000,1.927500,1162,1157,348,35847,17305,10,34,3907,37184,1596,35947,1899,0,41045,3,2,30,7,1.054000,1.074000,19.266000,0.838000,0.067000,1.301000,0.650000,0.867000,0.035000,15.246000,15.569000,17.672000
x448_mlkem768,p256_sphincsshake128fsimple,pqc-hybrid,pqc-hybrid,off,22.210000,0 - default,1240,1144,17163,6939.000000,3600.000000,1.927500,1162,1157,348,36148,17449,10,36,3907,37485,1596,36173,1899,0,41346,3,2,32,7,1.043000,1.063000,18.992000,0.800000,0.068000,1.715000,0.652000,0.864000,0.036000,15.421000,15.741000,17.846000
x448_mlkem768,rsa3072_sphincsshake128fsimple,pqc-hybrid,pqc-hybrid,off,24.480000,0 - default,1240,1144,17476,6939.000000,3600.000000,1.927500,1162,1157,348,37074,18100,10,35,3907,38411,1596,37137,1899,0,42272,3,2,31,7,1.076000,1.097000,21.276000,0.811000,0.085000,1.712000,0.648000,0.870000,0.036000,17.683000,18.017000,20.139000
x448_mlkem768,sphincsshake128ssimple,pqc-hybrid,pqc,off,321.800000,0 - default,1240,1144,7856,6939.000000,3600.000000,1.927500,1162,1157,180,16681,8073,6,18,3739,18018,1596,17373,1899,0,21711,3,2,14,3,1.052000,1.072000,319.864000,0.750000,0.078000,0.650000,0.648000,0.862000,0.012000,315.986000,316.266000,318.322000
x448_mlkem768,p256_sphincsshake128ssimple,pqc-hybrid,pqc-hybrid,off,321.820000,0 - default,1240,1144,7930,6939.000000,3600.000000,1.927500,1162,1157,180,16942,8218,6,19,3739,18279,1596,17597,1899,0,21972,3,2,15,3,1.074000,1.094000,319.323000,0.849000,0.070000,1.121000,0.647000,0.852000,0.012000,315.793000,316.069000,318.242000
x448_mlkem768,rsa3072_sphincsshake128ssimple,pqc-hybrid,pqc-hybrid,off,324.560000,0 - default,1240,1144,8244,6939.000000,3600.000000,1.927500,1162,1157,180,17906,8868,6,19,3739,19243,1596,18561,1899,0,22936,3,2,15,3,1.056000,1.076000,322.186000,0.840000,0.071000,1.069000,0.644000,0.851000,0.011000,318.749000,319.032000,321.184000
x448_mlkem768,sphincsshake192fsimple,pqc-hybrid,pqc,off,32.250000,0 - default,1240,1144,35664,6939.000000,3600.000000,1.927500,1162,1157,558,74467,35897,15,67,4117,75804,1596,73346,1899,0,79875,3,2,63,12,1.047000,1.068000,28.457000,0.743000,0.097000,1.844000,0.646000,0.868000,0.056000,24.527000,26.192000,26.902000
x448_mlkem768,p384_sphincsshake192fsimple,pqc-hybrid,pqc-hybrid,off,33.730000,0 - default,1240,1144,35770,6939.000000,3600.000000,1.927500,1162,1157,516,74822,36108,14,68,4075,76159,1596,73663,1899,0,80188,3,2,64,11,1.049000,1.069000,28.841000,0.753000,0.095000,2.819000,0.642000,0.859000,0.052000,25.500000,27.167000,27.869000
x448_mlkem768,sphincsshake192ssimple,pqc-hybrid,pqc,off,573.660000,0 - default,1240,1144,16224,6939.000000,3600.000000,1.927500,1162,1157,264,34091,16457,8,33,3823,35428,1596,34228,1899,0,39205,3,2,29,5,1.086000,1.106000,571.237000,0.797000,0.105000,0.819000,0.656000,0.871000,0.035000,567.097000,567.451000,569.743000
x448_mlkem768,p384_sphincsshake192ssimple,pqc-hybrid,pqc-hybrid,off,576.380000,0 - default,1240,1144,16331,6939.000000,3600.000000,1.927500,1162,1157,264,34410,16669,8,33,3823,35747,1596,34547,1899,0,39524,3,2,29,5,1.069000,1.089000,572.754000,0.796000,0.106000,1.858000,0.646000,0.854000,0.033000,569.092000,569.428000,571.630000
x448_mlkem768,sphincsshake256fsimple,pqc-hybrid,pqc,off,59.220000,0 - default,1240,1144,49856,6939.000000,3600.000000,1.927500,1162,1157,606,103923,50105,16,91,4165,105260,1596,101914,1899,0,109379,3,2,87,13,1.073000,1.094000,55.187000,0.761000,0.110000,1.862000,0.666000,0.880000,0.067000,51.238000,53.541000,53.674000
x448_mlkem768,p521_sphincsshake256fsimple,pqc-hybrid,pqc-hybrid,off,63.270000,0 - default,1240,1144,49998,6939.000000,3600.000000,1.927500,1162,1157,776,104428,50387,20,93,4335,105765,1596,102344,1899,0,110054,3,2,89,17,1.063000,1.083000,56.902000,0.809000,0.115000,3.586000,0.645000,0.853000,0.068000,53.317000,55.609000,55.841000
x448_mlkem768,sphincsshake256ssimple,pqc-hybrid,pqc,off,490.230000,0 - default,1240,1144,29792,6939.000000,3600.000000,1.927500,1162,1157,390,62255,30041,11,56,3949,63592,1596,61541,1899,0,67495,3,2,52,8,1.074000,1.094000,487.298000,0.758000,0.102000,1.080000,0.661000,0.877000,0.051000,483.097000,483.490000,485.782000
x448_mlkem768,p521_sphincsshake256ssimple,pqc-hybrid,pqc-hybrid,off,493.800000,0 - default,1240,1144,29935,6939.000000,3600.000000,1.927500,1162,1157,432,62725,30324,12,57,3991,64062,1596,61974,1899,0,68007,3,2,53,9,1.062000,1.083000,488.702000,0.886000,0.115000,2.892000,0.643000,0.850000,0.047000,484.986000,485.387000,487.692000
x448_mlkem768,ED25519,pqc-hybrid,classic,off,4.500000,0 - default,1240,1144,64,2287.000000,3600.000000,0.635278,1162,1157,138,540,270,5,5,3641,2446,1596,1713,1843,569,6041,3,2,1,2,1.051000,1.072000,3.511000,0.729000,0.044000,0.173000,0.658000,0.732000,0.012000,0.035000,0.069000,2.948000
x448_mlkem768,ED448,pqc-hybrid,classic,off,4.780000,0 - default,1240,1144,114,2287.000000,3600.000000,0.635278,1162,1157,138,665,345,5,5,3641,2446,1596,1838,1843,444,6041,3,2,1,2,1.062000,1.081000,3.672000,0.815000,0.048000,0.289000,0.653000,0.725000,0.011000,0.209000,0.244000,3.336000
frodo640aes,MLDSA44,pqc,pqc,off,5.380000,0 - default,9616,9720,2420,16377.000000,13200.000000,1.240682,1162,1157,180,6809,3931,14,18,13339,17024,10007,16372,2779,0,30317,11,9,7,3,0.546000,0.565000,4.274000,0.730000,0.045000,0.204000,0.657000,0.741000,0.011000,1.196000,1.246000,3.222000
frodo640aes,MLDSA65,pqc,pqc,off,7.280000,0 - default,9616,9720,3309,18805.000000,13200.000000,1.424621,1162,1157,180,9311,5460,14,20,13339,19526,10007,18800,2779,0,32819,11,9,9,3,0.581000,0.601000,6.057000,0.862000,0.047000,0.276000,0.756000,0.849000,0.012000,2.561000,2.619000,4.834000
frodo640aes,MLDSA87,pqc,pqc,off,7.590000,0 - default,9616,9720,4627,20888.000000,13200.000000,1.582424,1162,1157,222,12712,7418,15,23,13381,22927,10007,22090,2779,0,36262,11,9,12,4,0.536000,0.556000,6.187000,0.844000,0.048000,0.396000,0.652000,0.740000,0.012000,2.840000,2.903000,5.007000
frodo640aes,p256_mldsa44,pqc,pqc-hybrid,off,5.990000,0 - default,9616,9720,2495,16585.000000,13200.000000,1.256439,1162,1157,180,7055,4064,14,19,13339,17270,10007,16580,2779,0,30563,11,9,8,3,0.541000,0.561000,3.899000,0.831000,0.049000,1.107000,0.653000,0.879000,0.012000,0.324000,0.574000,2.820000
frodo640aes,rsa3072_mldsa44,pqc,pqc-hybrid,off,7.970000,0 - default,9616,9720,2808,17548.000000,13200.000000,1.329394,1162,1157,180,8055,4709,14,20,13339,18270,10007,17543,2779,0,31563,11,9,9,3,0.538000,0.558000,5.994000,0.797000,0.048000,1.061000,0.651000,0.872000,0.011000,2.567000,2.814000,4.993000
frodo640aes,p384_mldsa65,pqc,pqc-hybrid,off,7.430000,0 - default,9616,9720,3416,19108.000000,13200.000000,1.447576,1162,1157,180,9652,5656,14,21,13339,19867,10007,19103,2779,0,33160,11,9,10,3,0.548000,0.569000,4.702000,0.807000,0.057000,1.711000,0.689000,0.919000,0.012000,1.130000,1.378000,3.605000
frodo640aes,p521_mldsa87,pqc,pqc-hybrid,off,9.760000,0 - default,9616,9720,4770,23176.000000,13200.000000,1.755758,1162,1157,180,13160,7684,14,25,13339,24084,10007,22500,2779,670,37377,11,10,13,3,0.639000,0.661000,6.038000,0.983000,0.053000,2.566000,0.696000,0.917000,0.012000,2.231000,2.484000,4.900000
frodo640aes,falcon512,pqc,pqc,off,5.090000,0 - default,9616,9720,656,12403.000000,13200.000000,0.939621,1162,1157,180,2687,1741,14,14,13339,12902,10007,12398,2779,0,26195,11,9,3,3,0.528000,0.548000,3.932000,0.834000,0.048000,0.285000,0.663000,0.904000,0.012000,0.252000,0.494000,2.768000
frodo640aes,falcon1024,pqc,pqc,off,5.450000,0 - default,9616,9720,1275,14544.000000,13200.000000,1.101818,1162,1157,180,4902,3253,14,16,13339,15117,10007,14539,2779,0,28410,11,9,5,3,0.538000,0.559000,4.220000,0.830000,0.052000,0.333000,0.694000,0.922000,0.012000,0.462000,0.695000,2.988000
frodo640aes,p256_falcon512,pqc,pqc-hybrid,off,6.090000,0 - default,9616,9720,728,12619.000000,13200.000000,0.955985,1162,1157,180,2941,1885,14,15,13339,13156,10007,12614,2779,0,26449,11,9,4,3,0.538000,0.558000,4.025000,0.834000,0.048000,1.134000,0.645000,0.871000,0.012000,0.489000,0.728000,2.943000
frodo640aes,rsa3072_falcon512,pqc,pqc-hybrid,off,8.270000,0 - default,9616,9720,1044,13587.000000,13200.000000,1.029318,1162,1157,180,3946,2532,14,16,13339,14161,10007,13582,2779,0,27454,11,9,5,3,0.536000,0.556000,6.240000,0.830000,0.048000,1.112000,0.645000,0.873000,0.012000,2.767000,3.018000,5.260000
frodo640aes,falconpadded512,pqc,pqc,off,5.020000,0 - default,9616,9720,666,12422.000000,13200.000000,0.941061,1162,1157,180,2706,1750,14,14,13339,12921,10007,12417,2779,0,26214,11,9,3,3,0.535000,0.556000,3.851000,0.833000,0.046000,0.288000,0.649000,0.878000,0.012000,0.255000,0.492000,2.732000
frodo640aes,p256_falconpadded512,pqc,pqc-hybrid,off,6.090000,0 - default,9616,9720,742,12643.000000,13200.000000,0.957803,1162,1157,180,2965,1895,14,15,13339,13180,10007,12638,2779,0,26473,11,9,4,3,0.538000,0.560000,4.047000,0.834000,0.051000,1.111000,0.650000,0.876000,0.012000,0.489000,0.730000,2.959000
frodo640aes,rsa3072_falconpadded512,pqc,pqc-hybrid,off,8.340000,0 - default,9616,9720,1054,13605.000000,13200.000000,1.030682,1162,1157,180,3964,2540,14,16,13339,14179,10007,13600,2779,0,27472,11,9,5,3,0.542000,0.562000,6.370000,0.862000,0.049000,1.067000,0.649000,0.886000,0.010000,2.762000,3.005000,5.261000
frodo640aes,p521_falcon1024,pqc,pqc-hybrid,off,9.550000,0 - default,9616,9720,1416,14962.000000,13200.000000,1.133485,1162,1157,180,5358,3530,14,17,13339,15573,10007,14957,2779,0,28866,11,9,6,3,0.542000,0.562000,5.983000,0.763000,0.053000,2.550000,0.651000,0.883000,0.012000,2.536000,2.790000,4.945000
frodo640aes,falconpadded1024,pqc,pqc,off,5.290000,0 - default,9616,9720,1280,14556.000000,13200.000000,1.102727,1162,1157,180,4914,3260,14,16,13339,15129,10007,14551,2779,0,28422,11,9,5,3,0.537000,0.556000,4.047000,0.828000,0.052000,0.349000,0.646000,0.873000,0.012000,0.471000,0.707000,2.928000
frodo640aes,p521_falconpadded1024,pqc,pqc-hybrid,off,9.620000,0 - default,9616,9720,1423,14978.000000,13200.000000,1.134697,1162,1157,180,5374,3539,14,17,13339,15589,10007,14973,2779,0,28882,11,9,6,3,0.527000,0.547000,6.022000,0.795000,0.053000,2.586000,0.652000,0.872000,0.011000,2.543000,2.782000,4.959000
frodo640aes,sphincssha2128fsimple,pqc,pqc,off,12.750000,0 - default,9616,9720,17088,22051.000000,13200.000000,1.670530,1162,1157,306,35891,17305,17,42,13465,46106,10007,44566,2779,0,59525,11,9,31,6,0.542000,0.562000,10.693000,0.833000,0.072000,0.781000,0.649000,0.876000,0.036000,7.071000,7.382000,9.626000
frodo640aes,p256_sphincssha2128fsimple,pqc,pqc-hybrid,off,14.020000,0 - default,9616,9720,17163,23176.000000,13200.000000,1.755758,1162,1157,264,36150,17451,16,44,13423,46405,10007,44787,2779,1,59782,11,10,32,5,0.575000,0.595000,11.007000,0.942000,0.075000,1.602000,0.644000,0.876000,0.035000,7.305000,7.623000,9.960000
frodo640aes,rsa3072_sphincssha2128fsimple,pqc,pqc-hybrid,off,15.980000,0 - default,9616,9720,17476,22051.000000,13200.000000,1.670530,1162,1157,306,37156,18100,17,44,13465,47371,10007,45756,2779,0,60790,11,9,33,6,0.540000,0.560000,13.119000,0.770000,0.068000,1.562000,0.658000,0.876000,0.036000,9.580000,9.900000,12.062000
frodo640aes,sphincssha2128ssimple,pqc,pqc,off,151.900000,0 - default,9616,9720,7856,11584.000000,12000.000000,0.965333,1162,1157,222,16722,8072,14,26,12181,26937,10007,25989,1622,0,39072,10,9,15,4,0.541000,0.561000,150.203000,0.854000,0.062000,0.467000,0.650000,0.883000,0.012000,146.602000,146.869000,149.129000
frodo640aes,p256_sphincssha2128ssimple,pqc,pqc-hybrid,off,153.080000,0 - default,9616,9720,7932,11584.000000,12000.000000,0.965333,1162,1157,222,16982,8218,14,27,12181,27197,10007,26211,1622,0,39332,10,9,16,4,0.579000,0.599000,150.423000,0.754000,0.064000,1.312000,0.743000,0.994000,0.012000,146.659000,146.934000,149.212000
frodo640aes,rsa3072_sphincssha2128ssimple,pqc,pqc-hybrid,off,155.200000,0 - default,9616,9720,8244,11584.000000,12000.000000,0.965333,1162,1157,222,17950,8868,14,27,12181,28165,10007,27180,1622,0,40300,10,9,16,4,0.540000,0.561000,152.673000,0.847000,0.072000,1.224000,0.660000,0.890000,0.012000,149.017000,149.285000,151.581000
frodo640aes,sphincssha2192fsimple,pqc,pqc,off,18.410000,0 - default,9616,9720,35664,23214.000000,13200.000000,1.758636,1162,1157,432,74505,35897,20,75,13591,84720,10007,81958,2779,0,98265,11,9,64,9,0.553000,0.575000,15.622000,0.797000,0.087000,1.048000,0.651000,0.876000,0.050000,11.946000,13.705000,14.483000
frodo640aes,p384_sphincssha2192fsimple,pqc,pqc-hybrid,off,21.210000,0 - default,9616,9720,35772,23176.000000,13200.000000,1.755758,1162,1157,474,74824,36108,21,76,13633,85079,10007,82277,2779,1,98666,11,10,64,10,0.562000,0.582000,16.640000,0.972000,0.090000,2.480000,0.645000,0.874000,0.053000,12.882000,14.944000,15.653000
frodo640aes,sphincssha2192ssimple,pqc,pqc,off,270.290000,0 - default,9616,9720,16224,11584.000000,12000.000000,0.965333,1162,1157,264,34091,16457,15,40,12223,44306,10007,42840,1622,0,56483,10,9,29,5,0.585000,0.606000,268.344000,0.749000,0.073000,0.572000,0.675000,0.904000,0.034000,264.676000,264.988000,267.156000
frodo640aes,p384_sphincssha2192ssimple,pqc,pqc-hybrid,off,272.930000,0 - default,9616,9720,16331,11584.000000,12000.000000,0.965333,1162,1157,264,34490,16667,15,42,12223,44705,10007,43164,1622,0,56882,10,9,31,5,0.620000,0.641000,269.302000,0.883000,0.083000,2.028000,0.649000,0.876000,0.034000,265.595000,265.930000,268.278000
frodo640aes,sphincssha2256fsimple,pqc,pqc,off,33.520000,0 - default,9616,9720,49856,22013.000000,13200.000000,1.667652,1162,1157,604,103967,50105,24,100,13763,114222,10007,110533,2779,1,127939,11,10,88,13,0.641000,0.665000,30.039000,1.129000,0.104000,1.116000,1.220000,1.586000,0.070000,24.705000,27.735000,28.463000
frodo640aes,p521_sphincssha2256fsimple,pqc,pqc-hybrid,off,35.650000,0 - default,9616,9720,49999,23176.000000,13200.000000,1.755758,1162,1157,604,104430,50387,24,101,13763,114685,10007,110958,2779,1,128402,11,10,89,13,0.543000,0.563000,30.193000,0.833000,0.105000,3.240000,0.664000,0.888000,0.068000,26.488000,28.999000,29.170000
frodo640aes,sphincssha2256ssimple,pqc,pqc,off,249.770000,0 - default,9616,9720,29792,11584.000000,12000.000000,0.965333,1162,1157,390,62299,30041,18,64,12349,72514,10007,70160,1622,0,84817,10,9,53,8,0.541000,0.561000,247.189000,0.734000,0.091000,0.702000,0.651000,0.874000,0.045000,243.513000,243.883000,246.050000
frodo640aes,p521_sphincssha2256ssimple,pqc,pqc-hybrid,off,250.640000,0 - default,9616,9720,29934,11584.000000,12000.000000,0.965333,1162,1157,348,62762,30324,17,65,12307,72977,10007,70585,1622,0,85238,10,9,54,7,0.557000,0.577000,245.693000,0.745000,0.100000,2.939000,0.687000,0.920000,0.046000,241.958000,242.333000,244.592000
frodo640aes,sphincsshake128fsimple,pqc,pqc,off,21.560000,0 - default,9616,9720,17088,22051.000000,13200.000000,1.670530,1162,1157,306,35891,17305,17,42,13465,46106,10007,44566,2779,0,59525,11,9,31,6,0.545000,0.566000,18.968000,0.841000,0.081000,1.276000,0.647000,0.872000,0.036000,15.266000,15.590000,17.855000
frodo640aes,p256_sphincsshake128fsimple,pqc,pqc-hybrid,off,23.020000,0 - default,9616,9720,17163,23214.000000,13200.000000,1.758636,1162,1157,264,36148,17449,16,43,13423,46363,10007,44785,2779,0,59740,11,9,32,5,0.548000,0.569000,19.368000,0.854000,0.096000,2.217000,0.668000,0.897000,0.029000,15.546000,15.881000,18.210000
frodo640aes,rsa3072_sphincsshake128fsimple,pqc,pqc-hybrid,off,24.700000,0 - default,9616,9720,17476,22051.000000,13200.000000,1.670530,1162,1157,306,37156,18100,17,44,13465,47371,10007,45756,2779,0,60790,11,9,33,6,0.547000,0.568000,21.195000,0.734000,0.076000,2.163000,0.650000,0.872000,0.040000,17.696000,18.020000,20.148000
frodo640aes,sphincsshake128ssimple,pqc,pqc,off,320.890000,0 - default,9616,9720,7856,11584.000000,12000.000000,0.965333,1162,1157,222,16723,8073,14,26,12181,26938,10007,25990,1622,0,39073,10,9,15,4,0.535000,0.555000,318.887000,0.783000,0.087000,0.679000,0.648000,0.875000,0.013000,315.271000,315.559000,317.843000
frodo640aes,p256_sphincsshake128ssimple,pqc,pqc-hybrid,off,322.400000,0 - default,9616,9720,7932,11584.000000,12000.000000,0.965333,1162,1157,222,16944,8218,14,26,12181,27159,10007,26211,1622,0,39294,10,9,15,4,0.549000,0.571000,319.425000,0.866000,0.088000,1.536000,0.655000,0.878000,0.013000,315.692000,315.985000,318.371000
frodo640aes,rsa3072_sphincsshake128ssimple,pqc,pqc-hybrid,off,325.230000,0 - default,9616,9720,8244,11584.000000,12000.000000,0.965333,1162,1157,222,17950,8868,14,27,12181,28165,10007,27180,1622,0,40300,10,9,16,4,0.559000,0.579000,322.397000,0.852000,0.080000,1.507000,0.666000,0.896000,0.012000,318.530000,318.818000,321.385000
frodo640aes,sphincsshake192fsimple,pqc,pqc,off,31.820000,0 - default,9616,9720,35664,23176.000000,13200.000000,1.755758,1162,1157,516,74467,35897,22,75,13675,84722,10007,81958,2779,1,98351,11,10,63,11,0.557000,0.577000,28.185000,0.862000,0.099000,1.843000,0.649000,0.871000,0.050000,24.530000,26.393000,27.143000
frodo640aes,p384_sphincsshake192fsimple,pqc,pqc-hybrid,off,34.340000,0 - default,9616,9720,35771,20888.000000,13200.000000,1.582424,1162,1157,432,74823,36108,20,75,13591,85038,10007,82276,2779,0,98583,11,9,64,9,0.558000,0.578000,29.074000,0.763000,0.095000,3.197000,0.652000,0.882000,0.057000,25.532000,27.341000,28.079000
frodo640aes,sphincsshake192ssimple,pqc,pqc,off,572.370000,0 - default,9616,9720,16224,11584.000000,12000.000000,0.965333,1162,1157,264,34091,16457,15,40,12223,44306,10007,42840,1622,0,56483,10,9,29,5,0.550000,0.571000,570.099000,0.837000,0.096000,0.819000,0.649000,0.877000,0.036000,566.153000,566.499000,569.046000
frodo640aes,p384_sphincsshake192ssimple,pqc,pqc-hybrid,off,575.450000,0 - default,9616,9720,16331,11584.000000,12000.000000,0.965333,1162,1157,264,34492,16669,15,42,12223,44707,10007,43166,1622,0,56884,10,9,31,5,0.554000,0.575000,571.500000,0.890000,0.109000,2.291000,0.721000,0.945000,0.041000,567.434000,567.784000,570.247000
frodo640aes,sphincsshake256fsimple,pqc,pqc,off,58.780000,0 - default,9616,9720,49856,20888.000000,13200.000000,1.582424,1162,1157,562,104005,50105,23,100,13721,114220,10007,110533,2779,0,127895,11,9,89,12,0.552000,0.573000,54.902000,0.741000,0.107000,1.828000,0.650000,0.899000,0.067000,51.243000,53.559000,53.787000
frodo640aes,p521_sphincsshake256fsimple,pqc,pqc-hybrid,off,63.640000,0 - default,9616,9720,49998,22013.000000,13200.000000,1.667652,1162,1157,604,104429,50387,24,101,13763,114684,10007,110957,2779,1,128401,11,10,89,13,0.537000,0.557000,57.132000,0.834000,0.114000,4.074000,0.654000,0.896000,0.074000,53.345000,56.137000,56.068000
frodo640aes,sphincsshake256ssimple,pqc,pqc,off,488.910000,0 - default,9616,9720,29792,11584.000000,12000.000000,0.965333,1162,1157,390,62299,30041,18,64,12349,72514,10007,70160,1622,0,84817,10,9,53,8,0.543000,0.563000,485.897000,0.769000,0.111000,1.079000,0.651000,0.879000,0.045000,482.228000,482.611000,484.901000
frodo640aes,p521_sphincsshake256ssimple,pqc,pqc-hybrid,off,494.540000,0 - default,9616,9720,29935,11584.000000,12000.000000,0.965333,1162,1157,432,62763,30324,19,65,12391,72978,10007,70586,1622,0,85323,10,9,54,9,0.532000,0.552000,489.110000,0.881000,0.114000,3.314000,0.651000,0.873000,0.055000,485.195000,485.599000,488.016000
frodo640aes,ED25519,pqc,classic,off,4.340000,0 - default,9616,9720,64,11583.000000,13200.000000,0.877500,1162,1157,138,540,270,13,13,13241,12046,10007,10325,2723,1252,25241,11,10,1,2,0.540000,0.560000,3.360000,0.832000,0.045000,0.181000,0.660000,0.755000,0.011000,0.036000,0.070000,3.222000
frodo640aes,ED448,pqc,classic,off,4.600000,0 - default,9616,9720,114,11621.000000,13200.000000,0.880379,1162,1157,138,706,345,13,14,13241,12121,10007,10454,2723,1161,25316,11,10,2,2,0.541000,0.561000,3.461000,0.771000,0.049000,0.288000,0.667000,0.750000,0.012000,0.211000,0.246000,3.520000
p256_frodo640aes,MLDSA44,pqc-hybrid,pqc,off,10.620000,0 - default,9681,9785,2420,17604.000000,13200.000000,1.333636,1162,1157,180,6809,3931,14,19,13339,18289,10072,16437,2714,1161,31582,11,10,7,3,5.137000,5.159000,9.477000,1.699000,0.045000,0.217000,0.751000,0.836000,0.011000,0.679000,0.731000,3.783000
p256_frodo640aes,MLDSA65,pqc-hybrid,pqc,off,11.060000,0 - default,9681,9785,3309,20032.000000,13200.000000,1.517576,1162,1157,180,9311,5460,14,21,13339,20791,10072,18865,2714,1161,34084,11,10,9,3,5.083000,5.104000,9.844000,1.846000,0.049000,0.283000,0.761000,0.847000,0.012000,0.813000,0.869000,4.084000
p256_frodo640aes,MLDSA87,pqc-hybrid,pqc,off,13.170000,0 - default,9681,9785,4627,23176.000000,13200.000000,1.755758,1162,1157,180,12713,7418,14,24,13339,24046,10072,22156,2714,1014,37339,11,10,12,3,5.080000,5.100000,11.825000,1.733000,0.049000,0.376000,0.750000,0.834000,0.011000,3.065000,3.130000,6.220000
p256_frodo640aes,p256_mldsa44,pqc-hybrid,pqc-hybrid,off,9.230000,0 - default,9681,9785,2495,17812.000000,13200.000000,1.349394,1162,1157,180,7017,4064,14,19,13339,18497,10072,16645,2714,1161,31790,11,10,7,3,5.116000,5.137000,7.728000,1.721000,0.049000,0.547000,0.772000,0.988000,0.010000,0.300000,0.547000,3.794000
p256_frodo640aes,rsa3072_mldsa44,pqc-hybrid,pqc-hybrid,off,12.280000,0 - default,9681,9785,2808,18775.000000,13200.000000,1.422348,1162,1157,180,8017,4709,14,20,13339,19497,10072,17608,2714,1161,32790,11,10,8,3,5.094000,5.113000,10.641000,1.757000,0.054000,0.689000,0.761000,0.974000,0.011000,2.582000,2.835000,6.077000
p256_frodo640aes,p384_mldsa65,pqc-hybrid,pqc-hybrid,off,10.890000,0 - default,9681,9785,3416,20335.000000,13200.000000,1.540530,1162,1157,180,9652,5656,14,22,13339,21132,10072,19168,2714,1161,34425,11,10,10,3,5.126000,5.146000,8.681000,1.826000,0.059000,1.168000,0.745000,0.977000,0.011000,1.072000,1.332000,4.650000
p256_frodo640aes,p521_mldsa87,pqc-hybrid,pqc-hybrid,off,12.890000,0 - default,9681,9785,4769,22013.000000,13200.000000,1.667652,1162,1157,222,13121,7684,15,24,13381,23441,10072,22564,2714,1,36776,11,10,12,4,5.134000,5.155000,9.813000,1.810000,0.060000,1.993000,0.749000,0.983000,0.011000,2.231000,2.491000,5.800000
p256_frodo640aes,falcon512,pqc-hybrid,pqc,off,10.960000,0 - default,9681,9785,655,13629.000000,13200.000000,1.032500,1162,1157,180,2686,1741,14,15,13339,14166,10072,12462,2714,1161,27459,11,10,3,3,5.271000,5.296000,9.738000,1.856000,0.063000,0.313000,0.756000,0.984000,0.012000,0.248000,0.494000,3.865000
p256_frodo640aes,falcon1024,pqc-hybrid,pqc,off,11.080000,0 - default,9681,9785,1272,15768.000000,13200.000000,1.194545,1162,1157,180,4899,3253,14,17,13339,16379,10072,14601,2714,1161,29672,11,10,5,3,5.201000,5.220000,9.817000,1.818000,0.052000,0.346000,0.765000,0.997000,0.010000,0.481000,0.730000,4.063000
p256_frodo640aes,p256_falcon512,pqc-hybrid,pqc-hybrid,off,9.660000,0 - default,9681,9785,732,13850.000000,13200.000000,1.049242,1162,1157,180,2907,1885,14,15,13339,14387,10072,12683,2714,1161,27680,11,10,3,3,5.121000,5.142000,8.042000,1.730000,0.076000,0.620000,0.774000,1.017000,0.013000,0.459000,0.725000,4.034000
p256_frodo640aes,rsa3072_falcon512,pqc-hybrid,pqc-hybrid,off,12.480000,0 - default,9681,9785,1044,14814.000000,13200.000000,1.122273,1162,1157,180,3908,2532,14,16,13339,15388,10072,13647,2714,1161,28681,11,10,4,3,5.130000,5.150000,10.887000,1.802000,0.052000,0.691000,0.751000,0.971000,0.011000,2.727000,2.973000,6.257000
p256_frodo640aes,falconpadded512,pqc-hybrid,pqc,off,10.660000,0 - default,9681,9785,666,13649.000000,13200.000000,1.034015,1162,1157,180,2706,1750,14,15,13339,14186,10072,12482,2714,1161,27479,11,10,3,3,5.112000,5.132000,9.474000,1.716000,0.052000,0.310000,0.757000,0.981000,0.011000,0.257000,0.497000,3.712000
p256_frodo640aes,p256_falconpadded512,pqc-hybrid,pqc-hybrid,off,9.460000,0 - default,9681,9785,740,13868.000000,13200.000000,1.050606,1162,1157,180,2925,1895,14,15,13339,14405,10072,12701,2714,1161,27698,11,10,3,3,5.134000,5.154000,7.961000,1.731000,0.046000,0.578000,0.774000,0.992000,0.010000,0.452000,0.698000,3.947000
p256_frodo640aes,rsa3072_falconpadded512,pqc-hybrid,pqc-hybrid,off,12.650000,0 - default,9681,9785,1054,14832.000000,13200.000000,1.123636,1162,1157,180,3926,2540,14,16,13339,15406,10072,13665,2714,1161,28699,11,10,4,3,5.098000,5.118000,11.025000,1.831000,0.058000,0.702000,0.767000,0.990000,0.012000,2.734000,2.985000,6.326000
p256_frodo640aes,p521_falcon1024,pqc-hybrid,pqc-hybrid,off,13.220000,0 - default,9681,9785,1415,16188.000000,13200.000000,1.226364,1162,1157,180,5357,3530,14,18,13339,16837,10072,15021,2714,1161,30130,11,10,6,3,5.109000,5.129000,10.197000,1.831000,0.058000,2.007000,0.749000,0.997000,0.011000,2.505000,2.760000,6.118000
p256_frodo640aes,falconpadded1024,pqc-hybrid,pqc,off,10.990000,0 - default,9681,9785,1280,15783.000000,13200.000000,1.195682,1162,1157,180,4914,3260,14,17,13339,16394,10072,14616,2714,1161,29687,11,10,5,3,5.088000,5.107000,9.738000,1.795000,0.050000,0.351000,0.750000,0.986000,0.011000,0.472000,0.723000,4.010000
p256_frodo640aes,p521_falconpadded1024,pqc-hybrid,pqc-hybrid,off,13.500000,0 - default,9681,9785,1422,16204.000000,13200.000000,1.227576,1162,1157,180,5373,3539,14,18,13339,16853,10072,15037,2714,1161,30146,11,10,6,3,5.180000,5.200000,10.338000,1.841000,0.079000,2.040000,0.760000,1.012000,0.013000,2.521000,2.770000,6.211000
p256_frodo640aes,sphincssha2128fsimple,pqc-hybrid,pqc,off,18.470000,0 - default,9681,9785,17088,23176.000000,13200.000000,1.755758,1162,1157,306,35891,17305,17,43,13465,46211,10072,44631,2714,1,59630,11,10,31,6,5.125000,5.146000,16.337000,1.675000,0.079000,0.790000,0.765000,0.991000,0.033000,7.066000,7.384000,10.589000
p256_frodo640aes,p256_sphincssha2128fsimple,pqc-hybrid,pqc-hybrid,off,17.440000,0 - default,9681,9785,17163,23176.000000,13200.000000,1.755758,1162,1157,306,36112,17451,17,43,13465,46432,10072,44852,2714,1,59851,11,10,31,6,5.154000,5.174000,14.932000,1.765000,0.087000,1.045000,0.754000,0.995000,0.033000,7.268000,7.589000,10.942000
p256_frodo640aes,rsa3072_sphincssha2128fsimple,pqc-hybrid,pqc-hybrid,off,20.460000,0 - default,9681,9785,17476,23176.000000,13200.000000,1.755758,1162,1157,306,37118,18100,17,44,13465,47438,10072,45821,2714,1,60857,11,10,32,6,5.101000,5.121000,17.945000,1.833000,0.072000,1.159000,0.761000,0.977000,0.033000,9.537000,9.862000,13.213000
p256_frodo640aes,sphincssha2128ssimple,pqc-hybrid,pqc,off,157.600000,0 - default,9681,9785,7856,11584.000000,12000.000000,0.965333,1162,1157,264,16722,8072,15,26,12223,27002,10072,26054,1557,0,39179,10,9,15,5,5.133000,5.153000,155.836000,1.918000,0.079000,0.460000,0.757000,0.984000,0.011000,146.370000,146.659000,150.169000
p256_frodo640aes,p256_sphincssha2128ssimple,pqc-hybrid,pqc-hybrid,off,156.890000,0 - default,9681,9785,7930,11584.000000,12000.000000,0.965333,1162,1157,222,16942,8218,14,26,12181,27222,10072,26274,1557,0,39357,10,9,15,4,5.147000,5.174000,154.717000,1.902000,0.078000,0.740000,0.765000,0.990000,0.011000,146.972000,147.250000,150.739000
p256_frodo640aes,rsa3072_sphincssha2128ssimple,pqc-hybrid,pqc-hybrid,off,159.290000,0 - default,9681,9785,8244,11584.000000,12000.000000,0.965333,1162,1157,222,17950,8868,14,27,12181,28230,10072,27245,1557,0,40365,10,9,16,4,5.121000,5.141000,157.043000,1.858000,0.083000,0.863000,0.759000,0.989000,0.012000,148.713000,149.003000,152.491000
p256_frodo640aes,sphincssha2192fsimple,pqc-hybrid,pqc,off,24.260000,0 - default,9681,9785,35664,24339.000000,13200.000000,1.843864,1162,1157,474,74467,35897,21,75,13633,84787,10072,82023,2714,1,98374,11,10,63,10,5.107000,5.127000,21.290000,1.737000,0.104000,1.075000,0.780000,1.014000,0.049000,11.958000,14.768000,15.649000
p256_frodo640aes,p384_sphincssha2192fsimple,pqc-hybrid,pqc-hybrid,off,24.250000,0 - default,9681,9785,35770,23176.000000,13200.000000,1.755758,1162,1157,474,74784,36108,21,75,13633,85104,10072,82340,2714,1,98691,11,10,63,10,5.081000,5.101000,20.371000,1.660000,0.088000,1.882000,0.750000,0.983000,0.051000,12.870000,15.567000,16.384000
p256_frodo640aes,sphincssha2192ssimple,pqc-hybrid,pqc,off,276.160000,0 - default,9681,9785,16224,11584.000000,12000.000000,0.965333,1162,1157,348,34091,16457,17,40,12307,44371,10072,42905,1557,0,56632,10,9,29,7,5.108000,5.128000,274.013000,1.886000,0.092000,0.588000,0.774000,0.994000,0.025000,264.432000,264.770000,268.285000
p256_frodo640aes,p384_sphincssha2192ssimple,pqc-hybrid,pqc-hybrid,off,276.670000,0 - default,9681,9785,16332,11584.000000,12000.000000,0.965333,1162,1157,306,34453,16667,16,41,12265,44733,10072,43230,1557,0,56952,10,9,30,6,5.113000,5.133000,273.588000,1.737000,0.087000,1.434000,0.742000,0.978000,0.032000,265.989000,266.313000,269.614000
p256_frodo640aes,sphincssha2256fsimple,pqc-hybrid,pqc,off,37.580000,0 - default,9681,9785,49856,22013.000000,13200.000000,1.667652,1162,1157,604,103967,50105,24,100,13763,114287,10072,110598,2714,1,128004,11,10,88,13,5.141000,5.161000,34.283000,1.802000,0.121000,1.073000,0.748000,0.976000,0.069000,24.835000,28.443000,28.534000
p256_frodo640aes,p521_sphincssha2256fsimple,pqc-hybrid,pqc-hybrid,off,39.400000,0 - default,9681,9785,49998,22013.000000,13200.000000,1.667652,1162,1157,604,104429,50387,24,101,13763,114749,10072,111022,2714,1,128466,11,10,89,13,5.067000,5.088000,34.258000,1.821000,0.110000,2.731000,0.749000,0.981000,0.069000,26.487000,30.193000,30.196000
p256_frodo640aes,sphincssha2256ssimple,pqc-hybrid,pqc,off,252.210000,0 - default,9681,9785,29792,11584.000000,12000.000000,0.965333,1162,1157,348,62299,30041,17,64,12307,72579,10072,70225,1557,0,84840,10,9,53,7,5.122000,5.142000,249.654000,1.824000,0.102000,0.717000,0.759000,0.982000,0.047000,239.961000,240.355000,243.910000
p256_frodo640aes,p521_sphincssha2256ssimple,pqc-hybrid,pqc-hybrid,off,253.960000,0 - default,9681,9785,29933,11584.000000,12000.000000,0.965333,1162,1157,348,62723,30324,17,64,12307,73003,10072,70649,1557,0,85264,10,9,53,7,5.129000,5.148000,249.540000,1.924000,0.104000,2.396000,0.745000,0.976000,0.042000,241.533000,241.926000,245.500000
p256_frodo640aes,sphincsshake128fsimple,pqc-hybrid,pqc,off,27.160000,0 - default,9681,9785,17088,23176.000000,13200.000000,1.755758,1162,1157,306,35891,17305,17,43,13465,46211,10072,44631,2714,1,59630,11,10,31,6,5.173000,5.193000,24.515000,1.830000,0.082000,1.310000,0.778000,1.006000,0.032000,15.202000,15.529000,18.903000
p256_frodo640aes,p256_sphincsshake128fsimple,pqc-hybrid,pqc-hybrid,off,26.000000,0 - default,9681,9785,17164,23176.000000,13200.000000,1.755758,1162,1157,306,36111,17449,17,43,13465,46431,10072,44851,2714,1,59850,11,10,31,6,5.123000,5.143000,23.040000,1.706000,0.077000,1.537000,0.744000,0.982000,0.037000,15.442000,15.765000,18.992000
p256_frodo640aes,rsa3072_sphincsshake128fsimple,pqc-hybrid,pqc-hybrid,off,29.220000,0 - default,9681,9785,17476,23176.000000,13200.000000,1.755758,1162,1157,306,37118,18100,17,44,13465,47438,10072,45821,2714,1,60857,11,10,32,6,5.120000,5.140000,26.160000,1.837000,0.076000,1.702000,0.752000,0.981000,0.033000,17.672000,17.999000,21.360000
p256_frodo640aes,sphincsshake128ssimple,pqc-hybrid,pqc,off,327.460000,0 - default,9681,9785,7856,11584.000000,12000.000000,0.965333,1162,1157,222,16723,8073,14,26,12181,27003,10072,26055,1557,0,39138,10,9,15,4,5.124000,5.144000,325.419000,1.827000,0.081000,0.696000,0.751000,0.976000,0.011000,315.918000,316.218000,319.816000
p256_frodo640aes,p256_sphincsshake128ssimple,pqc-hybrid,pqc-hybrid,off,326.650000,0 - default,9681,9785,7931,11584.000000,12000.000000,0.965333,1162,1157,264,16943,8218,15,26,12223,27223,10072,26275,1557,0,39400,10,9,15,5,5.119000,5.139000,324.221000,1.801000,0.076000,0.970000,0.769000,0.986000,0.011000,316.485000,316.770000,320.171000
p256_frodo640aes,rsa3072_sphincsshake128ssimple,pqc-hybrid,pqc-hybrid,off,329.370000,0 - default,9681,9785,8244,11584.000000,12000.000000,0.965333,1162,1157,222,17950,8868,14,27,12181,28230,10072,27245,1557,0,40365,10,9,16,4,5.070000,5.090000,326.900000,1.856000,0.082000,1.083000,0.753000,0.983000,0.010000,318.510000,318.814000,322.299000
p256_frodo640aes,sphincsshake192fsimple,pqc-hybrid,pqc,off,37.440000,0 - default,9681,9785,35664,22013.000000,13200.000000,1.667652,1162,1157,432,74505,35897,20,76,13591,84825,10072,82023,2714,1,98370,11,10,64,9,5.125000,5.144000,33.693000,1.746000,0.093000,1.840000,0.773000,0.996000,0.043000,24.541000,27.326000,28.142000
p256_frodo640aes,p384_sphincsshake192fsimple,pqc-hybrid,pqc-hybrid,off,37.780000,0 - default,9681,9785,35772,22013.000000,13200.000000,1.667652,1162,1157,432,74824,36108,20,76,13591,85144,10072,82342,2714,1,98689,11,10,64,9,5.113000,5.133000,33.135000,1.777000,0.096000,2.589000,0.747000,0.985000,0.048000,25.490000,28.335000,29.138000
p256_frodo640aes,sphincsshake192ssimple,pqc-hybrid,pqc,off,578.690000,0 - default,9681,9785,16224,11584.000000,12000.000000,0.965333,1162,1157,264,34091,16457,15,40,12223,44371,10072,42905,1557,0,56548,10,9,29,5,5.152000,5.172000,576.344000,1.783000,0.092000,0.843000,0.774000,1.004000,0.023000,566.738000,567.076000,570.676000
p256_frodo640aes,p384_sphincsshake192ssimple,pqc-hybrid,pqc-hybrid,off,578.770000,0 - default,9681,9785,16331,11584.000000,12000.000000,0.965333,1162,1157,306,34454,16669,16,41,12265,44734,10072,43231,1557,0,56953,10,9,30,6,5.101000,5.121000,575.390000,1.888000,0.090000,1.716000,0.747000,0.982000,0.031000,567.467000,567.807000,571.318000
p256_frodo640aes,sphincsshake256fsimple,pqc-hybrid,pqc,off,64.600000,0 - default,9681,9785,49856,23176.000000,13200.000000,1.755758,1162,1157,604,104005,50105,24,101,13763,114325,10072,110598,2714,1,128042,11,10,89,13,5.139000,5.159000,60.540000,1.708000,0.118000,1.888000,0.786000,1.011000,0.065000,51.193000,54.625000,54.865000
p256_frodo640aes,p521_sphincsshake256fsimple,pqc-hybrid,pqc-hybrid,off,66.780000,0 - default,9681,9785,49998,22013.000000,13200.000000,1.667652,1162,1157,562,104429,50387,23,101,13721,114749,10072,111022,2714,1,128424,11,10,89,12,5.094000,5.114000,61.023000,1.700000,0.120000,3.488000,0.750000,1.001000,0.068000,53.330000,56.732000,56.973000
p256_frodo640aes,sphincsshake256ssimple,pqc-hybrid,pqc,off,494.850000,0 - default,9681,9785,29792,11584.000000,12000.000000,0.965333,1162,1157,348,62299,30041,17,64,12307,72579,10072,70225,1557,0,84840,10,9,53,7,5.094000,5.120000,491.976000,1.738000,0.097000,1.065000,0.769000,0.993000,0.039000,482.653000,483.032000,486.353000
p256_frodo640aes,p521_sphincsshake256ssimple,pqc-hybrid,pqc-hybrid,off,497.260000,0 - default,9681,9785,29934,11584.000000,12000.000000,0.965333,1162,1157,390,62724,30324,18,64,12349,73004,10072,70650,1557,0,85307,10,9,53,8,5.135000,5.155000,492.517000,1.702000,0.098000,2.712000,0.749000,0.979000,0.039000,484.822000,485.197000,488.493000
p256_frodo640aes,ED25519,pqc-hybrid,classic,off,9.800000,0 - default,9681,9785,64,11584.000000,13200.000000,0.877576,1162,1157,138,578,270,13,14,13241,12084,10072,10390,2658,1187,25279,11,10,2,2,5.123000,5.145000,8.833000,1.740000,0.049000,0.179000,0.766000,0.854000,0.011000,0.035000,0.069000,4.232000
p256_frodo640aes,ED448,pqc-hybrid,classic,off,10.300000,0 - default,9681,9785,114,11688.000000,13200.000000,0.885455,1162,1157,138,745,345,13,15,13241,12225,10072,10520,2658,1161,25420,11,10,3,2,5.077000,5.097000,9.177000,1.792000,0.044000,0.289000,0.764000,0.846000,0.011000,0.210000,0.244000,4.612000
x25519_frodo640aes,MLDSA44,pqc-hybrid,pqc,off,6.220000,0 - default,9648,9752,2420,17571.000000,13200.000000,1.331136,1162,1157,180,6809,3931,14,19,13339,18256,10039,16404,2747,1161,31549,11,10,7,3,1.225000,1.246000,5.063000,0.942000,0.046000,0.205000,0.867000,0.958000,0.012000,0.578000,0.630000,3.044000
x25519_frodo640aes,MLDSA65,pqc-hybrid,pqc,off,6.220000,0 - default,9648,9752,3309,18837.000000,13200.000000,1.427045,1162,1157,180,9311,5460,14,20,13339,19558,10039,18832,2747,0,32851,11,9,9,3,1.151000,1.175000,5.020000,0.789000,0.047000,0.267000,0.784000,0.869000,0.012000,1.110000,1.167000,3.334000
x25519_frodo640aes,MLDSA87,pqc-hybrid,pqc,off,6.660000,0 - default,9648,9752,4627,22051.000000,13200.000000,1.670530,1162,1157,222,12713,7418,15,23,13381,22960,10039,22123,2747,0,36295,11,9,12,4,1.157000,1.177000,5.276000,0.862000,0.049000,0.388000,0.740000,0.824000,0.013000,1.186000,1.256000,3.460000
x25519_frodo640aes,p256_mldsa44,pqc-hybrid,pqc-hybrid,off,6.030000,0 - default,9648,9752,2494,17778.000000,13200.000000,1.346818,1162,1157,180,7054,4064,14,20,13339,18501,10039,16611,2747,1161,31794,11,10,8,3,1.153000,1.173000,4.362000,0.896000,0.048000,0.701000,0.728000,0.954000,0.015000,0.390000,0.639000,3.020000
x25519_frodo640aes,rsa3072_mldsa44,pqc-hybrid,pqc-hybrid,off,8.170000,0 - default,9648,9752,2808,17580.000000,13200.000000,1.331818,1162,1157,180,8055,4709,14,20,13339,18302,10039,17575,2747,0,31595,11,9,9,3,1.151000,1.171000,6.566000,0.836000,0.049000,0.670000,0.732000,0.955000,0.012000,2.655000,2.904000,5.207000
x25519_frodo640aes,p384_mldsa65,pqc-hybrid,pqc-hybrid,off,7.370000,0 - default,9648,9752,3416,20302.000000,13200.000000,1.538030,1162,1157,180,9652,5656,14,22,13339,21099,10039,19135,2747,1161,34392,11,10,10,3,1.152000,1.172000,5.022000,0.895000,0.053000,1.302000,0.746000,0.966000,0.012000,1.087000,1.337000,3.732000
x25519_frodo640aes,p521_mldsa87,pqc-hybrid,pqc-hybrid,off,9.190000,0 - default,9648,9752,4769,20888.000000,13200.000000,1.582424,1162,1157,222,13121,7684,15,23,13381,23368,10039,22531,2747,0,36703,11,9,12,4,1.162000,1.183000,5.958000,0.824000,0.058000,2.140000,0.730000,0.950000,0.011000,2.213000,2.467000,4.747000
x25519_frodo640aes,falcon512,pqc-hybrid,pqc,off,5.780000,0 - default,9648,9752,655,13596.000000,13200.000000,1.030000,1162,1157,180,2686,1741,14,15,13339,14133,10039,12429,2747,1161,27426,11,10,3,3,1.152000,1.172000,4.586000,0.891000,0.063000,0.303000,0.736000,0.965000,0.012000,0.249000,0.487000,2.887000
x25519_frodo640aes,falcon1024,pqc-hybrid,pqc,off,6.550000,0 - default,9648,9752,1273,15736.000000,13200.000000,1.192121,1162,1157,180,4900,3253,14,17,13339,16347,10039,14569,2747,1161,29640,11,10,5,3,1.222000,1.242000,5.291000,0.963000,0.050000,0.333000,0.846000,1.079000,0.011000,0.476000,0.735000,3.292000
x25519_frodo640aes,p256_falcon512,pqc-hybrid,pqc-hybrid,off,6.040000,0 - default,9648,9752,730,12653.000000,13200.000000,0.958561,1162,1157,180,2943,1885,14,15,13339,13190,10039,12648,2747,0,26483,11,9,4,3,1.155000,1.176000,4.400000,0.845000,0.052000,0.698000,0.731000,0.951000,0.011000,0.490000,0.729000,3.057000
x25519_frodo640aes,rsa3072_falcon512,pqc-hybrid,pqc-hybrid,off,8.150000,0 - default,9648,9752,1042,13617.000000,13200.000000,1.031591,1162,1157,180,3944,2532,14,16,13339,14191,10039,13612,2747,0,27484,11,9,5,3,1.156000,1.176000,6.583000,0.794000,0.046000,0.671000,0.751000,0.971000,0.011000,2.736000,2.983000,5.268000
x25519_frodo640aes,falconpadded512,pqc-hybrid,pqc,off,5.770000,0 - default,9648,9752,666,12454.000000,13200.000000,0.943485,1162,1157,180,2706,1750,14,14,13339,12953,10039,12449,2747,0,26246,11,9,3,3,1.154000,1.174000,4.601000,0.810000,0.046000,0.296000,0.725000,0.954000,0.012000,0.252000,0.508000,2.797000
x25519_frodo640aes,p256_falconpadded512,pqc-hybrid,pqc-hybrid,off,5.840000,0 - default,9648,9752,741,12674.000000,13200.000000,0.960152,1162,1157,180,2964,1895,14,15,13339,13211,10039,12669,2747,0,26504,11,9,4,3,1.173000,1.192000,4.220000,0.774000,0.046000,0.703000,0.735000,0.958000,0.012000,0.476000,0.714000,2.972000
x25519_frodo640aes,rsa3072_falconpadded512,pqc-hybrid,pqc-hybrid,off,8.150000,0 - default,9648,9752,1054,13637.000000,13200.000000,1.033106,1162,1157,180,3964,2540,14,16,13339,14211,10039,13632,2747,0,27504,11,9,5,3,1.165000,1.185000,6.569000,0.782000,0.049000,0.680000,0.734000,0.956000,0.012000,2.762000,3.006000,5.258000
x25519_frodo640aes,p521_falcon1024,pqc-hybrid,pqc-hybrid,off,9.530000,0 - default,9648,9752,1409,14987.000000,13200.000000,1.135379,1162,1157,180,5351,3530,14,17,13339,15598,10039,14982,2747,0,28891,11,9,6,3,1.152000,1.172000,6.365000,0.823000,0.062000,2.143000,0.734000,0.959000,0.011000,2.518000,2.766000,5.073000
x25519_frodo640aes,falconpadded1024,pqc-hybrid,pqc,off,6.040000,0 - default,9648,9752,1280,14588.000000,13200.000000,1.105152,1162,1157,180,4952,3260,14,17,13339,15199,10039,14583,2747,0,28492,11,9,6,3,1.171000,1.192000,4.778000,0.761000,0.056000,0.332000,0.727000,0.954000,0.016000,0.477000,0.725000,2.951000
x25519_frodo640aes,p521_falconpadded1024,pqc-hybrid,pqc-hybrid,off,10.190000,0 - default,9648,9752,1423,16172.000000,13200.000000,1.225152,1162,1157,180,5374,3539,14,18,13339,16821,10039,15005,2747,1161,30114,11,10,6,3,1.229000,1.250000,6.942000,0.990000,0.056000,2.152000,0.873000,1.105000,0.013000,2.531000,2.779000,5.402000
x25519_frodo640aes,sphincssha2128fsimple,pqc-hybrid,pqc,off,13.450000,0 - default,9648,9752,17088,22051.000000,13200.000000,1.670530,1162,1157,306,35891,17305,17,42,13465,46138,10039,44598,2747,0,59557,11,9,31,6,1.163000,1.183000,11.397000,0.776000,0.066000,0.783000,0.726000,0.947000,0.033000,7.075000,7.393000,9.638000
x25519_frodo640aes,p256_sphincssha2128fsimple,pqc-hybrid,pqc-hybrid,off,13.930000,0 - default,9648,9752,17163,23176.000000,13200.000000,1.755758,1162,1157,306,36112,17451,17,43,13465,46399,10039,44819,2747,1,59818,11,10,31,6,1.166000,1.186000,11.368000,0.888000,0.061000,1.191000,0.742000,0.964000,0.028000,7.302000,7.610000,10.021000
x25519_frodo640aes,rsa3072_sphincssha2128fsimple,pqc-hybrid,pqc-hybrid,off,15.920000,0 - default,9648,9752,17476,23176.000000,13200.000000,1.755758,1162,1157,306,37156,18100,17,45,13465,47443,10039,45788,2747,1,60862,11,10,33,6,1.173000,1.199000,13.458000,0.894000,0.066000,1.159000,0.733000,0.959000,0.037000,9.553000,9.880000,12.281000
x25519_frodo640aes,sphincssha2128ssimple,pqc-hybrid,pqc,off,152.590000,0 - default,9648,9752,7856,11584.000000,12000.000000,0.965333,1162,1157,222,16722,8072,14,26,12181,26969,10039,26021,1590,0,39104,10,9,15,4,1.148000,1.169000,150.831000,0.853000,0.072000,0.455000,0.732000,0.955000,0.012000,146.343000,146.625000,149.039000
x25519_frodo640aes,p256_sphincssha2128ssimple,pqc-hybrid,pqc-hybrid,off,152.930000,0 - default,9648,9752,7930,11584.000000,12000.000000,0.965333,1162,1157,222,16942,8218,14,26,12181,27189,10039,26241,1590,0,39324,10,9,15,4,1.161000,1.181000,150.624000,0.847000,0.075000,0.893000,0.735000,0.964000,0.012000,146.685000,146.963000,149.378000
x25519_frodo640aes,rsa3072_sphincssha2128ssimple,pqc-hybrid,pqc-hybrid,off,155.230000,0 - default,9648,9752,8244,11584.000000,12000.000000,0.965333,1162,1157,222,17950,8868,14,27,12181,28197,10039,27212,1590,0,40332,10,9,16,4,1.166000,1.186000,153.017000,0.930000,0.072000,0.848000,0.739000,0.958000,0.012000,149.051000,149.325000,151.804000
x25519_frodo640aes,sphincssha2192fsimple,pqc-hybrid,pqc,off,19.060000,0 - default,9648,9752,35664,20888.000000,13200.000000,1.582424,1162,1157,432,74467,35897,20,74,13591,84714,10039,81990,2747,0,98259,11,9,63,9,1.170000,1.190000,16.198000,0.764000,0.096000,1.074000,0.727000,0.951000,0.048000,11.935000,13.698000,14.514000
x25519_frodo640aes,p384_sphincssha2192fsimple,pqc-hybrid,pqc-hybrid,off,21.030000,0 - default,9648,9752,35771,24339.000000,13200.000000,1.843864,1162,1157,432,74823,36108,20,76,13591,85110,10039,82308,2747,1,98655,11,10,64,9,1.164000,1.184000,17.014000,0.918000,0.100000,2.057000,0.747000,0.972000,0.045000,12.942000,14.894000,15.761000
x25519_frodo640aes,sphincssha2192ssimple,pqc-hybrid,pqc,off,271.500000,0 - default,9648,9752,16224,11584.000000,12000.000000,0.965333,1162,1157,348,34091,16457,17,40,12307,44338,10039,42872,1590,0,56599,10,9,29,7,1.162000,1.182000,269.450000,0.897000,0.074000,0.583000,0.731000,0.951000,0.030000,264.998000,265.323000,267.746000
x25519_frodo640aes,p384_sphincssha2192ssimple,pqc-hybrid,pqc-hybrid,off,273.000000,0 - default,9648,9752,16331,11584.000000,12000.000000,0.965333,1162,1157,264,34452,16667,15,41,12223,44699,10039,43196,1590,0,56876,10,9,30,5,1.171000,1.191000,269.829000,0.888000,0.073000,1.582000,0.734000,0.956000,0.033000,265.778000,266.098000,268.519000
x25519_frodo640aes,sphincssha2256fsimple,pqc-hybrid,pqc,off,32.000000,0 - default,9648,9752,49856,22051.000000,13200.000000,1.670530,1162,1157,562,103967,50105,23,99,13721,114214,10039,110565,2747,0,127889,11,9,88,12,1.157000,1.177000,28.897000,0.794000,0.106000,1.077000,0.731000,0.952000,0.070000,24.430000,26.775000,27.097000
x25519_frodo640aes,p521_sphincssha2256fsimple,pqc-hybrid,pqc-hybrid,off,35.600000,0 - default,9648,9752,49999,20888.000000,13200.000000,1.582424,1162,1157,562,104430,50387,23,100,13721,114677,10039,110990,2747,0,128352,11,9,89,12,1.170000,1.191000,30.528000,0.816000,0.104000,2.861000,0.744000,0.967000,0.069000,26.515000,29.020000,29.257000
x25519_frodo640aes,sphincssha2256ssimple,pqc-hybrid,pqc,off,246.970000,0 - default,9648,9752,29792,11584.000000,12000.000000,0.965333,1162,1157,348,62299,30041,17,64,12307,72546,10039,70192,1590,0,84807,10,9,53,7,1.161000,1.180000,244.468000,0.954000,0.102000,0.707000,0.730000,0.953000,0.045000,239.820000,240.200000,242.742000
x25519_frodo640aes,p521_sphincssha2256ssimple,pqc-hybrid,pqc-hybrid,off,250.720000,0 - default,9648,9752,29934,11584.000000,12000.000000,0.965333,1162,1157,390,62724,30324,18,64,12349,72971,10039,70617,1590,0,85274,10,9,53,8,1.145000,1.165000,246.176000,0.874000,0.097000,2.494000,0.731000,0.957000,0.048000,242.209000,242.578000,244.985000
x25519_frodo640aes,sphincsshake128fsimple,pqc-hybrid,pqc,off,22.520000,0 - default,9648,9752,17088,23176.000000,13200.000000,1.755758,1162,1157,264,35891,17305,16,43,13423,46178,10039,44598,2747,1,59555,11,10,31,5,1.161000,1.181000,19.908000,0.910000,0.071000,1.318000,0.734000,0.964000,0.031000,15.248000,15.580000,18.016000
x25519_frodo640aes,p256_sphincsshake128fsimple,pqc-hybrid,pqc-hybrid,off,22.720000,0 - default,9648,9752,17163,20888.000000,13200.000000,1.582424,1162,1157,306,36148,17449,17,43,13465,46395,10039,44817,2747,0,59814,11,9,32,6,1.167000,1.188000,19.628000,0.866000,0.068000,1.696000,0.745000,0.965000,0.030000,15.472000,15.788000,18.161000
x25519_frodo640aes,rsa3072_sphincsshake128fsimple,pqc-hybrid,pqc-hybrid,off,24.660000,0 - default,9648,9752,17476,20888.000000,13200.000000,1.582424,1162,1157,306,37156,18100,17,44,13465,47403,10039,45788,2747,0,60822,11,9,33,6,1.163000,1.183000,21.613000,0.782000,0.066000,1.709000,0.735000,0.964000,0.037000,17.673000,18.016000,20.323000
x25519_frodo640aes,sphincsshake128ssimple,pqc-hybrid,pqc,off,322.230000,0 - default,9648,9752,7856,11584.000000,12000.000000,0.965333,1162,1157,222,16723,8073,14,26,12181,26970,10039,26022,1590,0,39105,10,9,15,4,1.155000,1.175000,320.228000,0.892000,0.078000,0.682000,0.728000,0.954000,0.011000,315.684000,315.969000,318.422000
x25519_frodo640aes,p256_sphincsshake128ssimple,pqc-hybrid,pqc-hybrid,off,322.790000,0 - default,9648,9752,7931,11584.000000,12000.000000,0.965333,1162,1157,222,16943,8218,14,26,12181,27190,10039,26242,1590,0,39325,10,9,15,4,1.157000,1.177000,320.302000,0.816000,0.071000,1.078000,0.727000,0.954000,0.011000,316.382000,316.653000,318.968000
x25519_frodo640aes,rsa3072_sphincsshake128ssimple,pqc-hybrid,pqc-hybrid,off,324.650000,0 - default,9648,9752,8244,11584.000000,12000.000000,0.965333,1162,1157,222,17950,8868,14,27,12181,28197,10039,27212,1590,0,40332,10,9,16,4,1.157000,1.177000,322.200000,0.952000,0.084000,1.088000,0.731000,0.959000,0.012000,318.171000,318.478000,321.013000
x25519_frodo640aes,sphincsshake192fsimple,pqc-hybrid,pqc,off,32.700000,0 - default,9648,9752,35664,20888.000000,13200.000000,1.582424,1162,1157,474,74505,35897,21,75,13633,84752,10039,81990,2747,0,98339,11,9,64,10,1.148000,1.168000,28.956000,0.801000,0.105000,1.841000,0.727000,0.950000,0.047000,24.570000,26.375000,27.184000
x25519_frodo640aes,p384_sphincsshake192fsimple,pqc-hybrid,pqc-hybrid,off,34.180000,0 - default,9648,9752,35772,22051.000000,13200.000000,1.670530,1162,1157,432,74824,36108,20,75,13591,85071,10039,82309,2747,0,98616,11,9,64,9,1.151000,1.172000,29.389000,0.777000,0.108000,2.854000,0.745000,0.968000,0.043000,25.526000,27.289000,28.145000
x25519_frodo640aes,sphincsshake192ssimple,pqc-hybrid,pqc,off,573.970000,0 - default,9648,9752,16224,11584.000000,12000.000000,0.965333,1162,1157,264,34091,16457,15,40,12223,44338,10039,42872,1590,0,56515,10,9,29,5,1.152000,1.172000,571.699000,0.828000,0.084000,0.831000,0.729000,0.951000,0.029000,567.233000,567.568000,569.955000
x25519_frodo640aes,p384_sphincsshake192ssimple,pqc-hybrid,pqc-hybrid,off,575.430000,0 - default,9648,9752,16331,11584.000000,12000.000000,0.965333,1162,1157,264,34454,16669,15,41,12223,44701,10039,43198,1590,0,56878,10,9,30,5,1.162000,1.183000,571.950000,0.898000,0.086000,1.861000,0.774000,1.003000,0.030000,567.542000,567.878000,570.423000
x25519_frodo640aes,sphincsshake256fsimple,pqc-hybrid,pqc,off,59.640000,0 - default,9648,9752,49856,22051.000000,13200.000000,1.670530,1162,1157,562,104005,50105,23,100,13721,114252,10039,110565,2747,0,127927,11,9,89,12,1.159000,1.178000,55.691000,0.823000,0.112000,1.905000,0.735000,0.968000,0.069000,51.201000,53.612000,53.937000
x25519_frodo640aes,p521_sphincsshake256fsimple,pqc-hybrid,pqc-hybrid,off,63.180000,0 - default,9648,9752,49997,23176.000000,13200.000000,1.755758,1162,1157,562,104428,50387,23,101,13721,114715,10039,110988,2747,1,128390,11,10,89,12,1.146000,1.167000,57.355000,0.890000,0.113000,3.641000,0.741000,0.963000,0.058000,53.303000,55.830000,56.087000
x25519_frodo640aes,sphincsshake256ssimple,pqc-hybrid,pqc,off,490.520000,0 - default,9648,9752,29792,11584.000000,12000.000000,0.965333,1162,1157,348,62299,30041,17,64,12307,72546,10039,70192,1590,0,84807,10,9,53,7,1.168000,1.187000,487.595000,0.917000,0.106000,1.089000,0.726000,0.946000,0.044000,482.828000,483.214000,485.952000
x25519_frodo640aes,p521_sphincsshake256ssimple,pqc-hybrid,pqc-hybrid,off,494.240000,0 - default,9648,9752,29935,11584.000000,12000.000000,0.965333,1162,1157,348,62763,30324,17,65,12307,73010,10039,70618,1590,0,85271,10,9,54,7,1.151000,1.172000,489.324000,0.942000,0.106000,2.908000,0.728000,0.953000,0.042000,485.080000,485.471000,488.027000
x25519_frodo640aes,ED25519,pqc-hybrid,classic,off,5.090000,0 - default,9648,9752,64,11583.000000,13200.000000,0.877500,1162,1157,138,540,270,13,13,13241,12046,10039,10357,2691,1220,25241,11,10,1,2,1.167000,1.187000,4.112000,0.889000,0.049000,0.176000,0.732000,0.814000,0.011000,0.035000,0.070000,3.364000
x25519_frodo640aes,ED448,pqc-hybrid,classic,off,5.280000,0 - default,9648,9752,114,11654.000000,13200.000000,0.882879,1162,1157,138,707,345,13,14,13241,12154,10039,10487,2691,1161,25349,11,10,2,2,1.154000,1.174000,4.163000,0.810000,0.045000,0.301000,0.733000,0.812000,0.011000,0.211000,0.245000,3.594000
frodo640shake,MLDSA44,pqc,pqc,off,6.510000,0 - default,9616,9720,2420,17539.000000,13200.000000,1.328712,1162,1157,180,6809,3931,14,19,13339,18224,10007,16372,2779,1161,31517,11,10,7,3,1.221000,1.241000,5.398000,1.334000,0.050000,0.203000,1.279000,1.365000,0.012000,0.326000,0.372000,3.567000
frodo640shake,MLDSA65,pqc,pqc,off,7.670000,0 - default,9616,9720,3309,19967.000000,13200.000000,1.512652,1162,1157,180,9311,5460,14,21,13339,20726,10007,18800,2779,1161,34019,11,10,9,3,1.210000,1.231000,6.419000,1.467000,0.062000,0.273000,1.289000,1.379000,0.014000,1.257000,1.317000,4.681000
frodo640shake,MLDSA87,pqc,pqc,off,7.350000,0 - default,9616,9720,4627,22013.000000,13200.000000,1.667652,1162,1157,222,12713,7418,15,24,13381,22968,10007,22091,2779,1,36303,11,10,12,4,1.224000,1.245000,5.934000,1.414000,0.053000,0.395000,1.283000,1.368000,0.013000,0.772000,0.837000,4.127000
frodo640shake,p256_mldsa44,pqc,pqc-hybrid,off,8.010000,0 - default,9616,9720,2495,17747.000000,13200.000000,1.344470,1162,1157,180,7055,4064,14,20,13339,18470,10007,16580,2779,1161,31763,11,10,8,3,1.206000,1.226000,5.900000,1.450000,0.058000,1.115000,1.281000,1.510000,0.013000,0.331000,0.575000,4.056000
frodo640shake,rsa3072_mldsa44,pqc,pqc-hybrid,off,10.210000,0 - default,9616,9720,2808,18710.000000,13200.000000,1.417424,1162,1157,180,8055,4709,14,21,13339,19470,10007,17543,2779,1161,32763,11,10,9,3,1.207000,1.228000,8.161000,1.383000,0.053000,1.099000,1.275000,1.501000,0.012000,2.711000,2.962000,6.365000
frodo640shake,p384_mldsa65,pqc,pqc-hybrid,off,9.440000,0 - default,9616,9720,3417,20271.000000,13200.000000,1.535682,1162,1157,180,9653,5656,14,22,13339,21068,10007,19104,2779,1161,34361,11,10,10,3,1.203000,1.223000,6.666000,1.525000,0.058000,1.733000,1.273000,1.496000,0.012000,1.097000,1.346000,4.877000
frodo640shake,p521_mldsa87,pqc,pqc-hybrid,off,11.380000,0 - default,9616,9720,4769,22013.000000,13200.000000,1.667652,1162,1157,222,13121,7684,15,24,13381,23376,10007,22499,2779,1,36711,11,10,12,4,1.216000,1.236000,7.688000,1.455000,0.063000,2.578000,1.264000,1.487000,0.013000,2.222000,2.486000,5.941000
frodo640shake,falcon512,pqc,pqc,off,6.900000,0 - default,9616,9720,655,13564.000000,13200.000000,1.027576,1162,1157,180,2686,1741,14,15,13339,14101,10007,12397,2779,1161,27394,11,10,3,3,1.227000,1.247000,5.714000,1.414000,0.052000,0.295000,1.274000,1.527000,0.012000,0.255000,0.498000,3.943000
frodo640shake,falcon1024,pqc,pqc,off,7.210000,0 - default,9616,9720,1271,15702.000000,13200.000000,1.189545,1162,1157,180,4898,3253,14,17,13339,16313,10007,14535,2779,1161,29606,11,10,5,3,1.207000,1.228000,5.970000,1.395000,0.055000,0.327000,1.278000,1.511000,0.012000,0.485000,0.727000,4.155000
frodo640shake,p256_falcon512,pqc,pqc-hybrid,off,8.200000,0 - default,9616,9720,731,13784.000000,13200.000000,1.044242,1162,1157,180,2944,1885,14,16,13339,14359,10007,12617,2779,1161,27652,11,10,4,3,1.228000,1.250000,5.979000,1.394000,0.065000,1.210000,1.275000,1.503000,0.014000,0.500000,0.742000,4.183000
frodo640shake,rsa3072_falcon512,pqc,pqc-hybrid,off,10.210000,0 - default,9616,9720,1043,14748.000000,13200.000000,1.117273,1162,1157,180,3945,2532,14,17,13339,15360,10007,13581,2779,1161,28653,11,10,5,3,1.206000,1.227000,8.190000,1.395000,0.053000,1.102000,1.268000,1.493000,0.013000,2.734000,2.980000,6.404000
frodo640shake,falconpadded512,pqc,pqc,off,7.050000,0 - default,9616,9720,666,13584.000000,13200.000000,1.029091,1162,1157,180,2706,1750,14,15,13339,14121,10007,12417,2779,1161,27414,11,10,3,3,1.220000,1.240000,5.871000,1.490000,0.054000,0.285000,1.273000,1.532000,0.012000,0.254000,0.490000,4.018000
frodo640shake,p256_falconpadded512,pqc,pqc-hybrid,off,7.920000,0 - default,9616,9720,741,13804.000000,13200.000000,1.045758,1162,1157,180,2964,1895,14,16,13339,14379,10007,12637,2779,1161,27672,11,10,4,3,1.203000,1.224000,5.819000,1.358000,0.057000,1.134000,1.268000,1.500000,0.012000,0.495000,0.733000,4.122000
frodo640shake,rsa3072_falconpadded512,pqc,pqc-hybrid,off,10.210000,0 - default,9616,9720,1054,14767.000000,13200.000000,1.118712,1162,1157,180,3964,2540,14,17,13339,15379,10007,13600,2779,1161,28672,11,10,5,3,1.210000,1.231000,8.180000,1.350000,0.057000,1.108000,1.271000,1.499000,0.013000,2.789000,3.032000,6.402000
frodo640shake,p521_falcon1024,pqc,pqc-hybrid,off,11.600000,0 - default,9616,9720,1415,16123.000000,13200.000000,1.221439,1162,1157,180,5357,3530,14,18,13339,16772,10007,14956,2779,1161,30065,11,10,6,3,1.208000,1.228000,8.002000,1.522000,0.054000,2.560000,1.268000,1.495000,0.012000,2.556000,2.801000,6.328000
frodo640shake,falconpadded1024,pqc,pqc,off,7.190000,0 - default,9616,9720,1280,15718.000000,13200.000000,1.190758,1162,1157,180,4914,3260,14,17,13339,16329,10007,14551,2779,1161,29622,11,10,5,3,1.200000,1.220000,5.944000,1.517000,0.053000,0.328000,1.275000,1.503000,0.012000,0.475000,0.722000,4.257000
frodo640shake,p521_falconpadded1024,pqc,pqc-hybrid,off,11.660000,0 - default,9616,9720,1423,16140.000000,13200.000000,1.222727,1162,1157,180,5374,3539,14,18,13339,16789,10007,14973,2779,1161,30082,11,10,6,3,1.208000,1.229000,8.055000,1.531000,0.064000,2.572000,1.273000,1.506000,0.012000,2.562000,2.806000,6.353000
frodo640shake,sphincssha2128fsimple,pqc,pqc,off,14.630000,0 - default,9616,9720,17088,23176.000000,13200.000000,1.755758,1162,1157,306,35891,17305,17,43,13465,46146,10007,44566,2779,1,59565,11,10,31,6,1.208000,1.228000,12.560000,1.429000,0.076000,0.786000,1.271000,1.497000,0.036000,7.070000,7.384000,10.817000
frodo640shake,p256_sphincssha2128fsimple,pqc,pqc-hybrid,off,15.900000,0 - default,9616,9720,17164,23176.000000,13200.000000,1.755758,1162,1157,306,36113,17451,17,43,13465,46368,10007,44788,2779,1,59787,11,10,31,6,1.224000,1.244000,12.882000,1.445000,0.077000,1.609000,1.271000,1.505000,0.034000,7.296000,7.614000,11.090000
frodo640shake,rsa3072_sphincssha2128fsimple,pqc,pqc-hybrid,off,18.090000,0 - default,9616,9720,17476,23176.000000,13200.000000,1.755758,1162,1157,306,37118,18100,17,44,13465,47373,10007,45756,2779,1,60792,11,10,32,6,1.215000,1.235000,15.094000,1.396000,0.083000,1.600000,1.274000,1.496000,0.038000,9.578000,9.901000,13.335000
frodo640shake,sphincssha2128ssimple,pqc,pqc,off,153.840000,0 - default,9616,9720,7856,11584.000000,12000.000000,0.965333,1162,1157,222,16722,8072,14,26,12181,26937,10007,25989,1622,0,39072,10,9,15,4,1.209000,1.228000,151.981000,1.392000,0.089000,0.474000,1.277000,1.509000,0.012000,146.508000,146.795000,150.313000
frodo640shake,p256_sphincssha2128ssimple,pqc,pqc-hybrid,off,155.090000,0 - default,9616,9720,7930,11584.000000,12000.000000,0.965333,1162,1157,222,16942,8218,14,26,12181,27157,10007,26209,1622,0,39292,10,9,15,4,1.225000,1.244000,152.299000,1.521000,0.084000,1.347000,1.275000,1.504000,0.012000,146.525000,146.815000,150.463000
frodo640shake,rsa3072_sphincssha2128ssimple,pqc,pqc-hybrid,off,156.990000,0 - default,9616,9720,8244,11584.000000,12000.000000,0.965333,1162,1157,222,17950,8868,14,27,12181,28165,10007,27180,1622,0,40300,10,9,16,4,1.202000,1.222000,154.427000,1.486000,0.070000,1.277000,1.264000,1.493000,0.012000,148.996000,149.270000,152.779000
frodo640shake,sphincssha2192fsimple,pqc,pqc,off,20.560000,0 - default,9616,9720,35664,22013.000000,13200.000000,1.667652,1162,1157,432,74467,35897,20,75,13591,84722,10007,81958,2779,1,98267,11,10,63,9,1.206000,1.226000,17.601000,1.523000,0.091000,1.064000,1.276000,1.501000,0.053000,11.937000,14.521000,15.838000
frodo640shake,p384_sphincssha2192fsimple,pqc,pqc-hybrid,off,23.280000,0 - default,9616,9720,35771,25502.000000,13200.000000,1.931970,1162,1157,432,74785,36108,20,75,13591,85040,10007,82276,2779,1,98585,11,10,63,9,1.211000,1.233000,18.731000,1.554000,0.105000,2.510000,1.286000,1.518000,0.052000,12.896000,15.520000,16.959000
frodo640shake,sphincssha2192ssimple,pqc,pqc,off,272.140000,0 - default,9616,9720,16224,11584.000000,12000.000000,0.965333,1162,1157,264,34091,16457,15,40,12223,44306,10007,42840,1622,0,56483,10,9,29,5,1.216000,1.236000,270.161000,1.557000,0.085000,0.576000,1.277000,1.506000,0.035000,264.423000,264.749000,268.396000
frodo640shake,p384_sphincssha2192ssimple,pqc,pqc-hybrid,off,274.970000,0 - default,9616,9720,16331,11584.000000,12000.000000,0.965333,1162,1157,306,34452,16667,16,41,12265,44667,10007,43164,1622,0,56886,10,9,30,6,1.206000,1.226000,271.272000,1.495000,0.087000,2.029000,1.266000,1.493000,0.034000,265.403000,265.738000,269.512000
frodo640shake,sphincssha2256fsimple,pqc,pqc,off,33.330000,0 - default,9616,9720,49856,23176.000000,13200.000000,1.755758,1162,1157,562,103967,50105,23,100,13721,114222,10007,110533,2779,1,127897,11,10,88,12,1.213000,1.234000,30.101000,1.450000,0.109000,1.073000,1.277000,1.507000,0.071000,24.386000,27.620000,28.299000
frodo640shake,p521_sphincssha2256fsimple,pqc,pqc-hybrid,off,37.670000,0 - default,9616,9720,49999,24339.000000,13200.000000,1.843864,1162,1157,604,104430,50387,24,101,13763,114685,10007,110958,2779,1,128402,11,10,89,13,1.217000,1.237000,32.015000,1.383000,0.118000,3.287000,1.273000,1.495000,0.068000,26.477000,29.697000,30.331000
frodo640shake,sphincssha2256ssimple,pqc,pqc,off,247.600000,0 - default,9616,9720,29792,11584.000000,12000.000000,0.965333,1162,1157,432,62299,30041,19,64,12391,72514,10007,70160,1622,0,84859,10,9,53,9,1.226000,1.246000,245.054000,1.563000,0.102000,0.715000,1.274000,1.497000,0.047000,239.207000,239.600000,243.292000
frodo640shake,p521_sphincssha2256ssimple,pqc,pqc-hybrid,off,252.620000,0 - default,9616,9720,29934,11584.000000,12000.000000,0.965333,1162,1157,348,62724,30324,17,64,12307,72939,10007,70585,1622,0,85200,10,9,53,7,1.231000,1.252000,247.602000,1.476000,0.114000,2.969000,1.269000,1.501000,0.047000,241.773000,242.163000,245.790000
frodo640shake,sphincsshake128fsimple,pqc,pqc,off,23.440000,0 - default,9616,9720,17088,23176.000000,13200.000000,1.755758,1162,1157,264,35891,17305,16,43,13423,46146,10007,44566,2779,1,59523,11,10,31,5,1.223000,1.243000,20.842000,1.466000,0.079000,1.326000,1.279000,1.516000,0.036000,15.172000,15.495000,19.008000
frodo640shake,p256_sphincsshake128fsimple,pqc,pqc-hybrid,off,24.730000,0 - default,9616,9720,17164,24339.000000,13200.000000,1.843864,1162,1157,264,36149,17449,16,44,13423,46404,10007,44786,2779,1,59781,11,10,32,5,1.207000,1.227000,21.091000,1.504000,0.086000,2.215000,1.297000,1.526000,0.029000,15.456000,15.793000,19.429000
frodo640shake,rsa3072_sphincsshake128fsimple,pqc,pqc-hybrid,off,26.630000,0 - default,9616,9720,17476,23176.000000,13200.000000,1.755758,1162,1157,306,37156,18100,17,45,13465,47411,10007,45756,2779,1,60830,11,10,33,6,1.204000,1.224000,23.216000,1.458000,0.080000,2.102000,1.275000,1.500000,0.036000,17.726000,18.056000,21.537000
frodo640shake,sphincsshake128ssimple,pqc,pqc,off,323.670000,0 - default,9616,9720,7856,11584.000000,12000.000000,0.965333,1162,1157,222,16723,8073,14,26,12181,26938,10007,25990,1622,0,39073,10,9,15,4,1.207000,1.227000,321.632000,1.484000,0.085000,0.677000,1.275000,1.503000,0.012000,315.886000,316.172000,319.796000
frodo640shake,p256_sphincsshake128ssimple,pqc,pqc-hybrid,off,323.710000,0 - default,9616,9720,7931,11584.000000,12000.000000,0.965333,1162,1157,264,16943,8218,15,26,12223,27158,10007,26210,1622,0,39335,10,9,15,5,1.206000,1.227000,320.760000,1.514000,0.082000,1.533000,1.274000,1.497000,0.013000,315.207000,315.492000,319.119000
frodo640shake,rsa3072_sphincsshake128ssimple,pqc,pqc-hybrid,off,326.580000,0 - default,9616,9720,8244,11584.000000,12000.000000,0.965333,1162,1157,222,17950,8868,14,27,12181,28165,10007,27180,1622,0,40300,10,9,16,4,1.207000,1.227000,323.648000,1.472000,0.086000,1.537000,1.270000,1.497000,0.013000,317.979000,318.274000,321.868000
frodo640shake,sphincsshake192fsimple,pqc,pqc,off,33.780000,0 - default,9616,9720,35664,22013.000000,13200.000000,1.667652,1162,1157,432,74505,35897,20,76,13591,84760,10007,81958,2779,1,98305,11,10,64,9,1.210000,1.230000,30.068000,1.435000,0.096000,1.843000,1.272000,1.497000,0.051000,24.516000,26.992000,28.309000
frodo640shake,p384_sphincsshake192fsimple,pqc,pqc-hybrid,off,36.440000,0 - default,9616,9720,35771,23176.000000,13200.000000,1.755758,1162,1157,474,74823,36108,21,76,13633,85078,10007,82276,2779,1,98665,11,10,64,10,1.208000,1.228000,31.206000,1.430000,0.094000,3.202000,1.271000,1.515000,0.051000,25.448000,27.905000,29.273000
frodo640shake,sphincsshake192ssimple,pqc,pqc,off,574.910000,0 - default,9616,9720,16224,11584.000000,12000.000000,0.965333,1162,1157,264,34091,16457,15,40,12223,44306,10007,42840,1622,0,56483,10,9,29,5,1.203000,1.223000,572.590000,1.457000,0.097000,0.842000,1.270000,1.498000,0.040000,566.990000,567.331000,570.891000
frodo640shake,p384_sphincsshake192ssimple,pqc,pqc-hybrid,off,576.880000,0 - default,9616,9720,16332,11584.000000,12000.000000,0.965333,1162,1157,306,34455,16669,16,41,12265,44670,10007,43167,1622,0,56889,10,9,30,6,1.214000,1.233000,572.929000,1.549000,0.098000,2.263000,1.273000,1.500000,0.035000,567.114000,567.461000,571.145000
frodo640shake,sphincsshake256fsimple,pqc,pqc,off,60.800000,0 - default,9616,9720,49856,23176.000000,13200.000000,1.755758,1162,1157,562,104005,50105,23,101,13721,114260,10007,110533,2779,1,127935,11,10,89,12,1.208000,1.228000,56.804000,1.455000,0.111000,1.834000,1.273000,1.496000,0.068000,51.230000,54.421000,55.082000
frodo640shake,p521_sphincsshake256fsimple,pqc,pqc-hybrid,off,65.190000,0 - default,9616,9720,49999,23176.000000,13200.000000,1.755758,1162,1157,562,104430,50387,23,101,13721,114685,10007,110958,2779,1,128360,11,10,89,12,1.207000,1.226000,58.923000,1.473000,0.111000,4.080000,1.290000,1.514000,0.067000,53.266000,56.361000,57.175000
frodo640shake,sphincsshake256ssimple,pqc,pqc,off,492.050000,0 - default,9616,9720,29792,11584.000000,12000.000000,0.965333,1162,1157,348,62299,30041,17,64,12307,72514,10007,70160,1622,0,84775,10,9,53,7,1.223000,1.243000,489.156000,1.434000,0.105000,1.048000,1.275000,1.500000,0.046000,483.223000,483.615000,487.360000
frodo640shake,p521_sphincsshake256ssimple,pqc,pqc-hybrid,off,495.620000,0 - default,9616,9720,29935,11584.000000,12000.000000,0.965333,1162,1157,348,62725,30324,17,64,12307,72940,10007,70586,1622,0,85201,10,9,53,7,1.204000,1.224000,490.408000,1.489000,0.104000,3.245000,1.269000,1.493000,0.042000,484.757000,485.134000,488.690000
frodo640shake,ED25519,pqc,classic,off,6.270000,0 - default,9616,9720,64,11584.000000,13200.000000,0.877576,1162,1157,138,578,270,13,14,13241,12084,10007,10325,2723,1252,25279,11,10,2,2,1.204000,1.225000,5.301000,1.361000,0.043000,0.178000,1.285000,1.369000,0.011000,0.036000,0.071000,4.364000
frodo640shake,ED448,pqc,classic,off,6.390000,0 - default,9616,9720,114,11622.000000,13200.000000,0.880455,1162,1157,138,744,345,13,15,13241,12159,10007,10454,2723,1161,25354,11,10,3,2,1.211000,1.231000,5.271000,1.435000,0.049000,0.291000,1.288000,1.367000,0.012000,0.210000,0.246000,4.764000
p256_frodo640shake,MLDSA44,pqc-hybrid,pqc,off,12.190000,0 - default,9681,9785,2420,17605.000000,13200.000000,1.333712,1162,1157,180,6847,3931,15,20,13369,18332,10072,16437,2714,1161,31620,11,10,8,3,5.802000,5.823000,11.060000,2.453000,0.046000,0.211000,1.401000,1.485000,0.011000,0.261000,0.310000,4.754000
p256_frodo640shake,MLDSA65,pqc-hybrid,pqc,off,12.470000,0 - default,9681,9785,3309,20033.000000,13200.000000,1.517652,1162,1157,180,9349,5460,15,22,13369,20834,10072,18865,2714,1161,34122,11,10,10,3,5.780000,5.800000,11.266000,2.385000,0.046000,0.282000,1.376000,1.459000,0.010000,0.666000,0.720000,5.062000
p256_frodo640shake,MLDSA87,pqc-hybrid,pqc,off,13.540000,0 - default,9681,9785,4627,23176.000000,13200.000000,1.755758,1162,1157,180,12713,7418,14,24,13339,24046,10072,22156,2714,1014,37339,11,10,12,3,5.755000,5.775000,12.199000,2.359000,0.045000,0.381000,1.378000,1.463000,0.011000,1.606000,1.670000,6.011000
p256_frodo640shake,p256_mldsa44,pqc-hybrid,pqc-hybrid,off,11.110000,0 - default,9681,9785,2494,17811.000000,13200.000000,1.349318,1162,1157,180,7016,4064,14,19,13339,18496,10072,16644,2714,1161,31789,11,10,7,3,5.761000,5.781000,9.603000,2.298000,0.052000,0.550000,1.394000,1.616000,0.010000,0.346000,0.600000,5.035000
p256_frodo640shake,rsa3072_mldsa44,pqc-hybrid,pqc-hybrid,off,14.510000,0 - default,9681,9785,2808,18776.000000,13200.000000,1.422424,1162,1157,180,8055,4709,15,21,13369,19540,10072,17608,2714,1161,32828,11,10,9,3,5.780000,5.800000,12.905000,2.370000,0.054000,0.672000,1.376000,1.601000,0.011000,2.584000,2.836000,7.309000
p256_frodo640shake,p384_mldsa65,pqc-hybrid,pqc-hybrid,off,18.290000,0 - default,9681,9785,3416,20335.000000,13200.000000,1.540530,1162,1157,180,9614,5656,14,21,13339,21094,10072,19168,2714,1161,34387,11,10,9,3,5.805000,5.825000,16.015000,2.445000,0.065000,1.153000,2.314000,2.715000,0.015000,1.794000,2.222000,8.112000
p256_frodo640shake,p521_mldsa87,pqc-hybrid,pqc-hybrid,off,14.840000,0 - default,9681,9785,4769,22013.000000,13200.000000,1.667652,1162,1157,222,13121,7684,15,24,13381,23441,10072,22564,2714,1,36776,11,10,12,4,5.786000,5.806000,11.659000,2.305000,0.057000,2.000000,1.370000,1.606000,0.011000,2.239000,2.503000,7.029000
p256_frodo640shake,falcon512,pqc-hybrid,pqc,off,12.580000,0 - default,9681,9785,657,13632.000000,13200.000000,1.032727,1162,1157,180,2726,1741,15,16,13369,14211,10072,12464,2714,1161,27499,11,10,4,3,5.770000,5.791000,11.347000,2.265000,0.046000,0.316000,1.370000,1.593000,0.011000,0.253000,0.489000,4.935000
p256_frodo640shake,falcon1024,pqc-hybrid,pqc,off,12.870000,0 - default,9681,9785,1274,15771.000000,13200.000000,1.194773,1162,1157,180,4939,3253,15,18,13369,16424,10072,14603,2714,1161,29712,11,10,6,3,5.788000,5.809000,11.635000,2.408000,0.050000,0.342000,1.387000,1.614000,0.011000,0.476000,0.720000,5.256000
p256_frodo640shake,p256_falcon512,pqc-hybrid,pqc-hybrid,off,11.230000,0 - default,9681,9785,729,13848.000000,13200.000000,1.049091,1162,1157,180,2942,1885,15,16,13369,14427,10072,12680,2714,1161,27715,11,10,4,3,5.747000,5.767000,9.732000,2.289000,0.050000,0.566000,1.395000,1.614000,0.010000,0.448000,0.698000,5.120000
p256_frodo640shake,rsa3072_falcon512,pqc-hybrid,pqc-hybrid,off,14.250000,0 - default,9681,9785,1045,14815.000000,13200.000000,1.122348,1162,1157,180,3909,2532,14,16,13339,15389,10072,13648,2714,1161,28682,11,10,4,3,5.791000,5.815000,12.637000,2.299000,0.058000,0.692000,1.385000,1.609000,0.012000,2.727000,2.981000,7.416000
p256_frodo640shake,falconpadded512,pqc-hybrid,pqc,off,12.450000,0 - default,9681,9785,666,13650.000000,13200.000000,1.034091,1162,1157,180,2744,1750,15,16,13369,14229,10072,12482,2714,1161,27517,11,10,4,3,5.771000,5.792000,11.271000,2.367000,0.052000,0.314000,1.374000,1.599000,0.011000,0.252000,0.488000,4.976000
p256_frodo640shake,p256_falconpadded512,pqc-hybrid,pqc-hybrid,off,11.440000,0 - default,9681,9785,742,13871.000000,13200.000000,1.050833,1162,1157,180,2965,1895,15,16,13369,14450,10072,12703,2714,1161,27738,11,10,4,3,5.780000,5.800000,9.954000,2.419000,0.051000,0.568000,1.386000,1.605000,0.012000,0.451000,0.705000,5.244000
p256_frodo640shake,rsa3072_falconpadded512,pqc-hybrid,pqc-hybrid,off,14.500000,0 - default,9681,9785,1054,14833.000000,13200.000000,1.123712,1162,1157,180,3964,2540,15,17,13369,15449,10072,13665,2714,1161,28737,11,10,5,3,5.771000,5.793000,12.919000,2.391000,0.051000,0.687000,1.376000,1.596000,0.010000,2.738000,2.981000,7.466000
p256_frodo640shake,p521_falcon1024,pqc-hybrid,pqc-hybrid,off,14.970000,0 - default,9681,9785,1411,16185.000000,13200.000000,1.226136,1162,1157,180,5353,3530,14,18,13339,16833,10072,15017,2714,1161,30126,11,10,6,3,5.769000,5.788000,11.982000,2.347000,0.054000,1.992000,1.377000,1.610000,0.011000,2.510000,2.759000,7.264000
p256_frodo640shake,falconpadded1024,pqc-hybrid,pqc,off,12.820000,0 - default,9681,9785,1280,15784.000000,13200.000000,1.195758,1162,1157,180,4952,3260,14,18,13339,16432,10072,14616,2714,1161,29725,11,10,6,3,5.790000,5.810000,11.581000,2.298000,0.052000,0.346000,1.384000,1.609000,0.011000,0.473000,0.716000,5.172000
p256_frodo640shake,p521_falconpadded1024,pqc-hybrid,pqc-hybrid,off,14.960000,0 - default,9681,9785,1423,16206.000000,13200.000000,1.227727,1162,1157,180,5374,3539,15,18,13369,16859,10072,15038,2714,1161,30147,11,10,6,3,5.789000,5.809000,11.963000,2.444000,0.054000,1.996000,1.364000,1.598000,0.015000,2.516000,2.770000,7.332000
p256_frodo640shake,sphincssha2128fsimple,pqc-hybrid,pqc,off,20.430000,0 - default,9681,9785,17088,22013.000000,13200.000000,1.667652,1162,1157,306,35891,17305,17,43,13465,46211,10072,44631,2714,1,59630,11,10,31,6,5.783000,5.803000,18.310000,2.460000,0.069000,0.800000,1.388000,1.612000,0.037000,7.079000,7.402000,11.998000
p256_frodo640shake,p256_sphincssha2128fsimple,pqc-hybrid,pqc-hybrid,off,19.290000,0 - default,9681,9785,17163,22013.000000,13200.000000,1.667652,1162,1157,306,36112,17451,17,43,13465,46432,10072,44852,2714,1,59851,11,10,31,6,5.796000,5.817000,16.841000,2.374000,0.069000,1.030000,1.366000,1.599000,0.031000,7.277000,7.596000,12.100000
p256_frodo640shake,rsa3072_sphincssha2128fsimple,pqc-hybrid,pqc-hybrid,off,22.320000,0 - default,9681,9785,17476,23176.000000,13200.000000,1.755758,1162,1157,306,37118,18100,17,44,13465,47438,10072,45821,2714,1,60857,11,10,32,6,5.791000,5.811000,19.781000,2.428000,0.085000,1.169000,1.383000,1.601000,0.035000,9.549000,9.881000,14.463000
p256_frodo640shake,sphincssha2128ssimple,pqc-hybrid,pqc,off,159.130000,0 - default,9681,9785,7856,11584.000000,12000.000000,0.965333,1162,1157,222,16722,8072,14,26,12181,27002,10072,26054,1557,0,39137,10,9,15,4,5.749000,5.769000,157.402000,2.430000,0.058000,0.463000,1.375000,1.603000,0.011000,146.323000,146.592000,151.151000
p256_frodo640shake,p256_sphincssha2128ssimple,pqc-hybrid,pqc-hybrid,off,158.430000,0 - default,9681,9785,7932,11584.000000,12000.000000,0.965333,1162,1157,222,16944,8218,14,26,12181,27224,10072,26276,1557,0,39359,10,9,15,4,5.834000,5.854000,156.330000,2.302000,0.064000,0.710000,1.380000,1.595000,0.011000,146.697000,146.972000,151.608000
p256_frodo640shake,rsa3072_sphincssha2128ssimple,pqc-hybrid,pqc-hybrid,off,161.460000,0 - default,9681,9785,8244,11584.000000,12000.000000,0.965333,1162,1157,222,17950,8868,14,27,12181,28230,10072,27245,1557,0,40365,10,9,16,4,5.891000,5.912000,159.211000,2.462000,0.081000,0.865000,1.387000,1.615000,0.013000,148.819000,149.111000,153.845000
p256_frodo640shake,sphincssha2192fsimple,pqc-hybrid,pqc,off,26.600000,0 - default,9681,9785,35664,23176.000000,13200.000000,1.755758,1162,1157,432,74467,35897,20,75,13591,84787,10072,82023,2714,1,98332,11,10,63,9,5.844000,5.864000,23.588000,2.551000,0.112000,1.062000,1.456000,1.693000,0.049000,11.947000,15.640000,17.175000
p256_frodo640shake,p384_sphincssha2192fsimple,pqc-hybrid,pqc-hybrid,off,26.250000,0 - default,9681,9785,35772,23176.000000,13200.000000,1.755758,1162,1157,474,74786,36108,21,75,13633,85106,10072,82342,2714,1,98693,11,10,63,10,5.800000,5.820000,22.345000,2.307000,0.091000,1.861000,1.376000,1.611000,0.052000,12.864000,16.202000,17.651000
p256_frodo640shake,sphincssha2192ssimple,pqc-hybrid,pqc,off,277.570000,0 - default,9681,9785,16224,11584.000000,12000.000000,0.965333,1162,1157,264,34091,16457,15,40,12223,44371,10072,42905,1557,0,56548,10,9,29,5,5.778000,5.798000,275.493000,2.382000,0.096000,0.573000,1.406000,1.631000,0.025000,264.273000,264.608000,269.241000
p256_frodo640shake,p384_sphincssha2192ssimple,pqc-hybrid,pqc-hybrid,off,278.600000,0 - default,9681,9785,16330,11584.000000,12000.000000,0.965333,1162,1157,306,34451,16667,16,41,12265,44731,10072,43228,1557,0,56950,10,9,30,6,5.809000,5.829000,275.500000,2.403000,0.092000,1.439000,1.377000,1.613000,0.031000,265.841000,266.184000,270.835000
p256_frodo640shake,sphincssha2256fsimple,pqc-hybrid,pqc,off,38.800000,0 - default,9681,9785,49856,23176.000000,13200.000000,1.755758,1162,1157,604,103967,50105,24,100,13763,114287,10072,110598,2714,1,128004,11,10,88,13,5.802000,5.822000,35.572000,2.344000,0.114000,1.061000,1.374000,1.601000,0.067000,24.392000,28.485000,29.250000
p256_frodo640shake,p521_sphincssha2256fsimple,pqc-hybrid,pqc-hybrid,off,40.930000,0 - default,9681,9785,49998,23176.000000,13200.000000,1.755758,1162,1157,604,104429,50387,24,101,13763,114749,10072,111022,2714,1,128466,11,10,89,13,5.818000,5.839000,35.841000,2.296000,0.123000,2.712000,1.373000,1.606000,0.068000,26.435000,30.537000,31.260000
p256_frodo640shake,sphincssha2256ssimple,pqc-hybrid,pqc,off,253.650000,0 - default,9681,9785,29792,11584.000000,12000.000000,0.965333,1162,1157,348,62299,30041,17,64,12307,72579,10072,70225,1557,0,84840,10,9,53,7,5.770000,5.790000,251.185000,2.375000,0.088000,0.686000,1.382000,1.607000,0.046000,239.957000,240.334000,244.885000
p256_frodo640shake,p521_sphincssha2256ssimple,pqc-hybrid,pqc-hybrid,off,255.850000,0 - default,9681,9785,29935,11584.000000,12000.000000,0.965333,1162,1157,348,62725,30324,17,64,12307,73005,10072,70651,1557,0,85266,10,9,53,7,5.786000,5.806000,251.483000,2.376000,0.099000,2.381000,1.366000,1.599000,0.041000,241.865000,242.236000,246.797000
p256_frodo640shake,sphincsshake128fsimple,pqc-hybrid,pqc,off,28.980000,0 - default,9681,9785,17088,22013.000000,13200.000000,1.667652,1162,1157,306,35891,17305,17,43,13465,46211,10072,44631,2714,1,59630,11,10,31,6,5.792000,5.812000,26.304000,2.278000,0.073000,1.318000,1.389000,1.616000,0.025000,15.185000,15.497000,19.926000
p256_frodo640shake,p256_sphincsshake128fsimple,pqc-hybrid,pqc-hybrid,off,27.750000,0 - default,9681,9785,17163,23176.000000,13200.000000,1.755758,1162,1157,306,36110,17449,17,43,13465,46430,10072,44850,2714,1,59849,11,10,31,6,5.792000,5.813000,24.788000,2.299000,0.077000,1.550000,1.371000,1.602000,0.029000,15.404000,15.716000,20.158000
p256_frodo640shake,rsa3072_sphincsshake128fsimple,pqc-hybrid,pqc-hybrid,off,30.970000,0 - default,9681,9785,17476,23176.000000,13200.000000,1.755758,1162,1157,306,37118,18100,17,44,13465,47438,10072,45821,2714,1,60857,11,10,32,6,5.741000,5.761000,27.930000,2.359000,0.073000,1.696000,1.379000,1.601000,0.034000,17.664000,17.991000,22.481000
p256_frodo640shake,sphincsshake128ssimple,pqc-hybrid,pqc,off,329.060000,0 - default,9681,9785,7856,11584.000000,12000.000000,0.965333,1162,1157,222,16723,8073,14,26,12181,27003,10072,26055,1557,0,39138,10,9,15,4,5.866000,5.886000,327.021000,2.477000,0.089000,0.677000,1.378000,1.603000,0.011000,315.742000,316.038000,320.723000
p256_frodo640shake,p256_sphincsshake128ssimple,pqc-hybrid,pqc-hybrid,off,327.750000,0 - default,9681,9785,7931,11584.000000,12000.000000,0.965333,1162,1157,222,16943,8218,14,26,12181,27223,10072,26275,1557,0,39358,10,9,15,4,5.792000,5.813000,325.396000,2.458000,0.077000,0.947000,1.395000,1.624000,0.011000,315.735000,316.019000,320.692000
p256_frodo640shake,rsa3072_sphincsshake128ssimple,pqc-hybrid,pqc-hybrid,off,330.640000,0 - default,9681,9785,8244,11584.000000,12000.000000,0.965333,1162,1157,222,17950,8868,14,27,12181,28230,10072,27245,1557,0,40365,10,9,16,4,5.773000,5.793000,328.171000,2.500000,0.088000,1.078000,1.375000,1.601000,0.011000,317.904000,318.194000,322.909000
p256_frodo640shake,sphincsshake192fsimple,pqc-hybrid,pqc,off,39.440000,0 - default,9681,9785,35664,23176.000000,13200.000000,1.755758,1162,1157,474,74467,35897,21,75,13633,84787,10072,82023,2714,1,98374,11,10,63,10,5.782000,5.802000,35.730000,2.386000,0.092000,1.814000,1.397000,1.621000,0.043000,24.561000,28.002000,29.449000
p256_frodo640shake,p384_sphincsshake192fsimple,pqc-hybrid,pqc-hybrid,off,39.580000,0 - default,9681,9785,35772,23176.000000,13200.000000,1.755758,1162,1157,474,74824,36108,21,76,13633,85144,10072,82342,2714,1,98731,11,10,64,10,5.756000,5.776000,34.808000,2.291000,0.103000,2.683000,1.371000,1.609000,0.048000,25.463000,28.792000,30.238000
p256_frodo640shake,sphincsshake192ssimple,pqc-hybrid,pqc,off,579.500000,0 - default,9681,9785,16224,11584.000000,12000.000000,0.965333,1162,1157,264,34091,16457,15,40,12223,44371,10072,42905,1557,0,56548,10,9,29,5,5.778000,5.797000,577.193000,2.393000,0.082000,0.837000,1.401000,1.624000,0.023000,565.945000,566.269000,570.855000
p256_frodo640shake,p384_sphincsshake192ssimple,pqc-hybrid,pqc-hybrid,off,580.720000,0 - default,9681,9785,16330,11584.000000,12000.000000,0.965333,1162,1157,306,34453,16669,16,41,12265,44733,10072,43230,1557,0,56952,10,9,30,6,5.925000,5.945000,577.333000,2.490000,0.094000,1.701000,1.369000,1.604000,0.030000,567.378000,567.720000,572.453000
p256_frodo640shake,sphincsshake256fsimple,pqc-hybrid,pqc,off,66.420000,0 - default,9681,9785,49856,23176.000000,13200.000000,1.755758,1162,1157,562,103967,50105,23,100,13721,114287,10072,110598,2714,1,127962,11,10,88,12,5.851000,5.872000,62.332000,2.432000,0.131000,1.851000,1.394000,1.615000,0.066000,51.152000,55.358000,56.134000
p256_frodo640shake,p521_sphincsshake256fsimple,pqc-hybrid,pqc-hybrid,off,71.660000,0 - default,9681,9785,49997,24339.000000,13200.000000,1.843864,1162,1157,604,104428,50387,24,101,13763,114748,10072,111021,2714,1,128465,11,10,89,13,5.987000,6.009000,65.789000,2.923000,0.122000,3.523000,1.494000,1.757000,0.068000,53.387000,58.130000,59.025000
p256_frodo640shake,sphincsshake256ssimple,pqc-hybrid,pqc,off,496.580000,0 - default,9681,9785,29792,11584.000000,12000.000000,0.965333,1162,1157,432,62299,30041,19,64,12391,72579,10072,70225,1557,0,84924,10,9,53,9,5.868000,5.888000,493.701000,2.357000,0.093000,1.033000,1.375000,1.599000,0.045000,482.545000,482.923000,487.455000
p256_frodo640shake,p521_sphincsshake256ssimple,pqc-hybrid,pqc-hybrid,off,499.000000,0 - default,9681,9785,29934,11584.000000,12000.000000,0.965333,1162,1157,348,62724,30324,17,64,12307,73004,10072,70650,1557,0,85265,10,9,53,7,5.861000,5.881000,494.242000,2.477000,0.111000,2.731000,1.380000,1.623000,0.047000,484.523000,484.917000,489.673000
p256_frodo640shake,ED25519,pqc-hybrid,classic,off,11.670000,0 - default,9681,9785,64,11584.000000,13200.000000,0.877576,1162,1157,138,578,270,13,14,13241,12084,10072,10390,2658,1187,25279,11,10,2,2,5.755000,5.775000,10.706000,2.290000,0.045000,0.178000,1.401000,1.482000,0.011000,0.035000,0.069000,5.405000
p256_frodo640shake,ED448,pqc-hybrid,classic,off,11.980000,0 - default,9681,9785,114,11688.000000,13200.000000,0.885455,1162,1157,138,745,345,13,15,13241,12225,10072,10520,2658,1161,25420,11,10,3,2,5.778000,5.798000,10.882000,2.280000,0.042000,0.293000,1.395000,1.478000,0.010000,0.210000,0.244000,5.701000
x25519_frodo640shake,MLDSA44,pqc-hybrid,pqc,off,7.330000,0 - default,9648,9752,2420,17571.000000,13200.000000,1.331136,1162,1157,180,6809,3931,14,19,13339,18256,10039,16404,2747,1161,31549,11,10,7,3,1.813000,1.834000,6.209000,1.571000,0.046000,0.203000,1.350000,1.430000,0.011000,0.258000,0.311000,3.819000
x25519_frodo640shake,MLDSA65,pqc-hybrid,pqc,off,7.650000,0 - default,9648,9752,3309,19999.000000,13200.000000,1.515076,1162,1157,180,9311,5460,14,21,13339,20758,10039,18832,2747,1161,34051,11,10,9,3,1.843000,1.862000,6.439000,1.518000,0.048000,0.274000,1.352000,1.436000,0.012000,0.526000,0.582000,4.047000
x25519_frodo640shake,MLDSA87,pqc-hybrid,pqc,off,8.120000,0 - default,9648,9752,4627,22013.000000,13200.000000,1.667652,1162,1157,222,12713,7418,15,24,13381,23000,10039,22123,2747,1,36335,11,10,12,4,1.822000,1.842000,6.731000,1.401000,0.057000,0.391000,1.358000,1.443000,0.013000,0.976000,1.040000,4.402000
x25519_frodo640shake,p256_mldsa44,pqc-hybrid,pqc-hybrid,off,7.620000,0 - default,9648,9752,2494,17778.000000,13200.000000,1.346818,1162,1157,180,7016,4064,14,19,13339,18463,10039,16611,2747,1161,31756,11,10,7,3,1.836000,1.856000,5.939000,1.396000,0.053000,0.687000,1.356000,1.579000,0.011000,0.299000,0.543000,4.042000
x25519_frodo640shake,rsa3072_mldsa44,pqc-hybrid,pqc-hybrid,off,10.010000,0 - default,9648,9752,2808,18742.000000,13200.000000,1.419848,1162,1157,180,8017,4709,14,20,13339,19464,10039,17575,2747,1161,32757,11,10,8,3,1.843000,1.863000,8.422000,1.433000,0.052000,0.659000,1.363000,1.587000,0.012000,2.590000,2.837000,6.387000
x25519_frodo640shake,p384_mldsa65,pqc-hybrid,pqc-hybrid,off,9.300000,0 - default,9648,9752,3416,20302.000000,13200.000000,1.538030,1162,1157,180,9652,5656,14,22,13339,21099,10039,19135,2747,1161,34392,11,10,10,3,1.827000,1.848000,6.975000,1.525000,0.053000,1.295000,1.355000,1.580000,0.012000,1.087000,1.344000,4.956000
x25519_frodo640shake,p521_mldsa87,pqc-hybrid,pqc-hybrid,off,11.140000,0 - default,9648,9752,4770,22013.000000,13200.000000,1.667652,1162,1157,222,13122,7684,15,24,13381,23409,10039,22532,2747,1,36744,11,10,12,4,1.812000,1.831000,7.932000,1.388000,0.054000,2.125000,1.385000,1.606000,0.012000,2.233000,2.492000,6.000000
x25519_frodo640shake,falcon512,pqc-hybrid,pqc,off,7.540000,0 - default,9648,9752,655,13596.000000,13200.000000,1.030000,1162,1157,180,2686,1741,14,15,13339,14133,10039,12429,2747,1161,27426,11,10,3,3,1.816000,1.837000,6.382000,1.461000,0.048000,0.289000,1.355000,1.582000,0.011000,0.244000,0.488000,4.052000
x25519_frodo640shake,falcon1024,pqc-hybrid,pqc,off,8.250000,0 - default,9648,9752,1266,15729.000000,13200.000000,1.191591,1162,1157,180,4893,3253,14,17,13339,16340,10039,14562,2747,1161,29633,11,10,5,3,1.864000,1.884000,7.008000,1.544000,0.050000,0.337000,1.370000,1.590000,0.012000,0.479000,0.723000,4.394000
x25519_frodo640shake,p256_falcon512,pqc-hybrid,pqc-hybrid,off,8.000000,0 - default,9648,9752,730,13815.000000,13200.000000,1.046591,1162,1157,180,2905,1885,14,15,13339,14352,10039,12648,2747,1161,27645,11,10,3,3,1.827000,1.847000,6.361000,1.461000,0.050000,0.705000,1.356000,1.577000,0.012000,0.482000,0.716000,4.292000
x25519_frodo640shake,rsa3072_falcon512,pqc-hybrid,pqc-hybrid,off,9.980000,0 - default,9648,9752,1045,14782.000000,13200.000000,1.119848,1162,1157,180,3909,2532,14,16,13339,15356,10039,13615,2747,1161,28649,11,10,4,3,1.828000,1.848000,8.405000,1.472000,0.049000,0.669000,1.361000,1.583000,0.011000,2.717000,2.958000,6.525000
x25519_frodo640shake,falconpadded512,pqc-hybrid,pqc,off,7.910000,0 - default,9648,9752,666,13616.000000,13200.000000,1.031515,1162,1157,180,2706,1750,14,15,13339,14153,10039,12449,2747,1161,27446,11,10,3,3,1.833000,1.853000,6.747000,1.557000,0.046000,0.291000,1.346000,1.566000,0.011000,0.254000,0.501000,4.147000
x25519_frodo640shake,p256_falconpadded512,pqc-hybrid,pqc-hybrid,off,8.000000,0 - default,9648,9752,740,13835.000000,13200.000000,1.048106,1162,1157,180,2925,1895,14,15,13339,14372,10039,12668,2747,1161,27665,11,10,3,3,1.823000,1.843000,6.373000,1.515000,0.051000,0.699000,1.374000,1.594000,0.012000,0.475000,0.716000,4.354000
x25519_frodo640shake,rsa3072_falconpadded512,pqc-hybrid,pqc-hybrid,off,10.060000,0 - default,9648,9752,1054,14799.000000,13200.000000,1.121136,1162,1157,180,3926,2540,14,16,13339,15373,10039,13632,2747,1161,28666,11,10,4,3,1.826000,1.846000,8.502000,1.528000,0.046000,0.661000,1.355000,1.578000,0.011000,2.756000,2.997000,6.612000
x25519_frodo640shake,p521_falcon1024,pqc-hybrid,pqc-hybrid,off,11.450000,0 - default,9648,9752,1418,16158.000000,13200.000000,1.224091,1162,1157,180,5360,3530,14,18,13339,16807,10039,14991,2747,1161,30100,11,10,6,3,1.810000,1.830000,8.301000,1.395000,0.054000,2.141000,1.365000,1.589000,0.011000,2.536000,2.783000,6.299000
x25519_frodo640shake,falconpadded1024,pqc-hybrid,pqc,off,7.920000,0 - default,9648,9752,1280,15750.000000,13200.000000,1.193182,1162,1157,180,4914,3260,14,17,13339,16361,10039,14583,2747,1161,29654,11,10,5,3,1.827000,1.848000,6.698000,1.470000,0.051000,0.333000,1.357000,1.576000,0.012000,0.490000,0.732000,4.286000
x25519_frodo640shake,p521_falconpadded1024,pqc-hybrid,pqc-hybrid,off,11.450000,0 - default,9648,9752,1422,16171.000000,13200.000000,1.225076,1162,1157,180,5373,3539,14,18,13339,16820,10039,15004,2747,1161,30113,11,10,6,3,1.830000,1.851000,8.282000,1.512000,0.053000,2.135000,1.366000,1.596000,0.011000,2.548000,2.793000,6.423000
x25519_frodo640shake,sphincssha2128fsimple,pqc-hybrid,pqc,off,15.610000,0 - default,9648,9752,17088,23176.000000,13200.000000,1.755758,1162,1157,306,35891,17305,17,43,13465,46178,10039,44598,2747,1,59597,11,10,31,6,1.859000,1.879000,13.468000,1.452000,0.074000,0.775000,1.355000,1.581000,0.033000,7.057000,7.375000,10.966000
x25519_frodo640shake,p256_sphincssha2128fsimple,pqc-hybrid,pqc-hybrid,off,15.810000,0 - default,9648,9752,17162,23176.000000,13200.000000,1.755758,1162,1157,306,36111,17451,17,43,13465,46398,10039,44818,2747,1,59817,11,10,31,6,1.822000,1.843000,13.227000,1.462000,0.066000,1.174000,1.364000,1.587000,0.026000,7.308000,7.614000,11.205000
x25519_frodo640shake,rsa3072_sphincssha2128fsimple,pqc-hybrid,pqc-hybrid,off,17.820000,0 - default,9648,9752,17476,23176.000000,13200.000000,1.755758,1162,1157,306,37118,18100,17,44,13465,47405,10039,45788,2747,1,60824,11,10,32,6,1.831000,1.851000,15.340000,1.479000,0.069000,1.146000,1.360000,1.582000,0.038000,9.555000,9.877000,13.468000
x25519_frodo640shake,sphincssha2128ssimple,pqc-hybrid,pqc,off,154.400000,0 - default,9648,9752,7856,11584.000000,12000.000000,0.965333,1162,1157,306,16722,8072,16,26,12265,26969,10039,26021,1590,0,39188,10,9,15,6,1.830000,1.850000,152.632000,1.587000,0.072000,0.448000,1.351000,1.573000,0.012000,146.248000,146.517000,150.241000
x25519_frodo640shake,p256_sphincssha2128ssimple,pqc-hybrid,pqc-hybrid,off,155.760000,0 - default,9648,9752,7931,11584.000000,12000.000000,0.965333,1162,1157,222,16943,8218,14,26,12181,27190,10039,26242,1590,0,39325,10,9,15,4,1.883000,1.904000,153.428000,1.505000,0.074000,0.873000,1.358000,1.586000,0.012000,147.311000,147.590000,151.440000
x25519_frodo640shake,rsa3072_sphincssha2128ssimple,pqc-hybrid,pqc-hybrid,off,157.310000,0 - default,9648,9752,8244,11584.000000,12000.000000,0.965333,1162,1157,222,17950,8868,14,27,12181,28197,10039,27212,1590,0,40332,10,9,16,4,1.891000,1.911000,155.125000,1.555000,0.072000,0.837000,1.352000,1.574000,0.012000,149.076000,149.341000,153.019000
x25519_frodo640shake,sphincssha2192fsimple,pqc-hybrid,pqc,off,21.580000,0 - default,9648,9752,35664,22013.000000,13200.000000,1.667652,1162,1157,432,74467,35897,20,75,13591,84754,10039,81990,2747,1,98299,11,10,63,9,1.857000,1.879000,18.573000,1.546000,0.112000,1.062000,1.377000,1.601000,0.049000,11.918000,14.537000,15.961000
x25519_frodo640shake,p384_sphincssha2192fsimple,pqc-hybrid,pqc-hybrid,off,23.070000,0 - default,9648,9752,35771,23176.000000,13200.000000,1.755758,1162,1157,474,74823,36108,21,76,13633,85110,10039,82308,2747,1,98697,11,10,64,10,1.851000,1.872000,18.997000,1.474000,0.088000,2.020000,1.371000,1.595000,0.046000,12.886000,15.413000,16.840000
x25519_frodo640shake,sphincssha2192ssimple,pqc-hybrid,pqc,off,272.940000,0 - default,9648,9752,16224,11584.000000,12000.000000,0.965333,1162,1157,264,34091,16457,15,40,12223,44338,10039,42872,1590,0,56515,10,9,29,5,1.835000,1.856000,270.909000,1.561000,0.066000,0.572000,1.380000,1.606000,0.032000,264.456000,264.775000,268.498000
x25519_frodo640shake,p384_sphincssha2192ssimple,pqc-hybrid,pqc-hybrid,off,274.170000,0 - default,9648,9752,16331,11584.000000,12000.000000,0.965333,1162,1157,306,34452,16667,16,41,12265,44699,10039,43196,1590,0,56918,10,9,30,6,1.837000,1.858000,270.955000,1.572000,0.079000,1.541000,1.354000,1.576000,0.032000,264.827000,265.150000,269.063000
x25519_frodo640shake,sphincssha2256fsimple,pqc-hybrid,pqc,off,34.050000,0 - default,9648,9752,49856,23176.000000,13200.000000,1.755758,1162,1157,604,103967,50105,24,100,13763,114254,10039,110565,2747,1,127971,11,10,88,13,1.855000,1.875000,30.777000,1.445000,0.113000,1.065000,1.348000,1.570000,0.070000,24.478000,27.688000,28.444000
x25519_frodo640shake,p521_sphincssha2256fsimple,pqc-hybrid,pqc-hybrid,off,37.480000,0 - default,9648,9752,49998,23176.000000,13200.000000,1.755758,1162,1157,604,104429,50387,24,101,13763,114716,10039,110989,2747,1,128433,11,10,89,13,1.821000,1.841000,32.330000,1.529000,0.107000,2.825000,1.364000,1.588000,0.067000,26.448000,29.811000,30.508000
x25519_frodo640shake,sphincssha2256ssimple,pqc-hybrid,pqc,off,249.940000,0 - default,9648,9752,29792,11584.000000,12000.000000,0.965333,1162,1157,390,62299,30041,18,64,12349,72546,10039,70192,1590,0,84849,10,9,53,8,1.844000,1.865000,247.350000,1.567000,0.090000,0.710000,1.348000,1.569000,0.045000,240.680000,241.052000,244.786000
x25519_frodo640shake,p521_sphincssha2256ssimple,pqc-hybrid,pqc-hybrid,off,252.620000,0 - default,9648,9752,29935,11584.000000,12000.000000,0.965333,1162,1157,348,62725,30324,17,64,12307,72972,10039,70618,1590,0,85233,10,9,53,7,1.834000,1.854000,248.062000,1.507000,0.102000,2.519000,1.355000,1.576000,0.049000,242.106000,242.491000,246.208000
x25519_frodo640shake,sphincsshake128fsimple,pqc-hybrid,pqc,off,24.110000,0 - default,9648,9752,17088,23176.000000,13200.000000,1.755758,1162,1157,264,35891,17305,16,43,13423,46178,10039,44598,2747,1,59555,11,10,31,5,1.807000,1.827000,21.568000,1.516000,0.062000,1.287000,1.354000,1.576000,0.033000,15.211000,15.529000,19.142000
x25519_frodo640shake,p256_sphincsshake128fsimple,pqc-hybrid,pqc-hybrid,off,24.490000,0 - default,9648,9752,17163,22013.000000,13200.000000,1.667652,1162,1157,306,36110,17449,17,43,13465,46397,10039,44817,2747,1,59816,11,10,31,6,1.809000,1.829000,21.369000,1.514000,0.065000,1.701000,1.382000,1.609000,0.028000,15.456000,15.786000,19.447000
x25519_frodo640shake,rsa3072_sphincsshake128fsimple,pqc-hybrid,pqc-hybrid,off,26.560000,0 - default,9648,9752,17476,23176.000000,13200.000000,1.755758,1162,1157,306,37156,18100,17,45,13465,47443,10039,45788,2747,1,60862,11,10,33,6,1.810000,1.831000,23.548000,1.505000,0.071000,1.687000,1.360000,1.598000,0.035000,17.695000,18.016000,21.655000
x25519_frodo640shake,sphincsshake128ssimple,pqc-hybrid,pqc,off,324.480000,0 - default,9648,9752,7856,11584.000000,12000.000000,0.965333,1162,1157,222,16723,8073,14,26,12181,26970,10039,26022,1590,0,39105,10,9,15,4,1.827000,1.848000,322.495000,1.464000,0.070000,0.657000,1.353000,1.580000,0.016000,315.919000,316.198000,319.981000
x25519_frodo640shake,p256_sphincsshake128ssimple,pqc-hybrid,pqc-hybrid,off,324.810000,0 - default,9648,9752,7932,11584.000000,12000.000000,0.965333,1162,1157,222,16944,8218,14,26,12181,27191,10039,26243,1590,0,39326,10,9,15,4,1.845000,1.865000,322.220000,1.488000,0.084000,1.111000,1.365000,1.591000,0.012000,316.363000,316.655000,320.361000
x25519_frodo640shake,rsa3072_sphincsshake128ssimple,pqc-hybrid,pqc-hybrid,off,326.400000,0 - default,9648,9752,8244,11584.000000,12000.000000,0.965333,1162,1157,222,17950,8868,14,27,12181,28197,10039,27212,1590,0,40332,10,9,16,4,1.829000,1.849000,323.974000,1.508000,0.079000,1.057000,1.359000,1.581000,0.012000,318.181000,318.457000,322.127000
x25519_frodo640shake,sphincsshake192fsimple,pqc-hybrid,pqc,off,34.520000,0 - default,9648,9752,35664,22013.000000,13200.000000,1.667652,1162,1157,474,74505,35897,21,76,13633,84792,10039,81990,2747,1,98379,11,10,64,10,1.844000,1.864000,30.781000,1.436000,0.109000,1.838000,1.363000,1.588000,0.047000,24.528000,27.020000,28.423000
x25519_frodo640shake,p384_sphincsshake192fsimple,pqc-hybrid,pqc-hybrid,off,36.280000,0 - default,9648,9752,35772,23176.000000,13200.000000,1.755758,1162,1157,474,74824,36108,21,76,13633,85111,10039,82309,2747,1,98698,11,10,64,10,1.836000,1.858000,31.359000,1.417000,0.099000,2.828000,1.368000,1.594000,0.043000,25.493000,27.953000,29.384000
x25519_frodo640shake,sphincsshake192ssimple,pqc-hybrid,pqc,off,575.430000,0 - default,9648,9752,16224,11584.000000,12000.000000,0.965333,1162,1157,264,34091,16457,15,40,12223,44338,10039,42872,1590,0,56515,10,9,29,5,1.827000,1.847000,573.128000,1.424000,0.076000,0.813000,1.348000,1.579000,0.030000,566.868000,567.194000,570.798000
x25519_frodo640shake,p384_sphincsshake192ssimple,pqc-hybrid,pqc-hybrid,off,577.340000,0 - default,9648,9752,16330,11584.000000,12000.000000,0.965333,1162,1157,306,34453,16669,16,41,12265,44700,10039,43197,1590,0,56919,10,9,30,6,1.866000,1.887000,573.792000,1.443000,0.088000,1.848000,1.380000,1.615000,0.027000,567.895000,568.232000,571.934000
x25519_frodo640shake,sphincsshake256fsimple,pqc-hybrid,pqc,off,61.690000,0 - default,9648,9752,49856,23176.000000,13200.000000,1.755758,1162,1157,562,104005,50105,23,101,13721,114292,10039,110565,2747,1,127967,11,10,89,12,1.830000,1.850000,57.736000,1.565000,0.114000,1.880000,1.352000,1.585000,0.069000,51.237000,54.407000,55.350000
x25519_frodo640shake,p521_sphincsshake256fsimple,pqc-hybrid,pqc-hybrid,off,65.430000,0 - default,9648,9752,49999,25502.000000,13200.000000,1.931970,1162,1157,606,104430,50387,24,101,13765,114717,10039,110990,2747,1,128436,11,10,89,13,1.826000,1.852000,59.422000,1.479000,0.125000,3.628000,1.375000,1.605000,0.059000,53.351000,56.676000,57.473000
x25519_frodo640shake,sphincsshake256ssimple,pqc-hybrid,pqc,off,491.890000,0 - default,9648,9752,29792,11584.000000,12000.000000,0.965333,1162,1157,348,62299,30041,17,64,12307,72546,10039,70192,1590,0,84807,10,9,53,7,1.834000,1.854000,488.971000,1.438000,0.108000,1.053000,1.359000,1.581000,0.050000,482.404000,482.798000,486.632000
x25519_frodo640shake,p521_sphincsshake256ssimple,pqc-hybrid,pqc-hybrid,off,495.520000,0 - default,9648,9752,29934,11584.000000,12000.000000,0.965333,1162,1157,348,62724,30324,17,64,12307,72971,10039,70617,1590,0,85232,10,9,53,7,1.810000,1.830000,490.626000,1.574000,0.103000,2.861000,1.356000,1.588000,0.045000,484.501000,484.885000,488.671000
x25519_frodo640shake,ED25519,pqc-hybrid,classic,off,6.800000,0 - default,9648,9752,64,11584.000000,13200.000000,0.877576,1162,1157,138,578,270,13,14,13241,12084,10039,10357,2691,1220,25279,11,10,2,2,1.826000,1.847000,5.829000,1.385000,0.040000,0.183000,1.366000,1.450000,0.012000,0.034000,0.069000,4.475000
x25519_frodo640shake,ED448,pqc-hybrid,classic,off,7.310000,0 - default,9648,9752,114,11655.000000,13200.000000,0.882955,1162,1157,138,745,345,13,15,13241,12192,10039,10487,2691,1161,25387,11,10,3,2,1.819000,1.839000,6.198000,1.565000,0.044000,0.290000,1.355000,1.437000,0.012000,0.210000,0.246000,4.981000
frodo976aes,MLDSA44,pqc,pqc,off,6.580000,0 - default,15632,15744,2420,24751.000000,22800.000000,1.085570,1162,1157,180,6809,3931,22,25,22939,25664,16048,22421,6023,2319,48557,19,16,7,3,0.770000,0.790000,5.485000,1.123000,0.045000,0.200000,0.980000,1.072000,0.012000,1.095000,1.147000,3.998000
frodo976aes,MLDSA65,pqc,pqc,off,6.420000,0 - default,15632,15744,3309,27179.000000,22800.000000,1.192061,1162,1157,180,9311,5460,22,27,22939,28166,16048,24849,6023,2319,51059,19,16,9,3,0.787000,0.808000,5.202000,1.055000,0.052000,0.299000,0.987000,1.074000,0.012000,0.818000,0.874000,3.651000
frodo976aes,MLDSA87,pqc,pqc,off,6.580000,0 - default,15632,15744,4627,30470.000000,22800.000000,1.336404,1162,1157,180,12713,7418,22,30,22939,31568,16048,28140,6023,2319,54461,19,16,12,3,0.776000,0.797000,5.219000,1.052000,0.049000,0.388000,0.988000,1.077000,0.013000,0.972000,1.038000,3.819000
frodo976aes,p256_mldsa44,pqc,pqc-hybrid,off,7.100000,0 - default,15632,15744,2495,24959.000000,22800.000000,1.094693,1162,1157,180,7055,4064,22,26,22939,25910,16048,22629,6023,2319,48803,19,16,8,3,0.775000,0.795000,5.020000,1.092000,0.049000,1.125000,0.969000,1.203000,0.012000,0.423000,0.668000,3.631000
frodo976aes,rsa3072_mldsa44,pqc,pqc-hybrid,off,9.190000,0 - default,15632,15744,2808,25922.000000,24000.000000,1.080083,1162,1157,180,8055,4709,23,27,24139,26910,16048,23592,7184,2319,51003,20,16,9,3,0.770000,0.791000,7.218000,0.960000,0.053000,1.060000,0.971000,1.208000,0.012000,2.655000,2.909000,5.707000
frodo976aes,p384_mldsa65,pqc,pqc-hybrid,off,8.490000,0 - default,15632,15744,3416,27487.000000,22800.000000,1.205570,1162,1157,180,9652,5656,22,28,22939,28512,16048,25152,6023,2319,51405,19,16,10,3,0.776000,0.796000,5.758000,0.956000,0.055000,1.714000,0.976000,1.214000,0.012000,1.155000,1.412000,4.359000
frodo976aes,p521_mldsa87,pqc,pqc-hybrid,off,10.460000,0 - default,15632,15744,4769,30878.000000,24000.000000,1.286583,1162,1157,180,13159,7684,23,31,24139,32014,16048,28548,7184,2319,56107,20,16,13,3,0.799000,0.820000,6.859000,0.986000,0.052000,2.554000,0.991000,1.230000,0.012000,2.232000,2.495000,5.337000
frodo976aes,falcon512,pqc,pqc,off,6.040000,0 - default,15632,15744,658,20780.000000,22800.000000,0.911404,1162,1157,138,2727,1741,21,22,22841,21582,16048,18449,5967,2319,44377,19,16,4,2,0.769000,0.790000,4.907000,1.114000,0.049000,0.292000,0.970000,1.202000,0.012000,0.262000,0.498000,4.698000
frodo976aes,falcon1024,pqc,pqc,off,6.410000,0 - default,15632,15744,1272,22915.000000,22800.000000,1.005044,1162,1157,180,4899,3253,22,23,22939,23754,16048,20585,6023,2319,46647,19,16,5,3,0.770000,0.790000,5.192000,1.032000,0.051000,0.322000,0.962000,1.198000,0.012000,0.457000,0.697000,4.424000
frodo976aes,p256_falcon512,pqc,pqc-hybrid,off,7.870000,0 - default,15632,15744,726,21002.000000,24000.000000,0.875083,1162,1157,138,2981,1885,22,23,24041,21841,16048,18666,7124,2319,45836,20,16,5,2,0.767000,0.787000,5.851000,1.143000,0.049000,1.112000,1.166000,1.425000,0.012000,0.492000,0.735000,6.118000
frodo976aes,rsa3072_falcon512,pqc,pqc-hybrid,off,9.240000,0 - default,15632,15744,1044,21961.000000,24000.000000,0.915042,1162,1157,180,3908,2532,23,22,24139,22763,16048,19631,7184,2319,46856,20,16,4,3,0.768000,0.788000,7.257000,0.964000,0.050000,1.082000,0.964000,1.199000,0.012000,2.742000,2.989000,6.650000
frodo976aes,falconpadded512,pqc,pqc,off,6.410000,0 - default,15632,15744,666,20797.000000,22800.000000,0.912149,1162,1157,138,2744,1750,21,22,22841,21599,16048,18466,5967,2319,44394,19,16,4,2,0.799000,0.819000,5.287000,1.167000,0.046000,0.294000,1.002000,1.243000,0.011000,0.249000,0.487000,4.753000
frodo976aes,p256_falconpadded512,pqc,pqc-hybrid,off,7.230000,0 - default,15632,15744,741,21021.000000,22800.000000,0.921974,1162,1157,180,2968,1895,22,22,22939,21823,16048,18691,6023,2319,44716,19,16,4,3,0.772000,0.791000,5.174000,1.104000,0.051000,1.110000,0.964000,1.198000,0.012000,0.484000,0.726000,4.616000
frodo976aes,rsa3072_falconpadded512,pqc,pqc-hybrid,off,9.580000,0 - default,15632,15744,1054,21979.000000,24000.000000,0.915792,1162,1157,180,3926,2540,23,22,24139,22781,16048,19649,7184,2319,46874,20,16,4,3,0.769000,0.790000,7.604000,1.155000,0.048000,1.066000,0.973000,1.205000,0.012000,2.767000,3.015000,6.880000
frodo976aes,p521_falcon1024,pqc,pqc-hybrid,off,10.640000,0 - default,15632,15744,1414,23339.000000,24000.000000,0.972458,1162,1157,180,5398,3530,23,25,24139,24253,16048,21009,7184,2319,48346,20,16,7,3,0.766000,0.786000,7.086000,0.961000,0.053000,2.545000,0.963000,1.198000,0.012000,2.546000,2.793000,5.580000
frodo976aes,falconpadded1024,pqc,pqc,off,6.240000,0 - default,15632,15744,1280,22930.000000,22800.000000,1.005702,1162,1157,180,4914,3260,22,23,22939,23769,16048,20600,6023,2319,46662,19,16,5,3,0.769000,0.789000,5.019000,0.966000,0.056000,0.335000,0.961000,1.197000,0.013000,0.470000,0.707000,3.501000
frodo976aes,p521_falconpadded1024,pqc,pqc-hybrid,off,10.760000,0 - default,15632,15744,1422,23356.000000,24000.000000,0.973167,1162,1157,180,5415,3539,23,25,24139,24270,16048,21026,7184,2319,48363,20,16,7,3,0.765000,0.786000,7.188000,0.963000,0.057000,2.557000,0.968000,1.205000,0.012000,2.551000,2.797000,6.618000
frodo976aes,sphincssha2128fsimple,pqc,pqc,off,14.290000,0 - default,15632,15744,17088,32474.000000,22800.000000,1.424298,1162,1157,264,35891,17305,24,49,23023,53586,16048,50615,6027,1159,76563,19,16,31,5,0.798000,0.818000,12.292000,1.232000,0.066000,0.771000,0.986000,1.221000,0.035000,7.082000,7.399000,10.480000
frodo976aes,p256_sphincssha2128fsimple,pqc,pqc-hybrid,off,14.910000,0 - default,15632,15744,17163,40615.000000,24000.000000,1.692292,1162,1157,264,36112,17451,25,49,24223,53812,16048,50836,7184,1159,77989,20,16,31,5,0.771000,0.791000,12.066000,1.031000,0.073000,1.605000,0.966000,1.203000,0.031000,7.300000,7.616000,10.550000
frodo976aes,rsa3072_sphincssha2128fsimple,pqc,pqc-hybrid,off,17.250000,0 - default,15632,15744,17476,32474.000000,24000.000000,1.353083,1162,1157,264,37156,18100,25,51,24223,54851,16048,51805,7188,1159,79028,20,16,33,5,0.773000,0.794000,14.409000,1.168000,0.066000,1.569000,0.963000,1.197000,0.034000,9.590000,9.908000,12.933000
frodo976aes,sphincssha2128ssimple,pqc,pqc,off,153.010000,0 - default,15632,15744,7856,27822.000000,26400.000000,1.053864,1162,1157,264,16722,8072,27,33,26623,34417,16048,32038,9514,1159,60994,22,16,15,5,0.765000,0.785000,151.420000,0.971000,0.072000,0.449000,0.976000,1.217000,0.012000,146.454000,146.726000,150.866000
frodo976aes,p256_sphincssha2128ssimple,pqc,pqc-hybrid,off,154.270000,0 - default,15632,15744,7932,27822.000000,26400.000000,1.053864,1162,1157,264,16944,8218,27,33,26623,34639,16048,32260,9514,1159,61216,22,16,15,5,0.765000,0.785000,151.808000,1.185000,0.074000,1.273000,0.966000,1.207000,0.011000,146.755000,147.023000,151.240000
frodo976aes,rsa3072_sphincssha2128ssimple,pqc,pqc-hybrid,off,156.340000,0 - default,15632,15744,8244,27822.000000,26400.000000,1.053864,1162,1157,264,17950,8868,27,34,26623,35645,16048,33229,9514,1159,62222,22,16,16,5,0.769000,0.789000,153.981000,1.004000,0.074000,1.218000,0.967000,1.205000,0.012000,149.077000,149.350000,153.453000
frodo976aes,sphincssha2192fsimple,pqc,pqc,off,19.970000,0 - default,15632,15744,35664,32474.000000,24000.000000,1.353083,1162,1157,474,74505,35897,30,82,24433,92200,16048,88007,7188,1159,116587,20,16,64,10,0.793000,0.813000,17.017000,1.162000,0.091000,1.059000,1.017000,1.265000,0.050000,11.970000,14.316000,15.401000
frodo976aes,p384_sphincssha2192fsimple,pqc,pqc-hybrid,off,22.030000,0 - default,15632,15744,35770,32474.000000,24000.000000,1.353083,1162,1157,390,74865,36108,28,83,24349,92560,16048,88330,7188,1159,116863,20,16,65,8,0.771000,0.791000,17.654000,1.058000,0.092000,2.423000,0.982000,1.216000,0.049000,12.936000,15.145000,16.225000
frodo976aes,sphincssha2192ssimple,pqc,pqc,off,272.010000,0 - default,15632,15744,16224,27822.000000,27600.000000,1.008043,1162,1157,306,34135,16457,29,48,27865,51830,16048,48896,10675,1159,79649,23,16,30,6,0.774000,0.794000,270.019000,1.022000,0.075000,0.574000,0.974000,1.206000,0.035000,265.111000,265.428000,268.673000
frodo976aes,p384_sphincssha2192ssimple,pqc,pqc-hybrid,off,273.800000,0 - default,15632,15744,16331,27822.000000,27600.000000,1.008043,1162,1157,306,34452,16667,29,48,27865,52147,16048,49213,10675,1159,79966,23,16,30,6,0.769000,0.790000,270.263000,1.134000,0.081000,1.991000,0.965000,1.199000,0.031000,265.328000,265.643000,268.779000
frodo976aes,sphincssha2256fsimple,pqc,pqc,off,32.520000,0 - default,15632,15744,49856,32474.000000,24000.000000,1.353083,1162,1157,562,103967,50105,32,106,24521,121662,16048,116582,7188,1159,146137,20,16,88,12,0.766000,0.786000,29.437000,1.032000,0.110000,1.083000,0.964000,1.206000,0.069000,24.521000,27.231000,27.783000
frodo976aes,p521_sphincssha2256fsimple,pqc,pqc-hybrid,off,36.660000,0 - default,15632,15744,49999,41778.000000,26400.000000,1.582500,1162,1157,478,104430,50387,32,107,26837,122125,16048,117007,9506,1159,148916,22,16,89,10,0.771000,0.791000,31.235000,1.115000,0.125000,3.300000,0.974000,1.211000,0.071000,26.495000,29.263000,29.889000
frodo976aes,sphincssha2256ssimple,pqc,pqc,off,246.730000,0 - default,15632,15744,29792,27822.000000,27600.000000,1.008043,1162,1157,390,62299,30041,31,71,27949,79994,16048,76209,10675,1159,107897,23,16,53,8,0.787000,0.807000,244.423000,1.212000,0.110000,0.696000,0.976000,1.220000,0.046000,239.345000,239.738000,243.085000
frodo976aes,p521_sphincssha2256ssimple,pqc,pqc-hybrid,off,251.590000,0 - default,15632,15744,29935,27822.000000,27600.000000,1.008043,1162,1157,390,62763,30324,31,72,27949,80458,16048,76635,10675,1159,108361,23,16,54,8,0.766000,0.797000,246.748000,1.123000,0.102000,2.977000,0.970000,1.204000,0.044000,241.650000,242.029000,245.434000
frodo976aes,sphincsshake128fsimple,pqc,pqc,off,22.580000,0 - default,15632,15744,17088,32474.000000,24000.000000,1.353083,1162,1157,264,35929,17305,25,50,24223,53624,16048,50615,7188,1159,77801,20,16,32,5,0.764000,0.784000,20.033000,1.053000,0.069000,1.317000,0.970000,1.211000,0.035000,15.262000,15.587000,18.472000
frodo976aes,p256_sphincsshake128fsimple,pqc,pqc-hybrid,off,23.770000,0 - default,15632,15744,17164,32474.000000,24000.000000,1.353083,1162,1157,264,36149,17449,25,50,24223,53844,16048,50835,7188,1159,78021,20,16,32,5,0.779000,0.800000,20.254000,1.143000,0.074000,2.142000,0.973000,1.209000,0.035000,15.497000,15.822000,18.810000
frodo976aes,rsa3072_sphincsshake128fsimple,pqc,pqc-hybrid,off,25.730000,0 - default,15632,15744,17476,41778.000000,25200.000000,1.657857,1162,1157,264,37118,18100,26,50,25423,54813,16048,51805,8345,1159,80190,21,16,32,5,0.793000,0.813000,22.429000,1.009000,0.084000,2.104000,0.994000,1.230000,0.027000,17.809000,18.121000,21.037000
frodo976aes,sphincsshake128ssimple,pqc,pqc,off,322.740000,0 - default,15632,15744,7856,27822.000000,27600.000000,1.008043,1162,1157,264,16723,8073,28,33,27823,34418,16048,32039,10675,1159,62195,23,16,15,5,0.779000,0.801000,320.916000,1.182000,0.088000,0.657000,0.966000,1.202000,0.012000,315.908000,316.187000,320.336000
frodo976aes,p256_sphincsshake128ssimple,pqc,pqc-hybrid,off,323.990000,0 - default,15632,15744,7932,27822.000000,27600.000000,1.008043,1162,1157,264,16944,8218,28,33,27823,34639,16048,32260,10675,1159,62416,23,16,15,5,0.769000,0.789000,321.203000,1.047000,0.094000,1.546000,0.971000,1.210000,0.017000,316.273000,316.575000,320.813000
frodo976aes,rsa3072_sphincsshake128ssimple,pqc,pqc-hybrid,off,325.350000,0 - default,15632,15744,8244,27822.000000,27600.000000,1.008043,1162,1157,264,17950,8868,28,34,27823,35645,16048,33229,10675,1159,63422,23,16,16,5,0.769000,0.789000,322.649000,1.016000,0.094000,1.504000,0.971000,1.208000,0.012000,317.723000,318.010000,322.037000
frodo976aes,sphincsshake192fsimple,pqc,pqc,off,33.290000,0 - default,15632,15744,35664,32474.000000,24000.000000,1.353083,1162,1157,390,74505,35897,28,82,24349,92200,16048,88007,7188,1159,116503,20,16,64,8,0.774000,0.795000,29.640000,1.194000,0.100000,1.851000,0.970000,1.203000,0.054000,24.521000,26.847000,27.916000
frodo976aes,p384_sphincsshake192fsimple,pqc,pqc-hybrid,off,35.610000,0 - default,15632,15744,35771,32474.000000,25200.000000,1.288651,1162,1157,474,74866,36108,31,83,25633,92561,16048,88331,8349,1159,118148,21,16,65,10,0.773000,0.793000,30.293000,1.014000,0.096000,3.211000,0.986000,1.223000,0.046000,25.554000,27.743000,28.767000
frodo976aes,sphincsshake192ssimple,pqc,pqc,off,573.050000,0 - default,15632,15744,16224,27822.000000,28800.000000,0.966042,1162,1157,306,34135,16457,30,48,29065,51830,16048,48896,11836,1159,80849,24,16,30,6,0.760000,0.780000,570.829000,1.027000,0.092000,0.841000,0.979000,1.217000,0.033000,566.037000,566.377000,569.448000
frodo976aes,p384_sphincsshake192ssimple,pqc,pqc-hybrid,off,576.580000,0 - default,15632,15744,16330,26697.000000,28800.000000,0.926979,1162,1157,264,34491,16669,29,48,29023,52146,16048,49214,11836,1158,81123,24,15,31,5,0.770000,0.790000,572.651000,1.074000,0.097000,2.320000,0.977000,1.214000,0.033000,567.420000,567.764000,571.271000
frodo976aes,sphincsshake256fsimple,pqc,pqc,off,59.860000,0 - default,15632,15744,49856,41778.000000,27600.000000,1.513696,1162,1157,478,104005,50105,33,107,28037,121700,16048,116582,10667,1159,149691,23,16,89,10,0.779000,0.800000,56.086000,1.101000,0.115000,1.859000,0.969000,1.205000,0.065000,51.354000,54.068000,54.738000
frodo976aes,p521_sphincsshake256fsimple,pqc,pqc-hybrid,off,64.490000,0 - default,15632,15744,49999,32474.000000,26400.000000,1.230076,1162,1157,520,104430,50387,33,107,26879,122125,16048,117007,9510,1159,148958,22,16,89,11,0.779000,0.799000,58.191000,1.066000,0.112000,4.120000,0.976000,1.215000,0.066000,53.276000,56.072000,56.618000
frodo976aes,sphincsshake256ssimple,pqc,pqc,off,490.040000,0 - default,15632,15744,29792,27822.000000,28800.000000,0.966042,1162,1157,432,62299,30041,33,71,29191,79994,16048,76209,11836,1159,109139,24,16,53,9,0.767000,0.787000,487.290000,1.107000,0.102000,1.068000,0.962000,1.195000,0.049000,482.309000,482.705000,485.902000
frodo976aes,p521_sphincsshake256ssimple,pqc,pqc-hybrid,off,506.210000,0 - default,15632,15744,29933,27822.000000,28800.000000,0.966042,1162,1157,390,62761,30324,32,72,29149,80456,16048,76633,11836,1159,109559,24,16,54,8,0.776000,0.796000,500.961000,1.073000,0.096000,3.296000,0.964000,1.208000,0.041000,496.004000,496.388000,499.542000
frodo976aes,ED25519,pqc,classic,off,5.210000,0 - default,15632,15744,64,18709.000000,22800.000000,0.820570,1162,1157,138,582,270,21,20,22841,19437,16048,16379,5967,2319,42232,19,16,2,2,0.759000,0.779000,4.221000,0.954000,0.045000,0.182000,0.994000,1.085000,0.012000,0.036000,0.071000,3.811000
frodo976aes,ED448,pqc,classic,off,5.500000,0 - default,15632,15744,114,18835.000000,22800.000000,0.826096,1162,1157,138,745,345,21,21,22841,19600,16048,16504,5967,2319,42395,19,16,3,2,0.779000,0.800000,4.355000,0.967000,0.045000,0.296000,0.983000,1.073000,0.011000,0.210000,0.246000,4.121000
p384_frodo976aes,MLDSA44,pqc-hybrid,pqc,off,14.740000,0 - default,15729,15841,2420,24849.000000,22800.000000,1.089868,1162,1157,180,6847,3931,23,26,22969,25804,16145,22518,5930,2319,48692,19,16,8,3,6.092000,6.112000,13.608000,2.646000,0.045000,0.211000,2.461000,2.551000,0.011000,0.868000,0.915000,6.746000
p384_frodo976aes,MLDSA65,pqc-hybrid,pqc,off,15.790000,0 - default,15729,15841,3309,27277.000000,25200.000000,1.082421,1162,1157,180,9349,5460,25,28,25369,28306,16145,24946,8248,2319,53594,21,16,10,3,6.105000,6.126000,14.594000,2.788000,0.043000,0.275000,2.453000,2.543000,0.011000,1.676000,1.742000,7.756000
p384_frodo976aes,MLDSA87,pqc-hybrid,pqc,off,14.880000,0 - default,15729,15841,4627,30573.000000,24000.000000,1.273875,1162,1157,180,12751,7418,24,31,24169,31713,16145,28237,7087,2319,55801,20,16,13,3,6.071000,6.091000,13.509000,2.697000,0.049000,0.386000,2.494000,2.579000,0.011000,0.559000,0.618000,6.677000
p384_frodo976aes,p256_mldsa44,pqc-hybrid,pqc-hybrid,off,13.500000,0 - default,15729,15841,2495,25057.000000,22800.000000,1.098991,1162,1157,180,7055,4064,23,26,22969,26012,16145,22726,5930,2319,48900,19,16,8,3,6.052000,6.078000,11.985000,2.814000,0.049000,0.540000,2.482000,2.706000,0.011000,0.355000,0.603000,6.780000
p384_frodo976aes,rsa3072_mldsa44,pqc-hybrid,pqc-hybrid,off,16.070000,0 - default,15729,15841,2808,26020.000000,25200.000000,1.032540,1162,1157,180,8055,4709,25,27,25369,27012,16145,23689,8248,2319,52300,21,16,9,3,6.058000,6.078000,14.461000,2.592000,0.050000,0.660000,2.470000,2.698000,0.011000,2.588000,2.850000,8.769000
p384_frodo976aes,p384_mldsa65,pqc-hybrid,pqc-hybrid,off,14.810000,0 - default,15729,15841,3416,27580.000000,24000.000000,1.149167,1162,1157,180,9652,5656,24,28,24169,28609,16145,25249,7087,2319,52697,20,16,10,3,6.096000,6.116000,12.610000,2.792000,0.050000,1.151000,2.490000,2.722000,0.012000,1.104000,1.361000,7.538000
p384_frodo976aes,p521_mldsa87,pqc-hybrid,pqc-hybrid,off,17.390000,0 - default,15729,15841,4769,30976.000000,25200.000000,1.229206,1162,1157,180,13159,7684,25,31,25369,32116,16145,28645,8248,2319,57404,21,16,13,3,6.163000,6.183000,14.320000,2.800000,0.055000,2.008000,2.596000,2.824000,0.011000,2.380000,2.651000,8.916000
p384_frodo976aes,falcon512,pqc-hybrid,pqc,off,14.380000,0 - default,15729,15841,656,20880.000000,24000.000000,0.870000,1162,1157,138,2725,1741,22,22,24041,21682,16145,18544,7031,2319,45677,20,16,4,2,6.117000,6.137000,13.232000,2.605000,0.052000,0.285000,2.493000,2.727000,0.011000,0.254000,0.501000,7.731000
p384_frodo976aes,falcon1024,pqc-hybrid,pqc,off,14.680000,0 - default,15729,15841,1271,23012.000000,22800.000000,1.009298,1162,1157,180,4936,3253,23,24,22969,23893,16145,20681,5930,2319,46781,19,16,6,3,6.153000,6.173000,13.434000,2.659000,0.051000,0.322000,2.472000,2.703000,0.011000,0.483000,0.731000,6.694000
p384_frodo976aes,p256_falcon512,pqc-hybrid,pqc-hybrid,off,14.070000,0 - default,15729,15841,729,21097.000000,22800.000000,0.925307,1162,1157,180,2984,1885,23,23,22969,21941,16145,18766,5930,2319,44829,19,16,5,3,6.225000,6.246000,12.552000,2.863000,0.058000,0.549000,2.573000,2.800000,0.011000,0.450000,0.697000,7.126000
p384_frodo976aes,rsa3072_falcon512,pqc-hybrid,pqc-hybrid,off,16.590000,0 - default,15729,15841,1045,22064.000000,25200.000000,0.875556,1162,1157,180,3988,2532,25,24,25369,22945,16145,19733,8248,2319,48233,21,16,6,3,6.107000,6.127000,15.010000,2.795000,0.051000,0.663000,2.454000,2.698000,0.010000,2.738000,2.988000,9.122000
p384_frodo976aes,falconpadded512,pqc-hybrid,pqc,off,14.430000,0 - default,15729,15841,666,20903.000000,24000.000000,0.870958,1162,1157,138,2785,1750,22,23,24041,21742,16145,18567,7031,2319,45737,20,16,5,2,6.056000,6.076000,13.267000,2.606000,0.052000,0.290000,2.456000,2.689000,0.010000,0.254000,0.506000,7.729000
p384_frodo976aes,p256_falconpadded512,pqc-hybrid,pqc-hybrid,off,13.360000,0 - default,15729,15841,740,21118.000000,24000.000000,0.879917,1162,1157,138,3005,1895,22,23,24041,21957,16145,18787,7031,2319,45952,20,16,5,2,6.064000,6.085000,11.902000,2.665000,0.047000,0.555000,2.492000,2.723000,0.010000,0.470000,0.715000,8.345000
p384_frodo976aes,rsa3072_falconpadded512,pqc-hybrid,pqc-hybrid,off,16.310000,0 - default,15729,15841,1054,22081.000000,25200.000000,0.876230,1162,1157,180,4005,2540,25,24,25369,22962,16145,19750,8248,2319,48250,21,16,6,3,6.085000,6.106000,14.725000,2.627000,0.049000,0.677000,2.469000,2.694000,0.011000,2.754000,3.011000,8.971000
p384_frodo976aes,p521_falcon1024,pqc-hybrid,pqc-hybrid,off,16.860000,0 - default,15729,15841,1411,23434.000000,25200.000000,0.929921,1162,1157,180,5395,3530,25,25,25369,24352,16145,21103,8248,2319,49640,21,16,7,3,6.041000,6.061000,13.872000,2.599000,0.052000,1.982000,2.488000,2.715000,0.010000,2.513000,2.770000,8.701000
p384_frodo976aes,falconpadded1024,pqc-hybrid,pqc,off,14.880000,0 - default,15729,15841,1280,23028.000000,22800.000000,1.010000,1162,1157,180,4952,3260,23,24,22969,23909,16145,20697,5930,2319,46797,19,16,6,3,6.095000,6.115000,13.633000,2.674000,0.053000,0.322000,2.469000,2.701000,0.011000,0.476000,0.725000,6.779000
p384_frodo976aes,p521_falconpadded1024,pqc-hybrid,pqc-hybrid,off,16.960000,0 - default,15729,15841,1423,23455.000000,25200.000000,0.930754,1162,1157,180,5416,3539,25,25,25369,24373,16145,21124,8248,2319,49661,21,16,7,3,6.104000,6.124000,13.929000,2.597000,0.060000,2.002000,2.478000,2.705000,0.010000,2.528000,2.785000,8.728000
p384_frodo976aes,sphincssha2128fsimple,pqc-hybrid,pqc,off,22.480000,0 - default,15729,15841,17088,32474.000000,24000.000000,1.353083,1162,1157,264,35891,17305,25,49,24223,53683,16145,50712,7091,1159,77860,20,16,31,5,6.121000,6.141000,20.390000,2.760000,0.070000,0.783000,2.448000,2.680000,0.033000,7.082000,7.406000,13.490000
p384_frodo976aes,p256_sphincssha2128fsimple,pqc-hybrid,pqc-hybrid,off,21.370000,0 - default,15729,15841,17164,32474.000000,24000.000000,1.353083,1162,1157,264,36113,17451,25,49,24223,53905,16145,50934,7091,1159,78082,20,16,31,5,6.084000,6.104000,18.942000,2.846000,0.069000,1.048000,2.479000,2.703000,0.023000,7.294000,7.603000,13.793000
p384_frodo976aes,rsa3072_sphincssha2128fsimple,pqc-hybrid,pqc-hybrid,off,24.270000,0 - default,15729,15841,17476,32474.000000,24000.000000,1.353083,1162,1157,264,37118,18100,25,50,24223,54910,16145,51902,7091,1159,79087,20,16,32,5,6.097000,6.117000,21.776000,2.787000,0.069000,1.165000,2.481000,2.718000,0.035000,9.533000,9.858000,16.023000
p384_frodo976aes,sphincssha2128ssimple,pqc-hybrid,pqc,off,161.070000,0 - default,15729,15841,7856,28947.000000,26400.000000,1.096477,1162,1157,222,16722,8072,26,34,26581,34554,16145,32135,9417,1160,61089,22,17,15,4,6.124000,6.144000,159.492000,2.697000,0.062000,0.459000,2.455000,2.689000,0.011000,146.302000,146.581000,153.632000
p384_frodo976aes,p256_sphincssha2128ssimple,pqc-hybrid,pqc-hybrid,off,159.970000,0 - default,15729,15841,7930,28947.000000,26400.000000,1.096477,1162,1157,222,16942,8218,26,34,26581,34774,16145,32355,9417,1160,61309,22,17,15,4,6.063000,6.083000,158.083000,2.650000,0.059000,0.724000,2.473000,2.700000,0.011000,146.454000,146.729000,153.808000
p384_frodo976aes,rsa3072_sphincssha2128ssimple,pqc-hybrid,pqc-hybrid,off,163.540000,0 - default,15729,15841,8244,27822.000000,26400.000000,1.053864,1162,1157,222,17950,8868,26,34,26581,35742,16145,33326,9417,1159,62277,22,16,16,4,6.096000,6.116000,161.534000,2.761000,0.067000,0.837000,2.474000,2.706000,0.011000,148.973000,149.265000,156.597000
p384_frodo976aes,sphincssha2192fsimple,pqc-hybrid,pqc,off,28.470000,0 - default,15729,15841,35664,32474.000000,24000.000000,1.353083,1162,1157,390,74467,35897,28,81,24349,92259,16145,88104,7091,1159,116562,20,16,63,8,6.197000,6.217000,25.496000,2.822000,0.099000,1.050000,2.498000,2.728000,0.049000,11.924000,15.939000,18.490000
p384_frodo976aes,p384_sphincssha2192fsimple,pqc-hybrid,pqc-hybrid,off,28.590000,0 - default,15729,15841,35771,32474.000000,24000.000000,1.353083,1162,1157,390,74829,36108,28,82,24349,92621,16145,88429,7091,1159,116924,20,16,64,8,6.049000,6.069000,24.574000,2.730000,0.098000,1.907000,2.472000,2.704000,0.052000,12.958000,16.884000,19.413000
p384_frodo976aes,sphincssha2192ssimple,pqc-hybrid,pqc,off,280.630000,0 - default,15729,15841,16224,27822.000000,27600.000000,1.008043,1162,1157,306,34135,16457,29,48,27865,51927,16145,48993,10578,1159,79746,23,16,30,6,6.112000,6.133000,278.595000,2.752000,0.077000,0.588000,2.471000,2.698000,0.030000,265.161000,265.487000,271.737000
p384_frodo976aes,p384_sphincssha2192ssimple,pqc-hybrid,pqc-hybrid,off,280.010000,0 - default,15729,15841,16332,27822.000000,27600.000000,1.008043,1162,1157,306,34453,16667,29,48,27865,52245,16145,49311,10578,1159,80064,23,16,30,6,6.117000,6.137000,277.049000,2.829000,0.089000,1.439000,2.495000,2.722000,0.024000,265.146000,265.483000,271.830000
p384_frodo976aes,sphincssha2256fsimple,pqc-hybrid,pqc,off,40.780000,0 - default,15729,15841,49856,32474.000000,25200.000000,1.288651,1162,1157,520,103967,50105,32,106,25679,121759,16145,116679,8252,1159,147392,21,16,88,11,6.084000,6.105000,37.669000,2.717000,0.116000,1.092000,2.482000,2.711000,0.067000,24.480000,28.850000,30.953000
p384_frodo976aes,p521_sphincssha2256fsimple,pqc-hybrid,pqc-hybrid,off,43.120000,0 - default,15729,15841,49998,41778.000000,26400.000000,1.582500,1162,1157,478,104429,50387,32,107,26837,122221,16145,117103,9409,1159,149012,22,16,89,10,6.102000,6.122000,38.097000,2.765000,0.135000,2.732000,2.478000,2.706000,0.067000,26.460000,31.058000,33.046000
p384_frodo976aes,sphincssha2256ssimple,pqc-hybrid,pqc,off,255.580000,0 - default,15729,15841,29792,27822.000000,27600.000000,1.008043,1162,1157,390,62299,30041,31,71,27949,80091,16145,76306,10578,1159,107994,23,16,53,8,6.042000,6.062000,253.118000,2.756000,0.089000,0.729000,2.466000,2.701000,0.045000,239.537000,239.926000,246.237000
p384_frodo976aes,p521_sphincssha2256ssimple,pqc-hybrid,pqc-hybrid,off,258.060000,0 - default,15729,15841,29933,27822.000000,27600.000000,1.008043,1162,1157,390,62767,30324,31,72,27949,80559,16145,76737,10578,1159,108462,23,16,54,8,6.070000,6.090000,253.749000,2.786000,0.104000,2.404000,2.461000,2.688000,0.043000,241.907000,242.310000,248.700000
p384_frodo976aes,sphincsshake128fsimple,pqc-hybrid,pqc,off,31.100000,0 - default,15729,15841,17088,32474.000000,25200.000000,1.288651,1162,1157,264,35891,17305,26,49,25423,53683,16145,50712,8252,1159,79060,21,16,31,5,6.067000,6.087000,28.491000,2.710000,0.074000,1.298000,2.508000,2.739000,0.033000,15.225000,15.547000,21.654000
p384_frodo976aes,p256_sphincsshake128fsimple,pqc-hybrid,pqc-hybrid,off,30.090000,0 - default,15729,15841,17163,41778.000000,26400.000000,1.582500,1162,1157,264,36110,17449,27,49,26623,53902,16145,50931,9409,1159,80479,22,16,31,5,6.156000,6.177000,27.216000,2.820000,0.078000,1.601000,2.471000,2.699000,0.031000,15.480000,15.805000,22.003000
p384_frodo976aes,rsa3072_sphincsshake128fsimple,pqc-hybrid,pqc-hybrid,off,33.390000,0 - default,15729,15841,17476,32474.000000,25200.000000,1.288651,1162,1157,264,37118,18100,26,50,25423,54910,16145,51902,8252,1159,80287,21,16,32,5,6.051000,6.071000,30.353000,2.763000,0.076000,1.680000,2.458000,2.696000,0.034000,17.750000,18.077000,24.192000
p384_frodo976aes,sphincsshake128ssimple,pqc-hybrid,pqc,off,331.040000,0 - default,15729,15841,7856,27822.000000,27600.000000,1.008043,1162,1157,222,16723,8073,27,33,27781,34515,16145,32136,10578,1159,62250,23,16,15,4,6.052000,6.073000,329.177000,2.772000,0.071000,0.691000,2.459000,2.689000,0.011000,315.534000,315.816000,323.166000
p384_frodo976aes,p256_sphincsshake128ssimple,pqc-hybrid,pqc-hybrid,off,329.610000,0 - default,15729,15841,7932,28947.000000,27600.000000,1.048804,1162,1157,222,16944,8218,27,34,27781,34776,16145,32357,10578,1160,62511,23,17,15,4,6.048000,6.068000,327.460000,2.848000,0.073000,0.953000,2.476000,2.709000,0.012000,315.594000,315.880000,323.233000
p384_frodo976aes,rsa3072_sphincsshake128ssimple,pqc-hybrid,pqc-hybrid,off,332.830000,0 - default,15729,15841,8244,28947.000000,27600.000000,1.048804,1162,1157,222,17950,8868,27,35,27781,35782,16145,33326,10578,1160,63517,23,17,16,4,6.052000,6.072000,330.542000,2.905000,0.083000,1.073000,2.459000,2.690000,0.011000,317.973000,318.272000,325.692000
p384_frodo976aes,sphincsshake192fsimple,pqc-hybrid,pqc,off,41.410000,0 - default,15729,15841,35664,32474.000000,25200.000000,1.288651,1162,1157,390,74467,35897,29,81,25549,92259,16145,88104,8252,1159,117762,21,16,63,8,6.119000,6.139000,37.701000,2.633000,0.094000,1.815000,2.456000,2.686000,0.051000,24.521000,28.348000,30.857000
p384_frodo976aes,p384_sphincsshake192fsimple,pqc-hybrid,pqc-hybrid,off,41.550000,0 - default,15729,15841,35771,32474.000000,25200.000000,1.288651,1162,1157,390,74867,36108,29,83,25549,92659,16145,88429,8252,1159,118162,21,16,65,8,6.040000,6.061000,36.858000,2.670000,0.093000,2.678000,2.491000,2.715000,0.044000,25.463000,29.299000,31.837000
p384_frodo976aes,sphincsshake192ssimple,pqc-hybrid,pqc,off,582.150000,0 - default,15729,15841,16224,27822.000000,28800.000000,0.966042,1162,1157,306,34135,16457,30,48,29065,51927,16145,48993,11739,1159,80946,24,16,30,6,6.075000,6.095000,579.829000,2.772000,0.095000,0.829000,2.459000,2.688000,0.033000,566.290000,566.636000,572.967000
p384_frodo976aes,p384_sphincsshake192ssimple,pqc-hybrid,pqc-hybrid,off,583.080000,0 - default,15729,15841,16330,27822.000000,27600.000000,1.008043,1162,1157,306,34453,16669,29,48,27865,52245,16145,49311,10578,1159,80064,23,16,30,6,6.067000,6.087000,579.703000,2.807000,0.094000,1.721000,2.489000,2.717000,0.023000,567.439000,567.771000,574.360000
p384_frodo976aes,sphincsshake256fsimple,pqc-hybrid,pqc,off,68.470000,0 - default,15729,15841,49856,32474.000000,26400.000000,1.230076,1162,1157,520,103967,50105,33,106,26879,121759,16145,116679,9413,1159,148592,22,16,88,11,6.134000,6.154000,64.606000,2.743000,0.120000,1.809000,2.474000,2.697000,0.069000,51.283000,55.692000,57.765000
p384_frodo976aes,p521_sphincsshake256fsimple,pqc-hybrid,pqc-hybrid,off,70.520000,0 - default,15729,15841,49998,32474.000000,26400.000000,1.230076,1162,1157,520,104429,50387,33,107,26879,122221,16145,117103,9413,1159,149054,22,16,89,11,6.092000,6.112000,64.800000,2.735000,0.133000,3.503000,2.479000,2.705000,0.070000,53.321000,57.780000,59.805000
p384_frodo976aes,sphincsshake256ssimple,pqc-hybrid,pqc,off,498.280000,0 - default,15729,15841,29792,27822.000000,28800.000000,0.966042,1162,1157,390,62299,30041,32,71,29149,80091,16145,76306,11739,1159,109194,24,16,53,8,6.154000,6.174000,495.532000,2.683000,0.091000,1.067000,2.454000,2.690000,0.046000,482.140000,482.519000,488.713000
p384_frodo976aes,p521_sphincsshake256ssimple,pqc-hybrid,pqc-hybrid,off,500.860000,0 - default,15729,15841,29934,27822.000000,28800.000000,0.966042,1162,1157,390,62768,30324,32,72,29149,80560,16145,76738,11739,1159,109663,24,16,54,8,6.090000,6.111000,496.210000,2.868000,0.103000,2.723000,2.472000,2.702000,0.048000,484.296000,484.697000,491.134000
p384_frodo976aes,ED25519,pqc-hybrid,classic,off,13.990000,0 - default,15729,15841,64,18807.000000,22800.000000,0.824868,1162,1157,180,620,270,23,21,22969,19577,16145,16476,5930,2319,42465,19,16,3,3,6.122000,6.141000,12.949000,2.798000,0.045000,0.174000,2.482000,2.573000,0.011000,0.036000,0.070000,6.104000
p384_frodo976aes,ED448,pqc-hybrid,classic,off,14.210000,0 - default,15729,15841,114,18932.000000,24000.000000,0.788833,1162,1157,138,745,345,22,21,24041,19697,16145,16601,7031,2319,43692,20,16,3,2,6.077000,6.098000,13.105000,2.793000,0.045000,0.291000,2.471000,2.560000,0.011000,0.215000,0.252000,7.433000
x448_frodo976aes,MLDSA44,pqc-hybrid,pqc,off,7.310000,0 - default,15688,15800,2420,24812.000000,22800.000000,1.088246,1162,1157,180,6809,3931,22,25,22939,25725,16104,22477,5967,2319,48618,19,16,7,3,1.560000,1.580000,6.210000,1.345000,0.042000,0.198000,1.351000,1.445000,0.011000,0.362000,0.412000,3.924000
x448_frodo976aes,MLDSA65,pqc-hybrid,pqc,off,8.150000,0 - default,15688,15800,3309,27235.000000,24000.000000,1.134792,1162,1157,180,9311,5460,23,27,24139,28222,16104,24905,7128,2319,52315,20,16,9,3,1.585000,1.605000,6.940000,1.316000,0.053000,0.279000,1.347000,1.438000,0.012000,1.254000,1.312000,4.671000
x448_frodo976aes,MLDSA87,pqc-hybrid,pqc,off,7.990000,0 - default,15688,15800,4627,30526.000000,21600.000000,1.413241,1162,1157,180,12713,7418,21,30,21739,31624,16104,28196,4810,2319,53317,18,16,12,3,1.556000,1.576000,6.640000,1.373000,0.053000,0.390000,1.351000,1.445000,0.012000,0.770000,0.836000,4.244000
x448_frodo976aes,p256_mldsa44,pqc-hybrid,pqc-hybrid,off,8.010000,0 - default,15688,15800,2495,25015.000000,22800.000000,1.097149,1162,1157,180,7017,4064,22,25,22939,25928,16104,22685,5967,2319,48821,19,16,7,3,1.577000,1.597000,6.350000,1.400000,0.047000,0.690000,1.367000,1.590000,0.012000,0.354000,0.598000,4.262000
x448_frodo976aes,rsa3072_mldsa44,pqc-hybrid,pqc-hybrid,off,10.120000,0 - default,15688,15800,2808,25978.000000,22800.000000,1.139386,1162,1157,180,8017,4709,22,26,22939,26928,16104,23648,5971,2319,49821,19,16,8,3,1.536000,1.556000,8.566000,1.379000,0.048000,0.643000,1.358000,1.599000,0.011000,2.738000,2.995000,6.677000
x448_frodo976aes,p384_mldsa65,pqc-hybrid,pqc-hybrid,off,9.290000,0 - default,15688,15800,3416,27538.000000,24000.000000,1.147417,1162,1157,180,9652,5656,23,28,24139,28563,16104,25208,7128,2319,52656,20,16,10,3,1.560000,1.580000,6.960000,1.318000,0.053000,1.305000,1.389000,1.630000,0.011000,1.357000,1.620000,5.176000
x448_frodo976aes,p521_mldsa87,pqc-hybrid,pqc-hybrid,off,11.070000,0 - default,15688,15800,4769,30934.000000,24000.000000,1.288917,1162,1157,180,13159,7684,23,31,24139,32070,16104,28604,7128,2319,56163,20,16,13,3,1.577000,1.598000,7.900000,1.327000,0.054000,2.121000,1.379000,1.603000,0.012000,2.196000,2.459000,6.012000
x448_frodo976aes,falcon512,pqc-hybrid,pqc,off,7.730000,0 - default,15688,15800,655,20832.000000,21600.000000,0.964444,1162,1157,180,2686,1741,21,21,21739,21597,16104,18502,4810,2319,43290,18,16,3,3,1.551000,1.571000,6.556000,1.503000,0.049000,0.287000,1.347000,1.578000,0.012000,0.257000,0.501000,4.252000
x448_frodo976aes,falcon1024,pqc-hybrid,pqc,off,7.750000,0 - default,15688,15800,1273,22972.000000,22800.000000,1.007544,1162,1157,180,4900,3253,22,23,22939,23811,16104,20642,5967,2319,46704,19,16,5,3,1.596000,1.616000,6.522000,1.318000,0.052000,0.323000,1.355000,1.587000,0.011000,0.454000,0.699000,4.206000
x448_frodo976aes,p256_falcon512,pqc-hybrid,pqc-hybrid,off,8.110000,0 - default,15688,15800,734,21066.000000,22800.000000,0.923947,1162,1157,138,2989,1885,21,23,22841,21905,16104,18730,5911,2319,44700,19,16,5,2,1.614000,1.634000,6.470000,1.414000,0.054000,0.717000,1.371000,1.613000,0.012000,0.471000,0.711000,6.183000
x448_frodo976aes,rsa3072_falcon512,pqc-hybrid,pqc-hybrid,off,10.580000,0 - default,15688,15800,1042,22016.000000,24000.000000,0.917333,1162,1157,138,3944,2532,22,23,24041,22855,16104,19685,7072,2319,46850,20,16,5,2,1.568000,1.589000,9.067000,1.409000,0.047000,0.680000,1.461000,1.698000,0.011000,2.734000,2.983000,8.367000
x448_frodo976aes,falconpadded512,pqc-hybrid,pqc,off,7.600000,0 - default,15688,15800,666,20852.000000,21600.000000,0.965370,1162,1157,180,2706,1750,21,21,21739,21617,16104,18522,4810,2319,43310,18,16,3,3,1.575000,1.595000,6.437000,1.376000,0.050000,0.285000,1.346000,1.587000,0.011000,0.256000,0.503000,4.088000
x448_frodo976aes,p256_falconpadded512,pqc-hybrid,pqc-hybrid,off,7.950000,0 - default,15688,15800,742,21084.000000,22800.000000,0.924737,1162,1157,138,3007,1895,21,23,22841,21923,16104,18748,5911,2319,44718,19,16,5,2,1.547000,1.566000,6.349000,1.396000,0.047000,0.708000,1.357000,1.601000,0.012000,0.476000,0.719000,6.131000
x448_frodo976aes,rsa3072_falconpadded512,pqc-hybrid,pqc-hybrid,off,10.300000,0 - default,15688,15800,1054,22035.000000,22800.000000,0.966447,1162,1157,180,3926,2540,22,22,22939,22837,16104,19705,5971,2319,45730,19,16,4,3,1.554000,1.582000,8.740000,1.483000,0.052000,0.658000,1.351000,1.577000,0.012000,2.752000,2.993000,6.730000
x448_frodo976aes,p521_falcon1024,pqc-hybrid,pqc-hybrid,off,11.540000,0 - default,15688,15800,1407,23389.000000,24000.000000,0.974542,1162,1157,180,5391,3530,24,25,24169,24307,16104,21058,7128,2319,48395,20,16,7,3,1.562000,1.582000,8.405000,1.387000,0.053000,2.120000,1.375000,1.621000,0.012000,2.506000,2.757000,7.439000
x448_frodo976aes,falconpadded1024,pqc-hybrid,pqc,off,8.180000,0 - default,15688,15800,1280,22987.000000,22800.000000,1.008202,1162,1157,180,4952,3260,23,24,22969,23868,16104,20656,5967,2319,46756,19,16,6,3,1.584000,1.604000,6.955000,1.478000,0.054000,0.325000,1.347000,1.594000,0.011000,0.481000,0.729000,5.287000
x448_frodo976aes,p521_falconpadded1024,pqc-hybrid,pqc-hybrid,off,11.510000,0 - default,15688,15800,1423,23413.000000,22800.000000,1.026886,1162,1157,180,5416,3539,22,25,22939,24327,16104,21083,5971,2319,47220,19,16,7,3,1.565000,1.585000,8.366000,1.367000,0.054000,2.126000,1.367000,1.617000,0.012000,2.544000,2.791000,6.519000
x448_frodo976aes,sphincssha2128fsimple,pqc-hybrid,pqc,off,15.290000,0 - default,15688,15800,17088,41778.000000,25200.000000,1.657857,1162,1157,264,35891,17305,26,49,25423,53642,16104,50671,8289,1159,79019,21,16,31,5,1.554000,1.575000,13.344000,1.375000,0.059000,0.785000,1.349000,1.587000,0.027000,7.090000,7.402000,11.020000
x448_frodo976aes,p256_sphincssha2128fsimple,pqc-hybrid,pqc-hybrid,off,15.460000,0 - default,15688,15800,17163,41778.000000,25200.000000,1.657857,1162,1157,264,36112,17451,26,49,25423,53863,16104,50892,8289,1159,79240,21,16,31,5,1.571000,1.591000,13.026000,1.329000,0.066000,1.190000,1.356000,1.599000,0.031000,7.340000,7.656000,11.233000
x448_frodo976aes,rsa3072_sphincssha2128fsimple,pqc-hybrid,pqc-hybrid,off,17.840000,0 - default,15688,15800,17476,32474.000000,24000.000000,1.353083,1162,1157,264,37118,18100,25,50,24223,54869,16104,51861,7132,1159,79046,20,16,32,5,1.581000,1.601000,15.403000,1.463000,0.061000,1.133000,1.357000,1.600000,0.025000,9.600000,9.910000,13.629000
x448_frodo976aes,sphincssha2128ssimple,pqc-hybrid,pqc,off,154.530000,0 - default,15688,15800,7856,27822.000000,26400.000000,1.053864,1162,1157,222,16722,8072,26,33,26581,34473,16104,32094,9458,1159,61008,22,16,15,4,1.582000,1.603000,152.889000,1.483000,0.073000,0.466000,1.343000,1.579000,0.013000,146.456000,146.731000,151.522000
x448_frodo976aes,p256_sphincssha2128ssimple,pqc-hybrid,pqc-hybrid,off,154.770000,0 - default,15688,15800,7930,27822.000000,26400.000000,1.053864,1162,1157,222,16942,8218,26,33,26581,34693,16104,32314,9458,1159,61228,22,16,15,4,1.565000,1.585000,152.730000,1.420000,0.062000,0.860000,1.359000,1.606000,0.012000,146.609000,146.881000,151.677000
x448_frodo976aes,rsa3072_sphincssha2128ssimple,pqc-hybrid,pqc-hybrid,off,156.910000,0 - default,15688,15800,8244,27822.000000,26400.000000,1.053864,1162,1157,222,17950,8868,26,34,26581,35701,16104,33285,9458,1159,62236,22,16,16,4,1.575000,1.595000,154.930000,1.445000,0.062000,0.812000,1.349000,1.595000,0.012000,148.975000,149.245000,154.023000
x448_frodo976aes,sphincssha2192fsimple,pqc-hybrid,pqc,off,21.130000,0 - default,15688,15800,35664,32474.000000,24000.000000,1.353083,1162,1157,390,74467,35897,28,81,24349,92218,16104,88063,7132,1159,116521,20,16,63,8,1.563000,1.585000,18.259000,1.514000,0.087000,1.065000,1.344000,1.578000,0.046000,11.920000,14.533000,15.977000
x448_frodo976aes,p384_sphincssha2192fsimple,pqc-hybrid,pqc-hybrid,off,22.840000,0 - default,15688,15800,35771,32474.000000,24000.000000,1.353083,1162,1157,390,74867,36108,28,83,24349,92618,16104,88388,7132,1159,116921,20,16,65,8,1.564000,1.584000,18.760000,1.472000,0.090000,2.045000,1.356000,1.598000,0.049000,12.905000,15.533000,16.965000
x448_frodo976aes,sphincssha2192ssimple,pqc-hybrid,pqc,off,272.720000,0 - default,15688,15800,16224,27822.000000,27600.000000,1.008043,1162,1157,306,34135,16457,29,48,27865,51886,16104,48952,10619,1159,79705,23,16,30,6,1.585000,1.604000,270.702000,1.408000,0.073000,0.582000,1.347000,1.584000,0.025000,264.318000,264.633000,268.432000
x448_frodo976aes,p384_sphincssha2192ssimple,pqc-hybrid,pqc-hybrid,off,275.330000,0 - default,15688,15800,16331,27822.000000,27600.000000,1.008043,1162,1157,306,34452,16667,29,48,27865,52203,16104,49269,10619,1159,80022,23,16,30,6,1.570000,1.589000,272.173000,1.491000,0.082000,1.561000,1.356000,1.602000,0.023000,266.131000,266.455000,270.382000
x448_frodo976aes,sphincssha2256fsimple,pqc-hybrid,pqc,off,34.120000,0 - default,15688,15800,49856,32474.000000,25200.000000,1.288651,1162,1157,520,103967,50105,32,106,25679,121718,16104,116638,8293,1159,147351,21,16,88,11,1.660000,1.680000,31.019000,1.658000,0.100000,1.084000,1.344000,1.580000,0.067000,24.477000,27.824000,28.770000
x448_frodo976aes,p521_sphincssha2256fsimple,pqc-hybrid,pqc-hybrid,off,37.460000,0 - default,15688,15800,49999,32474.000000,25200.000000,1.288651,1162,1157,520,104430,50387,32,107,25679,122181,16104,117063,8293,1159,147814,21,16,89,11,1.584000,1.605000,32.386000,1.517000,0.115000,2.874000,1.359000,1.601000,0.069000,26.483000,29.738000,30.635000
x448_frodo976aes,sphincssha2256ssimple,pqc-hybrid,pqc,off,249.260000,0 - default,15688,15800,29792,27822.000000,27600.000000,1.008043,1162,1157,390,62299,30041,31,71,27949,80050,16104,76265,10619,1159,107953,23,16,53,8,1.570000,1.589000,246.768000,1.414000,0.098000,0.764000,1.352000,1.583000,0.040000,240.104000,240.477000,244.498000
x448_frodo976aes,p521_sphincssha2256ssimple,pqc-hybrid,pqc-hybrid,off,252.240000,0 - default,15688,15800,29934,27822.000000,27600.000000,1.008043,1162,1157,390,62805,30324,31,73,27949,80556,16104,76696,10619,1159,108459,23,16,55,8,1.587000,1.607000,247.773000,1.550000,0.111000,2.524000,1.354000,1.596000,0.037000,241.641000,242.027000,246.072000
x448_frodo976aes,sphincsshake128fsimple,pqc-hybrid,pqc,off,24.280000,0 - default,15688,15800,17088,32474.000000,24000.000000,1.353083,1162,1157,264,35891,17305,25,49,24223,53642,16104,50671,7132,1159,77819,20,16,31,5,1.572000,1.592000,21.688000,1.480000,0.065000,1.313000,1.359000,1.591000,0.027000,15.262000,15.576000,19.297000
x448_frodo976aes,p256_sphincsshake128fsimple,pqc-hybrid,pqc-hybrid,off,24.500000,0 - default,15688,15800,17163,32474.000000,24000.000000,1.353083,1162,1157,264,36110,17449,25,49,24223,53861,16104,50890,7132,1159,78038,20,16,31,5,1.558000,1.578000,21.427000,1.435000,0.066000,1.692000,1.349000,1.593000,0.033000,15.510000,15.828000,19.511000
x448_frodo976aes,rsa3072_sphincsshake128fsimple,pqc-hybrid,pqc-hybrid,off,26.770000,0 - default,15688,15800,17476,32474.000000,24000.000000,1.353083,1162,1157,264,37118,18100,25,50,24223,54869,16104,51861,7132,1159,79046,20,16,32,5,1.641000,1.661000,23.801000,1.433000,0.066000,1.688000,1.380000,1.612000,0.026000,17.722000,18.039000,21.717000
x448_frodo976aes,sphincsshake128ssimple,pqc-hybrid,pqc,off,323.430000,0 - default,15688,15800,7856,27822.000000,27600.000000,1.008043,1162,1157,222,16723,8073,27,33,27781,34474,16104,32095,10619,1159,62209,23,16,15,4,1.579000,1.600000,321.648000,1.427000,0.064000,0.650000,1.348000,1.579000,0.012000,315.242000,315.511000,320.183000
x448_frodo976aes,p256_sphincsshake128ssimple,pqc-hybrid,pqc-hybrid,off,324.170000,0 - default,15688,15800,7931,27822.000000,27600.000000,1.008043,1162,1157,222,16943,8218,27,33,27781,34694,16104,32315,10619,1159,62429,23,16,15,4,1.577000,1.597000,321.872000,1.506000,0.069000,1.084000,1.375000,1.613000,0.012000,315.829000,316.100000,321.055000
x448_frodo976aes,rsa3072_sphincsshake128ssimple,pqc-hybrid,pqc-hybrid,off,326.380000,0 - default,15688,15800,8244,27822.000000,27600.000000,1.008043,1162,1157,222,17950,8868,27,34,27781,35701,16104,33285,10619,1159,63436,23,16,16,4,1.567000,1.587000,324.088000,1.541000,0.083000,1.071000,1.364000,1.611000,0.013000,317.913000,318.206000,323.221000
x448_frodo976aes,sphincsshake192fsimple,pqc-hybrid,pqc,off,34.590000,0 - default,15688,15800,35664,41778.000000,26400.000000,1.582500,1162,1157,348,74505,35897,29,82,26707,92256,16104,88063,9450,1159,118917,22,16,64,7,1.563000,1.583000,30.814000,1.417000,0.093000,1.877000,1.346000,1.578000,0.044000,24.570000,27.161000,28.580000
x448_frodo976aes,p384_sphincsshake192fsimple,pqc-hybrid,pqc-hybrid,off,36.790000,0 - default,15688,15800,35770,31311.000000,25200.000000,1.242500,1162,1157,390,74866,36108,29,83,25549,92617,16104,88387,8293,1159,118120,21,16,65,8,1.761000,1.782000,31.872000,1.996000,0.095000,2.843000,1.366000,1.591000,0.042000,25.554000,28.728000,30.143000
x448_frodo976aes,sphincsshake192ssimple,pqc-hybrid,pqc,off,575.230000,0 - default,15688,15800,16224,27822.000000,28800.000000,0.966042,1162,1157,306,34135,16457,30,48,29065,51886,16104,48952,11780,1159,80905,24,16,30,6,1.573000,1.594000,572.980000,1.421000,0.075000,0.821000,1.357000,1.587000,0.026000,566.592000,566.906000,570.724000
x448_frodo976aes,p384_sphincsshake192ssimple,pqc-hybrid,pqc-hybrid,off,576.930000,0 - default,15688,15800,16332,27822.000000,28800.000000,0.966042,1162,1157,306,34455,16669,30,48,29065,52206,16104,49272,11780,1159,81225,24,16,30,6,1.564000,1.584000,573.438000,1.501000,0.085000,1.874000,1.377000,1.606000,0.026000,567.203000,567.518000,571.635000
x448_frodo976aes,sphincsshake256fsimple,pqc-hybrid,pqc,off,61.490000,0 - default,15688,15800,49856,32474.000000,26400.000000,1.230076,1162,1157,520,104005,50105,33,107,26879,121756,16104,116638,9454,1159,148589,22,16,89,11,1.554000,1.574000,57.658000,1.495000,0.111000,1.832000,1.348000,1.590000,0.069000,51.285000,54.429000,55.401000
x448_frodo976aes,p521_sphincsshake256fsimple,pqc-hybrid,pqc-hybrid,off,64.920000,0 - default,15688,15800,49999,32474.000000,26400.000000,1.230076,1162,1157,520,104430,50387,33,107,26879,122181,16104,117063,9454,1159,149014,22,16,89,11,1.568000,1.589000,59.096000,1.384000,0.113000,3.613000,1.360000,1.607000,0.070000,53.280000,56.383000,57.318000
x448_frodo976aes,sphincsshake256ssimple,pqc-hybrid,pqc,off,491.270000,0 - default,15688,15800,29792,27822.000000,28800.000000,0.966042,1162,1157,390,62299,30041,32,71,29149,80050,16104,76265,11780,1159,109153,24,16,53,8,1.563000,1.583000,488.500000,1.459000,0.100000,1.047000,1.350000,1.587000,0.038000,482.047000,482.419000,486.317000
x448_frodo976aes,p521_sphincsshake256ssimple,pqc-hybrid,pqc-hybrid,off,495.870000,0 - default,15688,15800,29933,27822.000000,28800.000000,0.966042,1162,1157,390,62804,30324,32,73,29149,80555,16104,76695,11780,1159,109658,24,16,55,8,1.572000,1.592000,491.111000,1.403000,0.110000,2.895000,1.357000,1.602000,0.034000,485.128000,485.511000,489.398000
x448_frodo976aes,ED25519,pqc-hybrid,classic,off,6.880000,0 - default,15688,15800,64,18766.000000,22800.000000,0.823070,1162,1157,138,620,270,21,21,22841,19531,16104,16435,5911,2319,42326,19,16,3,2,1.598000,1.617000,5.877000,1.410000,0.048000,0.171000,1.353000,1.448000,0.012000,0.035000,0.070000,4.655000
x448_frodo976aes,ED448,pqc-hybrid,classic,off,7.290000,0 - default,15688,15800,114,18890.000000,21600.000000,0.874537,1162,1157,180,707,345,21,20,21739,19618,16104,16560,4810,2319,41311,18,16,2,3,1.564000,1.585000,6.127000,1.432000,0.059000,0.284000,1.356000,1.449000,0.012000,0.208000,0.243000,3.787000
frodo976shake,MLDSA44,pqc,pqc,off,10.010000,0 - default,15632,15744,2420,24752.000000,24000.000000,1.031333,1162,1157,180,6847,3931,24,26,24169,25707,16048,22421,7184,2319,49795,20,16,8,3,2.224000,2.245000,8.919000,2.342000,0.043000,0.208000,2.378000,2.472000,0.012000,0.476000,0.527000,5.981000
frodo976shake,MLDSA65,pqc,pqc,off,11.600000,0 - default,15632,15744,3309,27180.000000,22800.000000,1.192105,1162,1157,180,9349,5460,23,28,22969,28209,16048,24849,6027,2319,51097,19,16,10,3,2.309000,2.331000,10.394000,2.623000,0.047000,0.280000,2.475000,2.569000,0.012000,1.397000,1.455000,7.295000
frodo976shake,MLDSA87,pqc,pqc,off,10.860000,0 - default,15632,15744,4627,30471.000000,22800.000000,1.336447,1162,1157,180,12751,7418,23,31,22969,31611,16048,28140,6027,2319,54499,19,16,13,3,2.224000,2.244000,9.503000,2.386000,0.048000,0.389000,2.365000,2.457000,0.011000,0.975000,1.040000,6.515000
frodo976shake,p256_mldsa44,pqc,pqc-hybrid,off,11.230000,0 - default,15632,15744,2495,24960.000000,22800.000000,1.094737,1162,1157,180,7055,4064,23,26,22969,25915,16048,22629,6027,2319,48803,19,16,8,3,2.220000,2.240000,9.166000,2.528000,0.053000,1.094000,2.355000,2.600000,0.011000,0.302000,0.561000,6.311000
frodo976shake,rsa3072_mldsa44,pqc,pqc-hybrid,off,13.800000,0 - default,15632,15744,2808,25923.000000,24000.000000,1.080125,1162,1157,180,8055,4709,24,27,24169,26915,16048,23592,7184,2319,51003,20,16,9,3,2.241000,2.261000,11.798000,2.340000,0.052000,1.072000,2.332000,2.580000,0.013000,2.689000,2.940000,8.532000
frodo976shake,p384_mldsa65,pqc,pqc-hybrid,off,12.780000,0 - default,15632,15744,3415,27482.000000,22800.000000,1.205351,1162,1157,180,9651,5656,23,28,22969,28511,16048,25151,6027,2319,51399,19,16,10,3,2.231000,2.250000,10.060000,2.460000,0.054000,1.703000,2.359000,2.598000,0.012000,1.115000,1.372000,7.103000
frodo976shake,p521_mldsa87,pqc,pqc-hybrid,off,14.850000,0 - default,15632,15744,4769,30879.000000,24000.000000,1.286625,1162,1157,180,13159,7684,23,31,24139,32014,16048,28548,7184,2319,56107,20,16,13,3,2.237000,2.258000,11.243000,2.338000,0.053000,2.561000,2.334000,2.568000,0.012000,2.248000,2.510000,8.073000
frodo976shake,falcon512,pqc,pqc,off,10.500000,0 - default,15632,15744,653,20775.000000,24000.000000,0.865625,1162,1157,138,2722,1741,22,22,24041,21577,16048,18444,7128,2319,45572,20,16,4,2,2.225000,2.245000,9.338000,2.454000,0.054000,0.299000,2.360000,2.600000,0.012000,0.256000,0.496000,7.525000
frodo976shake,falcon1024,pqc,pqc,off,10.640000,0 - default,15632,15744,1265,22914.000000,22800.000000,1.005000,1162,1157,180,4930,3253,23,24,22969,23795,16048,20578,6023,2319,46683,19,16,6,3,2.222000,2.242000,9.435000,2.319000,0.051000,0.330000,2.333000,2.570000,0.012000,0.454000,0.696000,6.282000
frodo976shake,p256_falcon512,pqc,pqc-hybrid,off,11.470000,0 - default,15632,15744,728,20999.000000,22800.000000,0.921009,1162,1157,180,2983,1885,23,23,22969,21843,16048,18668,6027,2319,44731,19,16,5,3,2.230000,2.250000,9.468000,2.409000,0.045000,1.097000,2.361000,2.601000,0.011000,0.471000,0.711000,6.479000
frodo976shake,rsa3072_falcon512,pqc,pqc-hybrid,off,13.500000,0 - default,15632,15744,1044,21962.000000,22800.000000,0.963246,1162,1157,180,3946,2532,23,23,22969,22806,16048,19631,6027,2319,45694,19,16,5,3,2.215000,2.235000,11.551000,2.445000,0.049000,1.063000,2.343000,2.582000,0.012000,2.748000,2.992000,8.716000
frodo976shake,falconpadded512,pqc,pqc,off,10.460000,0 - default,15632,15744,666,20797.000000,22800.000000,0.912149,1162,1157,180,2744,1750,23,22,22969,21604,16048,18466,6027,2319,44492,19,16,4,3,2.222000,2.242000,9.312000,2.443000,0.050000,0.289000,2.373000,2.613000,0.011000,0.257000,0.494000,6.256000
frodo976shake,p256_falconpadded512,pqc,pqc-hybrid,off,12.470000,0 - default,15632,15744,740,21021.000000,22800.000000,0.921974,1162,1157,180,3005,1895,23,23,22969,21865,16048,18690,6023,2319,44753,19,16,5,3,2.354000,2.376000,10.419000,2.607000,0.049000,1.117000,2.510000,2.758000,0.011000,0.495000,0.750000,6.748000
frodo976shake,rsa3072_falconpadded512,pqc,pqc-hybrid,off,13.800000,0 - default,15632,15744,1054,21980.000000,22800.000000,0.964035,1162,1157,180,3964,2540,23,23,22969,22824,16048,19649,6027,2319,45712,19,16,5,3,2.228000,2.248000,11.817000,2.544000,0.052000,1.082000,2.355000,2.595000,0.013000,2.760000,3.005000,8.859000
frodo976shake,p521_falcon1024,pqc,pqc-hybrid,off,15.080000,0 - default,15632,15744,1417,23343.000000,22800.000000,1.023816,1162,1157,180,5401,3530,23,25,22969,24261,16048,21012,6027,2319,47149,19,16,7,3,2.220000,2.240000,11.552000,2.398000,0.056000,2.543000,2.353000,2.594000,0.012000,2.527000,2.775000,8.535000
frodo976shake,falconpadded1024,pqc,pqc,off,10.570000,0 - default,15632,15744,1280,22931.000000,22800.000000,1.005746,1162,1157,180,4952,3260,23,24,22969,23812,16048,20600,6027,2319,46700,19,16,6,3,2.226000,2.246000,9.363000,2.385000,0.053000,0.330000,2.348000,2.596000,0.012000,0.473000,0.715000,6.382000
frodo976shake,p521_falconpadded1024,pqc,pqc-hybrid,off,15.050000,0 - default,15632,15744,1423,23358.000000,24000.000000,0.973250,1162,1157,180,5416,3539,24,25,24169,24276,16048,21027,7184,2319,48364,20,16,7,3,2.228000,2.249000,11.467000,2.454000,0.055000,2.554000,2.384000,2.630000,0.012000,2.538000,2.783000,9.578000
frodo976shake,sphincssha2128fsimple,pqc,pqc,off,18.140000,0 - default,15632,15744,17088,32474.000000,24000.000000,1.353083,1162,1157,264,35891,17305,25,49,24223,53586,16048,50615,7188,1159,77763,20,16,31,5,2.224000,2.244000,16.080000,2.469000,0.074000,0.782000,2.352000,2.589000,0.033000,7.089000,7.404000,13.100000
frodo976shake,p256_sphincssha2128fsimple,pqc,pqc-hybrid,off,19.270000,0 - default,15632,15744,17162,32474.000000,24000.000000,1.353083,1162,1157,264,36111,17451,25,49,24223,53806,16048,50835,7188,1159,77983,20,16,31,5,2.283000,2.304000,16.212000,2.426000,0.072000,1.657000,2.353000,2.600000,0.031000,7.318000,7.628000,13.326000
frodo976shake,rsa3072_sphincssha2128fsimple,pqc,pqc-hybrid,off,21.430000,0 - default,15632,15744,17476,32474.000000,24000.000000,1.353083,1162,1157,306,37118,18100,26,50,24265,54813,16048,51805,7188,1159,79032,20,16,32,6,2.218000,2.238000,18.557000,2.394000,0.070000,1.563000,2.362000,2.612000,0.037000,9.592000,9.922000,15.574000
frodo976shake,sphincssha2128ssimple,pqc,pqc,off,157.010000,0 - default,15632,15744,7856,28947.000000,26400.000000,1.096477,1162,1157,264,16722,8072,27,34,26623,34457,16048,32038,9514,1160,61034,22,17,15,5,2.219000,2.240000,155.430000,2.402000,0.078000,0.436000,2.348000,2.591000,0.012000,146.379000,146.646000,153.393000
frodo976shake,p256_sphincssha2128ssimple,pqc,pqc-hybrid,off,158.340000,0 - default,15632,15744,7931,28947.000000,26400.000000,1.096477,1162,1157,264,16943,8218,27,34,26623,34678,16048,32259,9514,1160,61255,22,17,15,5,2.220000,2.239000,155.883000,2.550000,0.075000,1.291000,2.339000,2.575000,0.012000,146.526000,146.792000,153.749000
frodo976shake,rsa3072_sphincssha2128ssimple,pqc,pqc-hybrid,off,160.760000,0 - default,15632,15744,8244,28947.000000,26400.000000,1.096477,1162,1157,264,17950,8868,27,35,26623,35685,16048,33229,9514,1160,62262,22,17,16,5,2.220000,2.241000,158.393000,2.552000,0.066000,1.242000,2.365000,2.606000,0.012000,149.291000,149.562000,156.438000
frodo976shake,sphincssha2192fsimple,pqc,pqc,off,24.020000,0 - default,15632,15744,35664,32474.000000,24000.000000,1.353083,1162,1157,390,74467,35897,28,81,24349,92162,16048,88007,7188,1159,116465,20,16,63,8,2.264000,2.284000,20.994000,2.475000,0.101000,1.074000,2.350000,2.597000,0.054000,11.952000,15.640000,18.049000
frodo976shake,p384_sphincssha2192fsimple,pqc,pqc-hybrid,off,26.570000,0 - default,15632,15744,35771,32474.000000,24000.000000,1.353083,1162,1157,474,74866,36108,30,83,24433,92561,16048,88331,7188,1159,116948,20,16,65,10,2.226000,2.246000,21.987000,2.528000,0.096000,2.443000,2.360000,2.598000,0.054000,12.880000,16.629000,19.043000
frodo976shake,sphincssha2192ssimple,pqc,pqc,off,275.190000,0 - default,15632,15744,16224,27822.000000,27600.000000,1.008043,1162,1157,306,34135,16457,29,48,27865,51830,16048,48896,10675,1159,79649,23,16,30,6,2.270000,2.290000,273.182000,2.410000,0.092000,0.579000,2.359000,2.602000,0.033000,264.041000,264.388000,270.264000
frodo976shake,p384_sphincssha2192ssimple,pqc,pqc-hybrid,off,278.460000,0 - default,15632,15744,16330,27822.000000,27600.000000,1.008043,1162,1157,306,34451,16667,29,48,27865,52146,16048,49212,10675,1159,79965,23,16,30,6,2.222000,2.242000,274.833000,2.525000,0.090000,2.039000,2.459000,2.701000,0.032000,265.314000,265.651000,271.773000
frodo976shake,sphincssha2256fsimple,pqc,pqc,off,36.690000,0 - default,15632,15744,49856,32474.000000,25200.000000,1.288651,1162,1157,562,103967,50105,33,106,25721,121662,16048,116582,8349,1159,147337,21,16,88,12,2.230000,2.251000,33.547000,2.544000,0.111000,1.082000,2.361000,2.614000,0.070000,24.442000,28.709000,30.654000
frodo976shake,p521_sphincssha2256fsimple,pqc,pqc-hybrid,off,41.040000,0 - default,15632,15744,49999,32474.000000,25200.000000,1.288651,1162,1157,566,104430,50387,33,107,25725,122125,16048,117007,8349,1159,147804,21,16,89,12,2.208000,2.229000,35.588000,2.555000,0.104000,3.279000,2.361000,2.599000,0.077000,26.500000,30.741000,32.718000
frodo976shake,sphincssha2256ssimple,pqc,pqc,off,251.130000,0 - default,15632,15744,29792,27822.000000,27600.000000,1.008043,1162,1157,432,62299,30041,32,71,27991,79994,16048,76209,10675,1159,107939,23,16,53,9,2.224000,2.244000,248.723000,2.467000,0.109000,0.707000,2.347000,2.591000,0.047000,239.463000,239.855000,245.830000
frodo976shake,p521_sphincssha2256ssimple,pqc,pqc-hybrid,off,255.600000,0 - default,15632,15744,29935,27822.000000,27600.000000,1.008043,1162,1157,432,62763,30324,32,72,27991,80458,16048,76635,10675,1159,108403,23,16,54,9,2.213000,2.233000,250.709000,2.414000,0.105000,2.962000,2.365000,2.608000,0.054000,241.610000,242.010000,247.922000
frodo976shake,sphincsshake128fsimple,pqc,pqc,off,26.670000,0 - default,15632,15744,17088,32474.000000,24000.000000,1.353083,1162,1157,264,35891,17305,25,49,24223,53586,16048,50615,7188,1159,77763,20,16,31,5,2.224000,2.245000,24.149000,2.412000,0.069000,1.268000,2.355000,2.597000,0.033000,15.219000,15.532000,21.187000
frodo976shake,p256_sphincsshake128fsimple,pqc,pqc-hybrid,off,28.050000,0 - default,15632,15744,17163,32474.000000,24000.000000,1.353083,1162,1157,264,36110,17449,25,49,24223,53805,16048,50834,7188,1159,77982,20,16,31,5,2.216000,2.237000,24.500000,2.547000,0.075000,2.161000,2.367000,2.611000,0.031000,15.447000,15.767000,21.605000
frodo976shake,rsa3072_sphincsshake128fsimple,pqc,pqc-hybrid,off,30.270000,0 - default,15632,15744,17476,32474.000000,25200.000000,1.288651,1162,1157,306,37118,18100,27,50,25465,54813,16048,51805,8349,1159,80232,21,16,32,6,2.230000,2.249000,26.834000,2.545000,0.071000,2.115000,2.379000,2.616000,0.030000,17.764000,18.092000,23.896000
frodo976shake,sphincsshake128ssimple,pqc,pqc,off,326.570000,0 - default,15632,15744,7856,28947.000000,27600.000000,1.048804,1162,1157,264,16723,8073,28,34,27823,34458,16048,32039,10675,1160,62235,23,17,15,5,2.233000,2.253000,324.721000,2.552000,0.089000,0.679000,2.354000,2.603000,0.013000,315.372000,315.656000,322.647000
frodo976shake,p256_sphincsshake128ssimple,pqc,pqc-hybrid,off,328.020000,0 - default,15632,15744,7932,28947.000000,27600.000000,1.048804,1162,1157,264,16944,8218,28,34,27823,34679,16048,32260,10675,1160,62456,23,17,15,5,2.373000,2.393000,325.282000,2.584000,0.089000,1.537000,2.359000,2.602000,0.011000,315.830000,316.126000,323.317000
frodo976shake,rsa3072_sphincsshake128ssimple,pqc,pqc-hybrid,off,330.030000,0 - default,15632,15744,8244,28947.000000,27600.000000,1.048804,1162,1157,264,17950,8868,28,35,27823,35685,16048,33229,10675,1160,63462,23,17,16,5,2.224000,2.243000,327.329000,2.395000,0.082000,1.521000,2.352000,2.591000,0.012000,318.209000,318.493000,325.303000
frodo976shake,sphincsshake192fsimple,pqc,pqc,off,37.260000,0 - default,15632,15744,35664,32474.000000,25200.000000,1.288651,1162,1157,432,74467,35897,30,81,25591,92162,16048,88007,8349,1159,117707,21,16,63,9,2.237000,2.257000,33.494000,2.457000,0.096000,1.832000,2.368000,2.615000,0.053000,24.548000,28.209000,30.640000
frodo976shake,p384_sphincsshake192fsimple,pqc,pqc-hybrid,off,39.850000,0 - default,15632,15744,35771,32474.000000,25200.000000,1.288651,1162,1157,432,74866,36108,30,83,25591,92561,16048,88331,8349,1159,118106,21,16,65,9,2.248000,2.268000,34.518000,2.389000,0.095000,3.235000,2.352000,2.593000,0.049000,25.506000,29.054000,31.467000
frodo976shake,sphincsshake192ssimple,pqc,pqc,off,577.500000,0 - default,15632,15744,16224,27822.000000,28800.000000,0.966042,1162,1157,306,34135,16457,30,48,29065,51830,16048,48896,11836,1159,80849,24,16,30,6,2.225000,2.244000,575.251000,2.431000,0.092000,0.830000,2.352000,2.592000,0.034000,566.166000,566.500000,572.374000
frodo976shake,p384_sphincsshake192ssimple,pqc,pqc-hybrid,off,580.740000,0 - default,15632,15744,16331,27822.000000,28800.000000,0.966042,1162,1157,306,34454,16669,30,48,29065,52149,16048,49215,11836,1159,81168,24,16,30,6,2.245000,2.265000,576.809000,2.509000,0.083000,2.280000,2.443000,2.677000,0.031000,567.535000,567.860000,573.901000
frodo976shake,sphincsshake256fsimple,pqc,pqc,off,64.520000,0 - default,15632,15744,49856,31311.000000,26400.000000,1.186023,1162,1157,608,103967,50105,35,106,26967,121662,16048,116582,9510,1159,148583,22,16,88,13,2.243000,2.264000,60.510000,2.407000,0.133000,1.869000,2.355000,2.599000,0.071000,51.432000,55.626000,57.616000
frodo976shake,p521_sphincsshake256fsimple,pqc,pqc-hybrid,off,68.520000,0 - default,15632,15744,49999,32474.000000,26400.000000,1.230076,1162,1157,562,104430,50387,34,107,26921,122125,16048,117007,9510,1159,149000,22,16,89,12,2.224000,2.244000,62.254000,2.419000,0.110000,4.076000,2.357000,2.594000,0.067000,53.314000,57.499000,59.395000
frodo976shake,sphincsshake256ssimple,pqc,pqc,off,494.250000,0 - default,15632,15744,29792,27822.000000,28800.000000,0.966042,1162,1157,348,62299,30041,31,71,29107,79994,16048,76209,11836,1159,109055,24,16,53,7,2.221000,2.247000,491.489000,2.520000,0.098000,1.057000,2.354000,2.602000,0.047000,482.276000,482.654000,488.641000
frodo976shake,p521_sphincsshake256ssimple,pqc,pqc-hybrid,off,498.840000,0 - default,15632,15744,29934,27822.000000,28800.000000,0.966042,1162,1157,390,62762,30324,32,72,29149,80457,16048,76634,11836,1159,109560,24,16,54,8,2.227000,2.247000,493.697000,2.393000,0.100000,3.281000,2.447000,2.697000,0.043000,484.190000,484.565000,490.551000
frodo976shake,ED25519,pqc,classic,off,9.710000,0 - default,15632,15744,64,18710.000000,24000.000000,0.779583,1162,1157,138,620,270,22,21,24041,19475,16048,16379,7128,2319,43470,20,16,3,2,2.304000,2.324000,8.711000,2.428000,0.045000,0.174000,2.404000,2.495000,0.011000,0.036000,0.072000,6.731000
frodo976shake,ED448,pqc,classic,off,9.670000,0 - default,15632,15744,114,18835.000000,24000.000000,0.784792,1162,1157,138,745,345,22,21,24041,19600,16048,16504,7128,2319,43595,20,16,3,2,2.222000,2.242000,8.582000,2.339000,0.041000,0.297000,2.378000,2.466000,0.012000,0.211000,0.247000,6.853000
p384_frodo976shake,MLDSA44,pqc-hybrid,pqc,off,18.430000,0 - default,15729,15841,2420,24849.000000,24000.000000,1.035375,1162,1157,180,6847,3931,24,26,24169,25804,16145,22518,7091,2319,49892,20,16,8,3,7.606000,7.626000,17.282000,4.147000,0.048000,0.202000,3.848000,3.939000,0.011000,0.252000,0.299000,9.003000
p384_frodo976shake,MLDSA65,pqc-hybrid,pqc,off,18.710000,0 - default,15729,15841,3309,27277.000000,24000.000000,1.136542,1162,1157,180,9349,5460,24,28,24169,28306,16145,24946,7091,2319,52394,20,16,10,3,7.528000,7.553000,17.471000,4.134000,0.050000,0.272000,3.868000,3.962000,0.011000,0.370000,0.425000,9.141000
p384_frodo976shake,MLDSA87,pqc-hybrid,pqc,off,21.820000,0 - default,15729,15841,4627,30568.000000,24000.000000,1.273667,1162,1157,180,12751,7418,24,31,24169,31708,16145,28237,7091,2319,55796,20,16,13,3,7.565000,7.586000,20.442000,4.081000,0.054000,0.381000,3.865000,3.955000,0.011000,3.487000,3.551000,12.217000
p384_frodo976shake,p256_mldsa44,pqc-hybrid,pqc-hybrid,off,17.720000,0 - default,15729,15841,2496,25058.000000,24000.000000,1.044083,1162,1157,180,7056,4064,24,26,24169,26013,16145,22727,7087,2319,50101,20,16,8,3,7.537000,7.559000,16.205000,4.043000,0.049000,0.540000,3.841000,4.068000,0.011000,0.323000,0.581000,9.364000
p384_frodo976shake,rsa3072_mldsa44,pqc-hybrid,pqc-hybrid,off,20.680000,0 - default,15729,15841,2808,26020.000000,24000.000000,1.084167,1162,1157,180,8055,4709,24,27,24169,27012,16145,23689,7091,2319,51100,20,16,9,3,7.577000,7.597000,19.063000,4.146000,0.046000,0.664000,3.853000,4.088000,0.011000,2.749000,3.013000,11.878000
p384_frodo976shake,p384_mldsa65,pqc-hybrid,pqc-hybrid,off,18.980000,0 - default,15729,15841,3416,27580.000000,24000.000000,1.149167,1162,1157,180,9652,5656,24,28,24169,28609,16145,25249,7091,2319,52697,20,16,10,3,7.552000,7.573000,16.773000,4.086000,0.059000,1.142000,3.842000,4.071000,0.011000,1.061000,1.329000,10.140000
p384_frodo976shake,p521_mldsa87,pqc-hybrid,pqc-hybrid,off,21.030000,0 - default,15729,15841,4770,30977.000000,24000.000000,1.290708,1162,1157,180,13160,7684,24,31,24169,32117,16145,28646,7091,2319,56205,20,16,13,3,7.585000,7.611000,17.942000,4.173000,0.063000,1.987000,3.877000,4.113000,0.011000,2.215000,2.486000,11.415000
p384_frodo976shake,falcon512,pqc-hybrid,pqc,off,18.680000,0 - default,15729,15841,656,20875.000000,25200.000000,0.828373,1162,1157,138,2725,1741,23,22,25241,21677,16145,18544,8192,2319,46872,21,16,4,2,7.517000,7.537000,17.536000,4.051000,0.045000,0.288000,3.863000,4.092000,0.011000,0.258000,0.510000,10.545000
p384_frodo976shake,falcon1024,pqc-hybrid,pqc,off,19.230000,0 - default,15729,15841,1270,23011.000000,24000.000000,0.958792,1162,1157,180,4935,3253,24,24,24169,23892,16145,20680,7091,2319,47980,20,16,6,3,7.604000,7.624000,17.972000,4.101000,0.051000,0.323000,3.858000,4.089000,0.011000,0.455000,0.708000,9.588000
p384_frodo976shake,p256_falcon512,pqc-hybrid,pqc-hybrid,off,17.540000,0 - default,15729,15841,729,21097.000000,25200.000000,0.837183,1162,1157,180,2984,1885,25,23,25369,21941,16145,18766,8248,2319,47229,21,16,5,3,7.565000,7.586000,16.054000,3.980000,0.050000,0.542000,3.858000,4.084000,0.010000,0.469000,0.731000,10.343000
p384_frodo976shake,rsa3072_falcon512,pqc-hybrid,pqc-hybrid,off,20.700000,0 - default,15729,15841,1045,23226.000000,25200.000000,0.921667,1162,1157,180,3988,2532,25,25,25369,24145,16145,19733,8248,3480,49433,21,17,6,3,7.543000,7.562000,19.120000,4.125000,0.046000,0.656000,3.860000,4.090000,0.011000,2.729000,2.976000,13.394000
p384_frodo976shake,falconpadded512,pqc-hybrid,pqc,off,18.910000,0 - default,15729,15841,666,20898.000000,24000.000000,0.870750,1162,1157,180,2785,1750,24,23,24169,21742,16145,18567,7091,2319,45830,20,16,5,3,7.542000,7.562000,17.665000,4.088000,0.056000,0.315000,3.867000,4.098000,0.011000,0.252000,0.505000,9.396000
p384_frodo976shake,p256_falconpadded512,pqc-hybrid,pqc-hybrid,off,17.810000,0 - default,15729,15841,742,21120.000000,24000.000000,0.880000,1162,1157,180,3007,1895,24,23,24169,21964,16145,18789,7091,2319,46052,20,16,5,3,7.539000,7.559000,16.319000,4.140000,0.052000,0.552000,3.868000,4.099000,0.010000,0.459000,0.708000,9.693000
p384_frodo976shake,rsa3072_falconpadded512,pqc-hybrid,pqc-hybrid,off,20.800000,0 - default,15729,15841,1054,22081.000000,24000.000000,0.920042,1162,1157,180,4005,2540,24,24,24169,22962,16145,19750,7091,2319,47050,20,16,6,3,7.579000,7.599000,19.204000,4.145000,0.047000,0.675000,3.867000,4.091000,0.010000,2.750000,3.000000,11.925000
p384_frodo976shake,p521_falcon1024,pqc-hybrid,pqc-hybrid,off,21.380000,0 - default,15729,15841,1410,23433.000000,24000.000000,0.976375,1162,1157,180,5394,3530,24,25,24169,24351,16145,21102,7091,2319,48439,20,16,7,3,7.537000,7.557000,18.341000,4.129000,0.055000,1.999000,3.872000,4.105000,0.011000,2.508000,2.763000,11.752000
p384_frodo976shake,falconpadded1024,pqc-hybrid,pqc,off,18.930000,0 - default,15729,15841,1280,23028.000000,24000.000000,0.959500,1162,1157,180,4952,3260,24,24,24169,23909,16145,20697,7091,2319,47997,20,16,6,3,7.546000,7.566000,17.675000,4.025000,0.052000,0.330000,3.867000,4.093000,0.010000,0.470000,0.718000,9.517000
p384_frodo976shake,p521_falconpadded1024,pqc-hybrid,pqc-hybrid,off,21.510000,0 - default,15729,15841,1423,23455.000000,24000.000000,0.977292,1162,1157,180,5416,3539,24,25,24169,24373,16145,21124,7091,2319,48461,20,16,7,3,7.571000,7.592000,18.504000,4.184000,0.056000,1.974000,3.861000,4.098000,0.012000,2.521000,2.775000,11.803000
p384_frodo976shake,sphincssha2128fsimple,pqc-hybrid,pqc,off,26.670000,0 - default,15729,15841,17088,33599.000000,24000.000000,1.399958,1162,1157,264,35891,17305,25,50,24223,53723,16145,50712,7091,1160,77900,20,17,31,5,7.514000,7.534000,24.597000,4.162000,0.070000,0.783000,3.836000,4.067000,0.032000,7.063000,7.382000,16.278000
p384_frodo976shake,p256_sphincssha2128fsimple,pqc-hybrid,pqc-hybrid,off,25.600000,0 - default,15729,15841,17164,33599.000000,24000.000000,1.399958,1162,1157,264,36113,17451,25,50,24223,53945,16145,50934,7091,1160,78122,20,17,31,5,7.551000,7.571000,23.155000,4.200000,0.070000,1.037000,3.861000,4.090000,0.023000,7.280000,7.610000,16.550000
p384_frodo976shake,rsa3072_sphincssha2128fsimple,pqc-hybrid,pqc-hybrid,off,28.580000,0 - default,15729,15841,17476,33599.000000,24000.000000,1.399958,1162,1157,264,37118,18100,25,51,24223,54950,16145,51902,7091,1160,79127,20,17,32,5,7.539000,7.559000,26.095000,4.141000,0.071000,1.172000,3.841000,4.076000,0.033000,9.540000,9.869000,18.752000
p384_frodo976shake,sphincssha2128ssimple,pqc-hybrid,pqc,off,165.500000,0 - default,15729,15841,7856,31273.000000,27600.000000,1.133080,1162,1157,222,16722,8072,27,34,27781,34554,16145,32135,10574,1160,62289,23,17,15,4,7.557000,7.579000,164.008000,4.177000,0.066000,0.450000,3.836000,4.066000,0.010000,146.366000,146.640000,155.583000
p384_frodo976shake,p256_sphincssha2128ssimple,pqc-hybrid,pqc-hybrid,off,164.570000,0 - default,15729,15841,7931,28947.000000,26400.000000,1.096477,1162,1157,264,16943,8218,27,34,26623,34775,16145,32356,9417,1160,61352,22,17,15,5,7.583000,7.604000,162.694000,4.088000,0.054000,0.725000,3.854000,4.081000,0.011000,146.722000,147.003000,156.924000
p384_frodo976shake,rsa3072_sphincssha2128ssimple,pqc-hybrid,pqc-hybrid,off,167.590000,0 - default,15729,15841,8244,28947.000000,26400.000000,1.096477,1162,1157,222,17950,8868,26,35,26581,35782,16145,33326,9417,1160,62317,22,17,16,4,7.575000,7.595000,165.586000,4.102000,0.064000,0.834000,3.885000,4.123000,0.012000,149.021000,149.301000,159.244000
p384_frodo976shake,sphincssha2192fsimple,pqc-hybrid,pqc,off,32.360000,0 - default,15729,15841,35664,33599.000000,25200.000000,1.333294,1162,1157,390,74467,35897,29,82,25549,92299,16145,88104,8252,1160,117802,21,17,63,8,7.639000,7.666000,29.398000,4.097000,0.089000,1.038000,3.868000,4.094000,0.050000,11.945000,17.234000,21.161000
p384_frodo976shake,p384_sphincssha2192fsimple,pqc-hybrid,pqc-hybrid,off,32.670000,0 - default,15729,15841,35772,33599.000000,25200.000000,1.333294,1162,1157,390,74830,36108,29,83,25549,92662,16145,88430,8252,1160,118165,21,17,64,8,7.595000,7.621000,28.765000,4.172000,0.096000,1.866000,3.856000,4.082000,0.053000,12.854000,18.200000,22.120000
p384_frodo976shake,sphincssha2192ssimple,pqc-hybrid,pqc,off,283.700000,0 - default,15729,15841,16224,28947.000000,27600.000000,1.048804,1162,1157,264,34135,16457,28,49,27823,51967,16145,48993,10578,1160,79744,23,17,30,5,7.568000,7.590000,281.605000,4.099000,0.086000,0.582000,3.866000,4.090000,0.034000,263.966000,264.302000,273.355000
p384_frodo976shake,p384_sphincssha2192ssimple,pqc-hybrid,pqc-hybrid,off,284.070000,0 - default,15729,15841,16331,28947.000000,27600.000000,1.048804,1162,1157,264,34452,16667,28,49,27823,52284,16145,49310,10578,1160,80061,23,17,30,5,7.531000,7.558000,281.006000,4.221000,0.091000,1.451000,3.853000,4.079000,0.025000,264.946000,265.292000,274.459000
p384_frodo976shake,sphincssha2256fsimple,pqc-hybrid,pqc,off,45.090000,0 - default,15729,15841,49856,33599.000000,25200.000000,1.333294,1162,1157,566,103967,50105,33,107,25725,121799,16145,116679,8252,1160,147478,21,17,88,12,7.609000,7.633000,41.951000,4.145000,0.123000,1.071000,3.870000,4.101000,0.070000,24.493000,30.278000,33.801000
p384_frodo976shake,p521_sphincssha2256fsimple,pqc-hybrid,pqc-hybrid,off,47.230000,0 - default,15729,15841,49999,33599.000000,25200.000000,1.333294,1162,1157,566,104392,50387,33,107,25725,122224,16145,117104,8252,1160,147903,21,17,88,12,7.540000,7.560000,42.309000,4.095000,0.116000,2.730000,3.839000,4.072000,0.070000,26.468000,32.224000,35.681000
p384_frodo976shake,sphincssha2256ssimple,pqc-hybrid,pqc,off,260.300000,0 - default,15729,15841,29792,28947.000000,26400.000000,1.096477,1162,1157,390,62299,30041,30,72,26749,80131,16145,76306,9417,1160,106834,22,17,53,8,7.512000,7.532000,257.920000,4.156000,0.086000,0.718000,3.847000,4.087000,0.049000,239.613000,239.997000,249.061000
p384_frodo976shake,p521_sphincssha2256ssimple,pqc-hybrid,pqc-hybrid,off,261.850000,0 - default,15729,15841,29934,30110.000000,28800.000000,1.045486,1162,1157,432,62768,30324,33,73,29191,80600,16145,76738,11735,1160,109745,24,17,54,9,7.543000,7.563000,257.578000,4.134000,0.091000,2.366000,3.852000,4.081000,0.047000,241.706000,242.088000,251.092000
p384_frodo976shake,sphincsshake128fsimple,pqc-hybrid,pqc,off,35.300000,0 - default,15729,15841,17088,33599.000000,25200.000000,1.333294,1162,1157,264,35891,17305,26,50,25423,53723,16145,50712,8252,1160,79100,21,17,31,5,7.561000,7.581000,32.649000,4.126000,0.088000,1.302000,3.845000,4.083000,0.035000,15.193000,15.523000,24.412000
p384_frodo976shake,p256_sphincsshake128fsimple,pqc-hybrid,pqc-hybrid,off,34.290000,0 - default,15729,15841,17164,33599.000000,25200.000000,1.333294,1162,1157,264,36111,17449,26,50,25423,53943,16145,50932,8252,1160,79320,21,17,31,5,7.575000,7.601000,31.268000,4.150000,0.082000,1.606000,3.849000,4.079000,0.025000,15.457000,15.778000,24.662000
p384_frodo976shake,rsa3072_sphincsshake128fsimple,pqc-hybrid,pqc-hybrid,off,37.060000,0 - default,15729,15841,17476,33599.000000,25200.000000,1.333294,1162,1157,264,37118,18100,26,51,25423,54950,16145,51902,8252,1160,80327,21,17,32,5,7.538000,7.558000,33.984000,4.020000,0.076000,1.741000,3.855000,4.087000,0.036000,17.667000,18.002000,26.763000
p384_frodo976shake,sphincsshake128ssimple,pqc-hybrid,pqc,off,335.460000,0 - default,15729,15841,7856,28947.000000,27600.000000,1.048804,1162,1157,222,16723,8073,27,34,27781,34555,16145,32136,10578,1160,62290,23,17,15,4,7.557000,7.577000,333.590000,4.133000,0.079000,0.683000,3.883000,4.113000,0.011000,315.909000,316.217000,326.261000
p384_frodo976shake,p256_sphincsshake128ssimple,pqc-hybrid,pqc-hybrid,off,333.740000,0 - default,15729,15841,7929,28947.000000,27600.000000,1.048804,1162,1157,222,16941,8218,27,34,27781,34773,16145,32354,10578,1160,62508,23,17,15,4,7.563000,7.583000,331.545000,4.138000,0.083000,0.972000,3.857000,4.094000,0.011000,315.412000,315.712000,325.838000
p384_frodo976shake,rsa3072_sphincsshake128ssimple,pqc-hybrid,pqc-hybrid,off,336.750000,0 - default,15729,15841,8244,28947.000000,27600.000000,1.048804,1162,1157,222,17950,8868,27,35,27781,35782,16145,33326,10578,1160,63517,23,17,16,4,7.539000,7.559000,334.489000,4.164000,0.078000,1.059000,3.865000,4.101000,0.011000,317.814000,318.115000,328.169000
p384_frodo976shake,sphincsshake192fsimple,pqc-hybrid,pqc,off,45.910000,0 - default,15729,15841,35664,33599.000000,25200.000000,1.333294,1162,1157,390,74467,35897,29,82,25549,92299,16145,88104,8252,1160,117802,21,17,63,8,7.538000,7.559000,42.146000,4.164000,0.102000,1.836000,3.838000,4.066000,0.050000,24.554000,29.904000,33.819000
p384_frodo976shake,p384_sphincsshake192fsimple,pqc-hybrid,pqc-hybrid,off,46.000000,0 - default,15729,15841,35771,42903.000000,26400.000000,1.625114,1162,1157,348,74829,36108,29,83,26707,92661,16145,88429,9409,1160,119322,22,17,64,7,7.577000,7.597000,41.300000,4.170000,0.096000,2.627000,3.865000,4.090000,0.050000,25.427000,30.799000,34.733000
p384_frodo976shake,sphincsshake192ssimple,pqc-hybrid,pqc,off,590.730000,0 - default,15729,15841,16224,28947.000000,28800.000000,1.005104,1162,1157,306,34135,16457,30,49,29065,51967,16145,48993,11739,1160,80986,24,17,30,6,7.560000,7.582000,587.467000,6.681000,0.123000,1.286000,3.860000,4.083000,0.033000,567.115000,567.463000,579.149000
p384_frodo976shake,p384_sphincsshake192ssimple,pqc-hybrid,pqc-hybrid,off,587.150000,0 - default,15729,15841,16330,28947.000000,28800.000000,1.005104,1162,1157,264,34453,16669,29,49,29023,52285,16145,49311,11739,1160,81262,24,17,30,5,7.606000,7.630000,583.835000,4.251000,0.095000,1.675000,3.861000,4.103000,0.025000,567.558000,567.909000,577.177000
p384_frodo976shake,sphincsshake256fsimple,pqc-hybrid,pqc,off,72.640000,0 - default,15729,15841,49856,33599.000000,26400.000000,1.272689,1162,1157,522,103967,50105,33,107,26881,121799,16145,116679,9413,1160,148634,22,17,88,11,7.594000,7.615000,68.789000,4.112000,0.121000,1.809000,3.858000,4.089000,0.069000,51.256000,57.008000,60.523000
p384_frodo976shake,p521_sphincsshake256fsimple,pqc-hybrid,pqc-hybrid,off,74.820000,0 - default,15729,15841,49997,33599.000000,26400.000000,1.272689,1162,1157,522,104428,50387,33,108,26881,122260,16145,117102,9413,1160,149095,22,17,89,11,7.571000,7.592000,69.057000,4.162000,0.120000,3.536000,3.851000,4.077000,0.071000,53.248000,59.125000,62.568000
p384_frodo976shake,sphincsshake256ssimple,pqc-hybrid,pqc,off,502.870000,0 - default,15729,15841,29792,28947.000000,28800.000000,1.005104,1162,1157,390,62299,30041,32,72,29149,80131,16145,76306,11739,1160,109234,24,17,53,8,7.523000,7.543000,500.055000,4.132000,0.108000,1.055000,3.845000,4.067000,0.045000,482.186000,482.588000,491.813000
p384_frodo976shake,p521_sphincsshake256ssimple,pqc-hybrid,pqc-hybrid,off,505.010000,0 - default,15729,15841,29934,28947.000000,28800.000000,1.005104,1162,1157,390,62768,30324,32,73,29149,80600,16145,76738,11739,1160,109703,24,17,54,8,7.601000,7.623000,500.403000,4.164000,0.112000,2.715000,3.880000,4.116000,0.039000,484.265000,484.676000,493.873000
p384_frodo976shake,ED25519,pqc-hybrid,classic,off,18.050000,0 - default,15729,15841,64,18807.000000,24000.000000,0.783625,1162,1157,180,620,270,24,21,24169,19577,16145,16476,7091,2319,43665,20,16,3,3,7.544000,7.563000,17.000000,4.144000,0.056000,0.172000,3.855000,3.947000,0.010000,0.035000,0.070000,8.812000
p384_frodo976shake,ED448,pqc-hybrid,classic,off,18.360000,0 - default,15729,15841,114,18932.000000,24000.000000,0.788833,1162,1157,180,745,345,24,21,24169,19702,16145,16601,7091,2319,43790,20,16,3,3,7.559000,7.579000,17.219000,4.147000,0.045000,0.288000,3.855000,3.945000,0.011000,0.215000,0.252000,8.988000
x448_frodo976shake,MLDSA44,pqc-hybrid,pqc,off,11.670000,0 - default,15688,15800,2420,24808.000000,22800.000000,1.088070,1162,1157,180,6847,3931,23,26,22969,25763,16104,22477,5971,2319,48651,19,16,8,3,3.027000,3.047000,10.556000,2.828000,0.053000,0.207000,2.752000,2.845000,0.012000,0.365000,0.414000,6.720000
x448_frodo976shake,MLDSA65,pqc-hybrid,pqc,off,14.870000,0 - default,15688,15800,3309,27241.000000,24000.000000,1.135042,1162,1157,180,9349,5460,24,28,24169,28270,16104,24905,7128,2319,52358,20,16,10,3,3.018000,3.039000,13.665000,2.792000,0.050000,0.284000,2.734000,2.829000,0.013000,3.436000,3.493000,9.845000
x448_frodo976shake,MLDSA87,pqc-hybrid,pqc,off,15.910000,0 - default,15688,15800,4627,30527.000000,22800.000000,1.338904,1162,1157,180,12751,7418,23,31,22969,31667,16104,28196,5971,2319,54555,19,16,13,3,3.026000,3.046000,14.544000,2.783000,0.049000,0.398000,2.732000,2.829000,0.012000,4.308000,4.373000,10.601000
x448_frodo976shake,p256_mldsa44,pqc-hybrid,pqc-hybrid,off,12.120000,0 - default,15688,15800,2496,25017.000000,22800.000000,1.097237,1162,1157,180,7056,4064,23,26,22969,25972,16104,22686,5971,2319,48860,19,16,8,3,3.033000,3.053000,10.459000,2.874000,0.053000,0.687000,2.742000,2.972000,0.013000,0.319000,0.573000,7.059000
x448_frodo976shake,rsa3072_mldsa44,pqc-hybrid,pqc-hybrid,off,14.380000,0 - default,15688,15800,2808,25979.000000,22800.000000,1.139430,1162,1157,180,8055,4709,23,27,22969,26971,16104,23648,5971,2319,49859,19,16,9,3,3.055000,3.075000,12.840000,2.965000,0.052000,0.636000,2.779000,3.015000,0.012000,2.560000,2.819000,9.441000
x448_frodo976shake,p384_mldsa65,pqc-hybrid,pqc-hybrid,off,13.460000,0 - default,15688,15800,3416,27539.000000,24000.000000,1.147458,1162,1157,180,9652,5656,24,28,24169,28568,16104,25208,7128,2319,52656,20,16,10,3,3.033000,3.054000,11.176000,2.883000,0.051000,1.284000,2.741000,2.970000,0.012000,1.069000,1.334000,7.843000
x448_frodo976shake,p521_mldsa87,pqc-hybrid,pqc-hybrid,off,15.450000,0 - default,15688,15800,4770,30936.000000,22800.000000,1.356842,1162,1157,180,13160,7684,23,31,22969,32076,16104,28605,5971,2319,54964,19,16,13,3,3.037000,3.057000,12.264000,2.851000,0.056000,2.136000,2.740000,2.965000,0.012000,2.198000,2.455000,8.913000
x448_frodo976shake,falcon512,pqc-hybrid,pqc,off,11.890000,0 - default,15688,15800,654,20832.000000,22800.000000,0.913684,1162,1157,180,2723,1741,23,22,22969,21639,16104,18501,5971,2319,44527,19,16,4,3,3.024000,3.045000,10.727000,2.765000,0.047000,0.291000,2.738000,2.968000,0.012000,0.252000,0.495000,6.914000
x448_frodo976shake,falcon1024,pqc-hybrid,pqc,off,12.100000,0 - default,15688,15800,1271,22971.000000,22800.000000,1.007500,1162,1157,180,4936,3253,23,24,22969,23852,16104,20640,5971,2319,46740,19,16,6,3,3.033000,3.054000,10.875000,2.792000,0.054000,0.321000,2.744000,2.979000,0.013000,0.465000,0.715000,7.177000
x448_frodo976shake,p256_falcon512,pqc-hybrid,pqc-hybrid,off,12.190000,0 - default,15688,15800,734,21061.000000,22800.000000,0.923728,1162,1157,180,2989,1885,23,23,22969,21905,16104,18730,5971,2319,44793,19,16,5,3,3.013000,3.033000,10.546000,2.880000,0.047000,0.691000,2.744000,2.970000,0.012000,0.479000,0.720000,7.302000
x448_frodo976shake,rsa3072_falcon512,pqc-hybrid,pqc-hybrid,off,14.360000,0 - default,15688,15800,1043,22017.000000,22800.000000,0.965658,1162,1157,180,3945,2532,23,23,22969,22861,16104,19686,5971,2319,45749,19,16,5,3,3.066000,3.086000,12.826000,2.859000,0.045000,0.653000,2.748000,2.986000,0.012000,2.742000,2.993000,9.552000
x448_frodo976shake,falconpadded512,pqc-hybrid,pqc,off,11.940000,0 - default,15688,15800,666,20853.000000,24000.000000,0.868875,1162,1157,138,2744,1750,22,22,24041,21655,16104,18522,7072,2319,45650,20,16,4,2,3.027000,3.047000,10.791000,2.762000,0.052000,0.312000,2.743000,2.976000,0.012000,0.251000,0.495000,8.148000
x448_frodo976shake,p256_falconpadded512,pqc-hybrid,pqc-hybrid,off,12.260000,0 - default,15688,15800,740,21077.000000,22800.000000,0.924430,1162,1157,180,3005,1895,23,23,22969,21921,16104,18746,5971,2319,44809,19,16,5,3,3.031000,3.051000,10.617000,2.925000,0.053000,0.689000,2.738000,2.966000,0.011000,0.467000,0.710000,7.358000
x448_frodo976shake,rsa3072_falconpadded512,pqc-hybrid,pqc-hybrid,off,14.460000,0 - default,15688,15800,1054,22036.000000,22800.000000,0.966491,1162,1157,180,3964,2540,23,23,22969,22880,16104,19705,5971,2319,45768,19,16,5,3,3.034000,3.055000,12.844000,2.755000,0.060000,0.674000,2.752000,2.988000,0.012000,2.740000,2.989000,9.468000
x448_frodo976shake,p521_falcon1024,pqc-hybrid,pqc-hybrid,off,15.840000,0 - default,15688,15800,1410,23392.000000,22800.000000,1.025965,1162,1157,180,5394,3530,23,25,22969,24310,16104,21061,5971,2319,47198,19,16,7,3,3.016000,3.037000,12.721000,2.836000,0.052000,2.116000,2.741000,2.974000,0.012000,2.525000,2.776000,9.332000
x448_frodo976shake,falconpadded1024,pqc-hybrid,pqc,off,12.120000,0 - default,15688,15800,1280,22987.000000,22800.000000,1.008202,1162,1157,180,4952,3260,23,24,22969,23868,16104,20656,5971,2319,46756,19,16,6,3,3.026000,3.046000,10.887000,2.802000,0.053000,0.323000,2.749000,2.981000,0.011000,0.466000,0.713000,7.182000
x448_frodo976shake,p521_falconpadded1024,pqc-hybrid,pqc-hybrid,off,15.790000,0 - default,15688,15800,1423,23414.000000,22800.000000,1.026930,1162,1157,180,5416,3539,23,25,22969,24332,16104,21083,5971,2319,47220,19,16,7,3,3.023000,3.043000,12.647000,2.897000,0.055000,2.134000,2.760000,2.988000,0.011000,2.520000,2.765000,9.403000
x448_frodo976shake,sphincssha2128fsimple,pqc-hybrid,pqc,off,19.640000,0 - default,15688,15800,17088,32474.000000,24000.000000,1.353083,1162,1157,264,35891,17305,25,49,24223,53642,16104,50671,7132,1159,77819,20,16,31,5,3.030000,3.050000,17.575000,2.864000,0.061000,0.784000,2.740000,2.976000,0.030000,7.079000,7.397000,13.879000
x448_frodo976shake,p256_sphincssha2128fsimple,pqc-hybrid,pqc-hybrid,off,19.940000,0 - default,15688,15800,17163,41778.000000,25200.000000,1.657857,1162,1157,264,36112,17451,26,49,25423,53863,16104,50892,8289,1159,79240,21,16,31,5,3.031000,3.052000,17.465000,2.849000,0.069000,1.209000,2.737000,2.971000,0.034000,7.301000,7.625000,14.117000
x448_frodo976shake,rsa3072_sphincssha2128fsimple,pqc-hybrid,pqc-hybrid,off,21.980000,0 - default,15688,15800,17476,41778.000000,25200.000000,1.657857,1162,1157,222,37118,18100,25,50,25381,54869,16104,51861,8289,1159,80204,21,16,32,4,3.008000,3.028000,19.703000,2.888000,0.058000,1.145000,2.742000,2.978000,0.025000,9.566000,9.891000,16.450000
x448_frodo976shake,sphincssha2128ssimple,pqc-hybrid,pqc,off,159.040000,0 - default,15688,15800,7856,28947.000000,26400.000000,1.096477,1162,1157,222,16722,8072,26,34,26581,34513,16104,32094,9458,1160,61048,22,17,15,4,3.029000,3.049000,157.417000,2.913000,0.083000,0.455000,2.744000,2.981000,0.013000,146.388000,146.674000,154.518000
x448_frodo976shake,p256_sphincssha2128ssimple,pqc-hybrid,pqc-hybrid,off,159.180000,0 - default,15688,15800,7931,28947.000000,26400.000000,1.096477,1162,1157,222,16943,8218,26,34,26581,34734,16104,32315,9458,1160,61269,22,17,15,4,3.073000,3.093000,157.066000,2.808000,0.082000,0.882000,2.747000,2.983000,0.012000,146.635000,146.934000,154.667000
x448_frodo976shake,rsa3072_sphincssha2128ssimple,pqc-hybrid,pqc-hybrid,off,161.270000,0 - default,15688,15800,8244,28947.000000,26400.000000,1.096477,1162,1157,222,17950,8868,26,35,26581,35741,16104,33285,9458,1160,62276,22,17,16,4,3.048000,3.069000,159.248000,2.779000,0.071000,0.849000,2.746000,2.976000,0.012000,148.976000,149.251000,156.787000
x448_frodo976shake,sphincssha2192fsimple,pqc-hybrid,pqc,off,25.580000,0 - default,15688,15800,35664,32474.000000,24000.000000,1.353083,1162,1157,390,74467,35897,28,81,24349,92218,16104,88063,7132,1159,116521,20,16,63,8,3.029000,3.049000,22.524000,2.887000,0.110000,1.071000,2.754000,2.992000,0.045000,11.967000,16.032000,18.844000
x448_frodo976shake,p384_sphincssha2192fsimple,pqc-hybrid,pqc-hybrid,off,26.960000,0 - default,15688,15800,35770,32474.000000,24000.000000,1.353083,1162,1157,390,74828,36108,28,82,24349,92579,16104,88387,7132,1159,116882,20,16,64,8,3.023000,3.043000,22.892000,2.823000,0.092000,2.020000,2.733000,2.964000,0.051000,12.902000,16.897000,19.680000
x448_frodo976shake,sphincssha2192ssimple,pqc-hybrid,pqc,off,277.510000,0 - default,15688,15800,16224,27822.000000,27600.000000,1.008043,1162,1157,306,34135,16457,29,48,27865,51886,16104,48952,10619,1159,79705,23,16,30,6,3.047000,3.068000,275.457000,2.824000,0.088000,0.575000,2.735000,2.972000,0.028000,264.321000,264.661000,271.665000
x448_frodo976shake,p384_sphincssha2192ssimple,pqc-hybrid,pqc-hybrid,off,278.930000,0 - default,15688,15800,16331,27822.000000,27600.000000,1.008043,1162,1157,306,34452,16667,29,48,27865,52203,16104,49269,10619,1159,80022,23,16,30,6,3.063000,3.084000,275.716000,2.929000,0.084000,1.574000,2.752000,2.982000,0.031000,265.240000,265.572000,272.342000
x448_frodo976shake,sphincssha2256fsimple,pqc-hybrid,pqc,off,38.190000,0 - default,15688,15800,49856,32474.000000,25200.000000,1.288651,1162,1157,520,103967,50105,32,106,25679,121718,16104,116638,8293,1159,147351,21,16,88,11,3.028000,3.049000,35.114000,2.733000,0.115000,1.058000,2.746000,3.005000,0.070000,24.504000,28.917000,31.294000
x448_frodo976shake,p521_sphincssha2256fsimple,pqc-hybrid,pqc-hybrid,off,41.660000,0 - default,15688,15800,49998,32474.000000,25200.000000,1.288651,1162,1157,520,104429,50387,32,107,25679,122180,16104,117062,8293,1159,147813,21,16,89,11,3.009000,3.029000,36.548000,2.750000,0.123000,2.861000,2.743000,2.980000,0.067000,26.507000,31.056000,33.320000
x448_frodo976shake,sphincssha2256ssimple,pqc-hybrid,pqc,off,252.570000,0 - default,15688,15800,29792,27822.000000,27600.000000,1.008043,1162,1157,390,62299,30041,31,71,27949,80050,16104,76265,10619,1159,107953,23,16,53,8,3.017000,3.038000,250.094000,2.819000,0.104000,0.694000,2.744000,2.979000,0.040000,239.334000,239.723000,246.417000
x448_frodo976shake,p521_sphincssha2256ssimple,pqc-hybrid,pqc-hybrid,off,256.200000,0 - default,15688,15800,29935,27822.000000,27600.000000,1.008043,1162,1157,390,62768,30324,31,72,27949,80519,16104,76697,10619,1159,108422,23,16,54,8,3.021000,3.041000,251.737000,2.806000,0.097000,2.536000,2.746000,2.977000,0.044000,241.551000,241.932000,248.559000
x448_frodo976shake,sphincsshake128fsimple,pqc-hybrid,pqc,off,28.300000,0 - default,15688,15800,17088,32474.000000,24000.000000,1.353083,1162,1157,264,35891,17305,25,49,24223,53642,16104,50671,7132,1159,77819,20,16,31,5,3.014000,3.034000,25.698000,2.739000,0.079000,1.279000,2.743000,2.975000,0.029000,15.243000,15.568000,21.932000
x448_frodo976shake,p256_sphincsshake128fsimple,pqc-hybrid,pqc-hybrid,off,28.750000,0 - default,15688,15800,17163,32474.000000,24000.000000,1.353083,1162,1157,264,36110,17449,25,49,24223,53861,16104,50890,7132,1159,78038,20,16,31,5,3.023000,3.043000,25.652000,2.902000,0.067000,1.697000,2.737000,2.968000,0.034000,15.444000,15.765000,22.281000
x448_frodo976shake,rsa3072_sphincsshake128fsimple,pqc-hybrid,pqc-hybrid,off,30.810000,0 - default,15688,15800,17476,32474.000000,25200.000000,1.288651,1162,1157,264,37118,18100,26,50,25423,54869,16104,51861,8293,1159,80246,21,16,32,5,3.017000,3.038000,27.787000,2.854000,0.066000,1.703000,2.765000,2.994000,0.026000,17.722000,18.034000,24.540000
x448_frodo976shake,sphincsshake128ssimple,pqc-hybrid,pqc,off,328.160000,0 - default,15688,15800,7856,28946.000000,27600.000000,1.048768,1162,1157,222,16723,8073,27,35,27781,35714,16104,32095,10619,2317,63449,23,18,15,4,3.056000,3.076000,326.280000,2.858000,0.080000,0.688000,2.748000,2.986000,0.012000,315.598000,315.902000,323.532000
x448_frodo976shake,p256_sphincsshake128ssimple,pqc-hybrid,pqc-hybrid,off,328.690000,0 - default,15688,15800,7932,28947.000000,27600.000000,1.048804,1162,1157,222,16944,8218,27,34,27781,34735,16104,32316,10619,1160,62470,23,17,15,4,3.020000,3.041000,326.374000,2.785000,0.083000,1.088000,2.746000,2.972000,0.012000,315.911000,316.204000,323.906000
x448_frodo976shake,rsa3072_sphincsshake128ssimple,pqc-hybrid,pqc-hybrid,off,330.830000,0 - default,15688,15800,8244,28947.000000,27600.000000,1.048804,1162,1157,222,17950,8868,27,35,27781,35741,16104,33285,10619,1160,63476,23,17,16,4,3.015000,3.035000,328.448000,2.877000,0.093000,1.095000,2.746000,2.981000,0.012000,318.095000,318.388000,326.181000
x448_frodo976shake,sphincsshake192fsimple,pqc-hybrid,pqc,off,38.760000,0 - default,15688,15800,35664,32474.000000,25200.000000,1.288651,1162,1157,390,74467,35897,29,81,25549,92218,16104,88063,8293,1159,117721,21,16,63,8,3.021000,3.042000,35.034000,2.803000,0.093000,1.835000,2.755000,2.985000,0.045000,24.541000,28.523000,31.320000
x448_frodo976shake,p384_sphincsshake192fsimple,pqc-hybrid,pqc-hybrid,off,40.370000,0 - default,15688,15800,35770,32474.000000,25200.000000,1.288651,1162,1157,432,74866,36108,30,83,25591,92617,16104,88387,8293,1159,118162,21,16,65,9,3.015000,3.036000,35.553000,2.756000,0.097000,2.793000,2.734000,2.961000,0.051000,25.560000,29.496000,32.262000
x448_frodo976shake,sphincsshake192ssimple,pqc-hybrid,pqc,off,579.140000,0 - default,15688,15800,16224,27822.000000,28800.000000,0.966042,1162,1157,306,34135,16457,30,48,29065,51886,16104,48952,11780,1159,80905,24,16,30,6,3.052000,3.072000,576.825000,2.904000,0.092000,0.824000,2.735000,2.968000,0.028000,566.085000,566.416000,573.141000
x448_frodo976shake,p384_sphincsshake192ssimple,pqc-hybrid,pqc-hybrid,off,581.710000,0 - default,15688,15800,16330,27822.000000,28800.000000,0.966042,1162,1157,306,34453,16669,30,48,29065,52204,16104,49270,11780,1159,81223,24,16,30,6,3.039000,3.059000,578.194000,2.819000,0.094000,1.825000,2.741000,2.973000,0.027000,567.981000,568.327000,575.001000
x448_frodo976shake,sphincsshake256fsimple,pqc-hybrid,pqc,off,65.770000,0 - default,15688,15800,49856,32474.000000,26400.000000,1.230076,1162,1157,522,103967,50105,33,106,26881,121718,16104,116638,9454,1159,148553,22,16,88,11,3.019000,3.045000,61.853000,2.787000,0.117000,1.897000,2.733000,2.973000,0.066000,51.238000,55.643000,58.071000
x448_frodo976shake,p521_sphincsshake256fsimple,pqc-hybrid,pqc-hybrid,off,69.720000,0 - default,15688,15800,49999,32474.000000,26400.000000,1.230076,1162,1157,520,104430,50387,33,107,26879,122181,16104,117063,9454,1159,149014,22,16,89,11,3.036000,3.056000,63.770000,2.817000,0.133000,3.658000,2.766000,3.005000,0.072000,53.492000,58.173000,60.454000
x448_frodo976shake,sphincsshake256ssimple,pqc-hybrid,pqc,off,496.550000,0 - default,15688,15800,29792,27822.000000,28800.000000,0.966042,1162,1157,390,62299,30041,32,71,29149,80050,16104,76265,11780,1159,109153,24,16,53,8,3.018000,3.044000,493.706000,2.853000,0.109000,1.074000,2.745000,2.986000,0.039000,482.816000,483.204000,489.929000
x448_frodo976shake,p521_sphincsshake256ssimple,pqc-hybrid,pqc-hybrid,off,499.940000,0 - default,15688,15800,29933,27822.000000,28800.000000,0.966042,1162,1157,390,62766,30324,32,72,29149,80517,16104,76695,11780,1159,109620,24,16,54,8,3.063000,3.084000,495.033000,2.910000,0.115000,2.914000,2.774000,3.018000,0.045000,484.461000,484.863000,491.722000
x448_frodo976shake,ED25519,pqc-hybrid,classic,off,11.220000,0 - default,15688,15800,64,18766.000000,22800.000000,0.823070,1162,1157,180,620,270,23,21,22969,19536,16104,16435,5971,2319,42424,19,16,3,3,3.028000,3.048000,10.184000,2.817000,0.045000,0.174000,2.751000,2.848000,0.012000,0.036000,0.073000,6.398000
x448_frodo976shake,ED448,pqc-hybrid,classic,off,11.490000,0 - default,15688,15800,114,18891.000000,24000.000000,0.787125,1162,1157,138,745,345,22,21,24041,19656,16104,16560,7072,2319,43651,20,16,3,2,3.012000,3.033000,10.346000,2.791000,0.051000,0.297000,2.746000,2.835000,0.012000,0.208000,0.244000,7.789000
frodo1344aes,MLDSA44,pqc,pqc,off,7.540000,0 - default,21520,21632,2420,31834.000000,30000.000000,1.061133,1162,1157,180,6809,3931,28,31,30139,32975,21969,28342,7069,3476,63068,25,22,7,3,1.171000,1.192000,6.391000,1.543000,0.043000,0.204000,1.467000,1.566000,0.012000,0.368000,0.425000,4.386000
frodo1344aes,MLDSA65,pqc,pqc,off,8.480000,0 - default,21520,21632,3309,33100.000000,28800.000000,1.149306,1162,1157,180,9311,5460,27,32,28939,34277,21969,30770,5912,2319,63170,24,21,9,3,1.181000,1.202000,7.233000,1.613000,0.044000,0.280000,1.496000,1.594000,0.011000,1.107000,1.163000,5.210000
frodo1344aes,MLDSA87,pqc,pqc,off,7.880000,0 - default,21520,21632,4627,37553.000000,30000.000000,1.251767,1162,1157,180,12713,7418,28,36,30139,38879,21969,34061,7069,3476,68972,25,22,12,3,1.172000,1.192000,6.567000,1.575000,0.053000,0.380000,1.467000,1.565000,0.012000,0.573000,0.638000,4.525000
frodo1344aes,p256_mldsa44,pqc,pqc-hybrid,off,8.640000,0 - default,21520,21632,2495,32043.000000,31200.000000,1.027019,1162,1157,138,7055,4064,28,32,31241,33221,21969,28550,8170,3476,64416,26,22,8,2,1.165000,1.186000,6.614000,1.461000,0.054000,1.111000,1.491000,1.760000,0.012000,0.390000,0.642000,6.814000
frodo1344aes,rsa3072_mldsa44,pqc,pqc-hybrid,off,11.020000,0 - default,21520,21632,2808,31843.000000,30000.000000,1.061433,1162,1157,180,8055,4709,28,32,30139,33021,21969,29513,7073,2319,63114,25,21,9,3,1.174000,1.194000,8.937000,1.558000,0.049000,1.087000,1.508000,1.749000,0.012000,2.628000,2.881000,7.025000
frodo1344aes,p384_mldsa65,pqc,pqc-hybrid,off,10.270000,0 - default,21520,21632,3415,33402.000000,31200.000000,1.070577,1162,1157,180,9651,5656,29,33,31339,34617,21969,31072,8230,2319,65910,26,21,10,3,1.176000,1.197000,7.478000,1.463000,0.052000,1.710000,1.507000,1.748000,0.012000,1.077000,1.334000,5.420000
frodo1344aes,p521_mldsa87,pqc,pqc-hybrid,off,12.210000,0 - default,21520,21632,4770,37962.000000,31200.000000,1.216731,1162,1157,180,13160,7684,29,37,31339,39326,21969,34470,8230,3476,70619,26,22,13,3,1.163000,1.183000,8.554000,1.508000,0.056000,2.598000,1.489000,1.722000,0.016000,2.302000,2.567000,6.578000
frodo1344aes,falcon512,pqc,pqc,off,7.630000,0 - default,21520,21632,655,29026.000000,31200.000000,0.930321,1162,1157,138,2765,1741,28,30,31241,30131,21969,24371,8170,4633,61326,26,23,5,2,1.172000,1.192000,6.498000,1.466000,0.049000,0.299000,1.476000,1.734000,0.012000,0.250000,0.498000,5.698000
frodo1344aes,falcon1024,pqc,pqc,off,7.960000,0 - default,21520,21632,1271,29997.000000,30000.000000,0.999900,1162,1157,180,4898,3253,28,29,30139,31064,21969,26505,7069,3476,61157,25,22,5,3,1.188000,1.209000,6.723000,1.456000,0.056000,0.333000,1.481000,1.743000,0.011000,0.474000,0.715000,4.716000
frodo1344aes,p256_falcon512,pqc,pqc-hybrid,off,8.700000,0 - default,21520,21632,729,28082.000000,30000.000000,0.936067,1162,1157,180,2984,1885,28,29,30139,29150,21969,24590,7069,3476,59243,25,22,5,3,1.185000,1.205000,6.666000,1.469000,0.050000,1.115000,1.503000,1.751000,0.012000,0.480000,0.723000,4.731000
frodo1344aes,rsa3072_falcon512,pqc,pqc-hybrid,off,11.110000,0 - default,21520,21632,1044,29049.000000,31200.000000,0.931058,1162,1157,180,3987,2532,30,30,31369,30158,21969,25556,8230,3476,61446,26,22,6,3,1.164000,1.183000,9.123000,1.626000,0.049000,1.080000,1.479000,1.716000,0.012000,2.739000,2.984000,9.072000
frodo1344aes,falconpadded512,pqc,pqc,off,7.820000,0 - default,21520,21632,666,27884.000000,30000.000000,0.929467,1162,1157,180,2785,1750,29,29,30169,28956,21969,24391,7069,3476,59044,25,22,5,3,1.173000,1.193000,6.617000,1.640000,0.048000,0.289000,1.474000,1.736000,0.011000,0.253000,0.499000,5.819000
frodo1344aes,p256_falconpadded512,pqc,pqc-hybrid,off,8.950000,0 - default,21520,21632,742,28111.000000,31200.000000,0.900994,1162,1157,138,3007,1895,28,29,31241,29178,21969,24613,8170,3476,60373,26,22,5,2,1.197000,1.218000,6.929000,1.461000,0.049000,1.119000,1.482000,1.727000,0.011000,0.477000,0.719000,6.846000
frodo1344aes,rsa3072_falconpadded512,pqc,pqc-hybrid,off,11.100000,0 - default,21520,21632,1054,29066.000000,31200.000000,0.931603,1162,1157,180,4005,2540,29,30,31339,30171,21969,25574,8230,3476,61464,26,22,6,3,1.165000,1.185000,9.130000,1.598000,0.051000,1.077000,1.496000,1.745000,0.012000,2.759000,3.002000,7.172000
frodo1344aes,p521_falcon1024,pqc,pqc-hybrid,off,12.460000,0 - default,21520,21632,1413,30421.000000,31200.000000,0.975032,1162,1157,180,5397,3530,29,31,31339,31563,21969,26929,8230,3476,62856,26,22,7,3,1.179000,1.199000,8.917000,1.606000,0.053000,2.539000,1.497000,1.751000,0.012000,2.524000,2.772000,7.018000
frodo1344aes,falconpadded1024,pqc,pqc,off,8.000000,0 - default,21520,21632,1280,30013.000000,30000.000000,1.000433,1162,1157,180,4914,3260,28,29,30139,31080,21969,26521,7069,3476,61173,25,22,5,3,1.162000,1.182000,6.790000,1.539000,0.051000,0.335000,1.487000,1.748000,0.011000,0.462000,0.704000,4.807000
frodo1344aes,p521_falconpadded1024,pqc,pqc-hybrid,off,12.440000,0 - default,21520,21632,1423,30440.000000,31200.000000,0.975641,1162,1157,180,5416,3539,29,31,31339,31582,21969,26948,8230,3476,62875,26,22,7,3,1.162000,1.182000,8.916000,1.461000,0.053000,2.539000,1.506000,1.751000,0.012000,2.535000,2.795000,6.897000
frodo1344aes,sphincssha2128fsimple,pqc,pqc,off,15.350000,0 - default,21520,21632,17088,49913.000000,31200.000000,1.599776,1162,1157,222,35891,17305,30,55,31381,60897,21969,56536,8230,2316,92232,26,22,31,4,1.169000,1.189000,13.478000,1.559000,0.072000,0.768000,1.495000,1.731000,0.013000,7.094000,7.392000,11.457000
frodo1344aes,p256_sphincssha2128fsimple,pqc,pqc-hybrid,off,16.420000,0 - default,21520,21632,17162,48750.000000,32400.000000,1.504630,1162,1157,264,36111,17451,32,55,32623,61117,21969,56756,9391,2316,93694,27,22,31,5,1.185000,1.205000,13.562000,1.462000,0.076000,1.628000,1.487000,1.741000,0.012000,7.308000,7.605000,11.560000
frodo1344aes,rsa3072_sphincssha2128fsimple,pqc,pqc-hybrid,off,18.710000,0 - default,21520,21632,17476,48751.000000,32400.000000,1.504660,1162,1157,264,37118,18100,32,55,32623,60924,21969,57726,9391,1159,93501,27,21,32,5,1.191000,1.211000,15.974000,1.465000,0.077000,1.581000,1.475000,1.711000,0.012000,9.571000,9.875000,13.837000
frodo1344aes,sphincssha2128ssimple,pqc,pqc,off,154.540000,0 - default,21520,21632,7856,27816.000000,32400.000000,0.858519,1162,1157,264,16722,8072,32,39,32623,41728,21969,37959,9403,2316,74305,27,22,15,5,1.167000,1.187000,152.785000,1.587000,0.071000,0.461000,1.482000,1.730000,0.012000,146.324000,146.602000,150.757000
frodo1344aes,p256_sphincssha2128ssimple,pqc,pqc-hybrid,off,155.730000,0 - default,21520,21632,7930,27816.000000,32400.000000,0.858519,1162,1157,264,16942,8218,32,39,32623,41948,21969,38179,9403,2316,74525,27,22,15,5,1.152000,1.178000,153.100000,1.688000,0.065000,1.273000,1.482000,1.735000,0.012000,146.636000,146.904000,151.167000
frodo1344aes,rsa3072_sphincssha2128ssimple,pqc,pqc-hybrid,off,159.160000,0 - default,21520,21632,8244,27816.000000,32400.000000,0.858519,1162,1157,264,17950,8868,32,40,32623,42956,21969,39150,9403,2316,75533,27,22,16,5,1.495000,1.517000,156.651000,1.801000,0.060000,1.224000,1.860000,2.110000,0.011000,148.916000,149.191000,153.949000
frodo1344aes,sphincssha2192fsimple,pqc,pqc,off,21.320000,0 - default,21520,21632,35664,49913.000000,32400.000000,1.540525,1162,1157,348,74467,35897,34,87,32707,99473,21969,93928,9391,2316,132134,27,22,63,7,1.173000,1.193000,18.403000,1.593000,0.091000,1.042000,1.488000,1.743000,0.038000,11.984000,14.817000,16.391000
frodo1344aes,p384_sphincssha2192fsimple,pqc,pqc-hybrid,off,23.710000,0 - default,21520,21632,35770,48750.000000,32400.000000,1.504630,1162,1157,348,74866,36108,34,89,32707,99872,21969,94252,9391,2316,132533,27,22,65,7,1.182000,1.202000,19.245000,1.557000,0.092000,2.448000,1.482000,1.730000,0.038000,12.928000,15.719000,17.294000
frodo1344aes,sphincssha2192ssimple,pqc,pqc,off,272.900000,0 - default,21520,21632,16224,27816.000000,33600.000000,0.827857,1162,1157,306,34135,16457,34,54,33865,59141,21969,54817,10564,2316,92960,28,22,30,6,1.167000,1.187000,270.842000,1.602000,0.095000,0.582000,1.475000,1.740000,0.012000,264.313000,264.626000,268.841000
frodo1344aes,p384_sphincssha2192ssimple,pqc,pqc-hybrid,off,275.690000,0 - default,21520,21632,16332,27816.000000,33600.000000,0.827857,1162,1157,306,34491,16667,34,55,33865,59497,21969,55135,10564,2316,93316,28,22,31,6,1.223000,1.245000,272.055000,1.696000,0.090000,2.013000,1.493000,1.743000,0.014000,265.087000,265.421000,269.936000
frodo1344aes,sphincssha2256fsimple,pqc,pqc,off,34.340000,0 - default,21520,21632,49856,49913.000000,33600.000000,1.485506,1162,1157,478,103967,50105,38,112,34037,128973,21969,122503,10552,2316,162964,28,22,88,10,1.202000,1.222000,31.243000,1.711000,0.119000,1.082000,1.495000,1.729000,0.050000,24.487000,28.012000,29.043000
frodo1344aes,p521_sphincssha2256fsimple,pqc,pqc-hybrid,off,38.330000,0 - default,21520,21632,49998,49913.000000,33600.000000,1.485506,1162,1157,478,104429,50387,38,113,34037,129435,21969,122927,10552,2316,163426,28,22,89,10,1.179000,1.198000,32.880000,1.606000,0.115000,3.253000,1.478000,1.738000,0.068000,26.520000,30.024000,31.017000
frodo1344aes,sphincssha2256ssimple,pqc,pqc,off,248.580000,0 - default,21520,21632,29792,39446.000000,34800.000000,1.133506,1162,1157,390,62299,30041,37,77,35149,87305,21969,82130,11721,2316,122408,29,22,53,8,1.170000,1.190000,246.120000,1.584000,0.102000,0.724000,1.513000,1.773000,0.034000,239.519000,239.896000,244.125000
frodo1344aes,p521_sphincssha2256ssimple,pqc,pqc-hybrid,off,252.930000,0 - default,21520,21632,29935,27816.000000,33600.000000,0.827857,1162,1157,432,62807,30324,37,79,33991,87813,21969,82563,10564,2316,121758,28,22,55,9,1.166000,1.186000,247.997000,1.584000,0.083000,2.910000,1.484000,1.737000,0.033000,241.627000,241.995000,246.149000
frodo1344aes,sphincsshake128fsimple,pqc,pqc,off,24.020000,0 - default,21520,21632,17088,49913.000000,32400.000000,1.540525,1162,1157,222,35891,17305,31,55,32581,60897,21969,56536,9391,2316,93432,27,22,31,4,1.162000,1.182000,21.623000,1.528000,0.082000,1.292000,1.488000,1.740000,0.013000,15.261000,15.560000,19.607000
frodo1344aes,p256_sphincsshake128fsimple,pqc,pqc-hybrid,off,25.850000,0 - default,21520,21632,17163,48750.000000,32400.000000,1.504630,1162,1157,264,36110,17449,32,55,32623,61116,21969,56755,9391,2316,93693,27,22,31,5,1.298000,1.318000,22.479000,1.896000,0.076000,2.184000,1.510000,1.756000,0.012000,15.473000,15.770000,20.241000
frodo1344aes,rsa3072_sphincsshake128fsimple,pqc,pqc-hybrid,off,27.480000,0 - default,21520,21632,17476,52240.000000,32400.000000,1.612346,1162,1157,222,37118,18100,31,55,32581,60929,21969,57726,9391,1159,93464,27,21,32,4,1.217000,1.236000,24.270000,1.785000,0.069000,2.093000,1.470000,1.721000,0.013000,17.733000,18.042000,22.383000
frodo1344aes,sphincsshake128ssimple,pqc,pqc,off,323.220000,0 - default,21520,21632,7856,40609.000000,36000.000000,1.128028,1162,1157,180,16723,8073,33,39,36139,42046,21969,37960,12878,2633,78139,30,22,15,3,1.179000,1.199000,321.578000,1.536000,0.067000,0.656000,1.480000,1.738000,0.012000,315.328000,315.592000,319.627000
frodo1344aes,p256_sphincsshake128ssimple,pqc,pqc-hybrid,off,324.830000,0 - default,21520,21632,7931,27816.000000,33600.000000,0.827857,1162,1157,264,16943,8218,33,39,33823,41949,21969,38180,10564,2316,75726,28,22,15,5,1.164000,1.184000,321.970000,1.628000,0.071000,1.509000,1.480000,1.722000,0.011000,315.531000,315.800000,319.992000
frodo1344aes,rsa3072_sphincsshake128ssimple,pqc,pqc-hybrid,off,327.370000,0 - default,21520,21632,8244,27816.000000,33600.000000,0.827857,1162,1157,264,17950,8868,33,40,33823,42956,21969,39150,10564,2316,76733,28,22,16,5,1.173000,1.193000,324.593000,1.542000,0.067000,1.488000,1.468000,1.700000,0.012000,318.237000,318.507000,322.577000
frodo1344aes,sphincsshake192fsimple,pqc,pqc,off,34.530000,0 - default,21520,21632,35664,49913.000000,33600.000000,1.485506,1162,1157,348,74505,35897,35,88,33907,99511,21969,93928,10552,2316,133372,28,22,64,7,1.172000,1.192000,30.960000,1.479000,0.094000,1.820000,1.500000,1.736000,0.040000,24.572000,27.233000,28.857000
frodo1344aes,p384_sphincsshake192fsimple,pqc,pqc-hybrid,off,36.750000,0 - default,21520,21632,35772,49913.000000,33600.000000,1.485506,1162,1157,306,74868,36108,34,89,33865,99874,21969,94254,10552,2316,133693,28,22,65,6,1.173000,1.193000,31.810000,1.602000,0.107000,3.268000,1.484000,1.746000,0.039000,25.528000,28.479000,29.957000
frodo1344aes,sphincsshake192ssimple,pqc,pqc,off,575.040000,0 - default,21520,21632,16224,27816.000000,34800.000000,0.799310,1162,1157,306,34135,16457,35,54,35065,59141,21969,54817,11725,2316,94160,29,22,30,6,1.211000,1.231000,572.769000,1.621000,0.076000,0.848000,1.486000,1.738000,0.012000,566.200000,566.492000,570.656000
frodo1344aes,p384_sphincsshake192ssimple,pqc,pqc-hybrid,off,577.750000,0 - default,21520,21632,16331,27816.000000,34800.000000,0.799310,1162,1157,306,34492,16669,35,55,35065,59498,21969,55136,11725,2316,94517,29,22,31,6,1.189000,1.209000,573.869000,1.687000,0.086000,2.260000,1.475000,1.737000,0.013000,567.186000,567.487000,571.943000
frodo1344aes,sphincsshake256fsimple,pqc,pqc,off,61.660000,0 - default,21520,21632,49856,49913.000000,34800.000000,1.434282,1162,1157,478,104005,50105,39,113,35237,129011,21969,122503,11713,2316,164202,29,22,89,10,1.206000,1.226000,57.726000,1.599000,0.118000,1.906000,1.490000,1.743000,0.049000,51.299000,54.733000,55.798000
frodo1344aes,p521_sphincsshake256fsimple,pqc,pqc-hybrid,off,65.740000,0 - default,21520,21632,49998,49913.000000,34800.000000,1.434282,1162,1157,434,104429,50387,38,113,35193,129435,21969,122927,11713,2316,164582,29,22,89,9,1.173000,1.193000,59.526000,1.506000,0.121000,4.059000,1.483000,1.742000,0.067000,53.237000,56.562000,57.621000
frodo1344aes,sphincsshake256ssimple,pqc,pqc,off,492.180000,0 - default,21520,21632,29792,27817.000000,34800.000000,0.799339,1162,1157,432,62299,30041,38,76,35191,86105,21969,82130,11725,1159,121250,29,21,53,9,1.182000,1.202000,489.229000,1.550000,0.089000,1.087000,1.471000,1.717000,0.038000,482.714000,483.073000,487.173000
frodo1344aes,p521_sphincsshake256ssimple,pqc,pqc-hybrid,off,496.500000,0 - default,21520,21632,29935,27816.000000,34800.000000,0.799310,1162,1157,432,62807,30324,38,79,35191,87813,21969,82563,11725,2316,122958,29,22,55,9,1.164000,1.184000,491.068000,1.639000,0.107000,3.328000,1.479000,1.742000,0.037000,484.451000,484.850000,489.161000
frodo1344aes,ED25519,pqc,classic,off,6.890000,0 - default,21520,21632,64,25793.000000,30000.000000,0.859767,1162,1157,138,620,270,27,27,30041,26786,21969,22300,7013,3476,56781,25,22,3,2,1.169000,1.193000,5.909000,1.461000,0.046000,0.176000,1.478000,1.587000,0.011000,0.036000,0.071000,4.931000
frodo1344aes,ED448,pqc,classic,off,7.260000,0 - default,21520,21632,114,25918.000000,30000.000000,0.863933,1162,1157,138,745,345,27,27,30041,26911,21969,22425,7013,3476,56906,25,22,3,2,1.172000,1.192000,6.156000,1.569000,0.045000,0.295000,1.497000,1.594000,0.012000,0.210000,0.245000,5.352000
p521_frodo1344aes,MLDSA44,pqc-hybrid,pqc,off,19.980000,0 - default,21653,21765,2420,30806.000000,32400.000000,0.950802,1162,1157,180,6847,3931,31,31,32569,31951,22102,28475,9258,2319,64439,27,21,8,3,7.494000,7.516000,18.861000,4.154000,0.044000,0.216000,5.060000,5.161000,0.012000,0.355000,0.403000,10.567000
p521_frodo1344aes,MLDSA65,pqc-hybrid,pqc,off,21.500000,0 - default,21653,21765,3309,34396.000000,32400.000000,1.061605,1162,1157,180,9349,5460,31,34,32569,35653,22102,30903,9258,3476,68141,27,22,10,3,7.520000,7.541000,20.267000,4.162000,0.061000,0.298000,5.046000,5.144000,0.011000,1.678000,1.735000,11.877000
p521_frodo1344aes,MLDSA87,pqc-hybrid,pqc,off,21.080000,0 - default,21653,21765,4627,37687.000000,32400.000000,1.163179,1162,1157,180,12751,7418,31,37,32569,39055,22102,34194,9258,3476,71543,27,22,13,3,7.532000,7.552000,19.715000,4.215000,0.061000,0.389000,5.023000,5.122000,0.012000,1.187000,1.254000,11.392000
p521_frodo1344aes,p256_mldsa44,pqc-hybrid,pqc-hybrid,off,19.110000,0 - default,21653,21765,2494,31013.000000,32400.000000,0.957191,1162,1157,180,7054,4064,31,31,32569,32158,22102,28682,9258,2319,64646,27,21,8,3,7.491000,7.511000,17.601000,4.264000,0.048000,0.560000,5.036000,5.268000,0.011000,0.312000,0.568000,10.960000
p521_frodo1344aes,rsa3072_mldsa44,pqc-hybrid,pqc-hybrid,off,22.110000,0 - default,21653,21765,2808,33139.000000,32400.000000,1.022809,1162,1157,180,8055,4709,31,33,32569,34359,22102,29646,9258,3476,66847,27,22,9,3,7.548000,7.569000,20.496000,4.315000,0.051000,0.674000,5.050000,5.283000,0.011000,2.567000,2.825000,13.265000
p521_frodo1344aes,p384_mldsa65,pqc-hybrid,pqc-hybrid,off,20.500000,0 - default,21653,21765,3416,34699.000000,32400.000000,1.070957,1162,1157,180,9652,5656,31,34,32569,35956,22102,31206,9258,3476,68444,27,22,10,3,7.497000,7.517000,18.318000,4.112000,0.055000,1.166000,5.051000,5.286000,0.011000,1.121000,1.384000,11.684000
p521_frodo1344aes,p521_mldsa87,pqc-hybrid,pqc-hybrid,off,22.500000,0 - default,21653,21765,4769,38095.000000,32400.000000,1.175772,1162,1157,180,13159,7684,31,37,32569,39463,22102,34602,9258,3476,71951,27,22,13,3,7.478000,7.501000,19.488000,4.177000,0.058000,1.976000,5.049000,5.280000,0.012000,2.187000,2.460000,12.713000
p521_frodo1344aes,falcon512,pqc-hybrid,pqc,off,20.260000,0 - default,21653,21765,653,27996.000000,32400.000000,0.864074,1162,1157,180,2764,1741,31,29,32569,29068,22102,24503,9258,3476,61556,27,22,5,3,7.477000,7.498000,19.098000,4.178000,0.048000,0.284000,5.054000,5.296000,0.011000,0.251000,0.502000,11.590000
p521_frodo1344aes,falcon1024,pqc-hybrid,pqc,off,20.600000,0 - default,21653,21765,1272,28970.000000,32400.000000,0.894136,1162,1157,180,4937,3253,31,29,32569,30041,22102,26639,9258,2319,62529,27,21,6,3,7.461000,7.481000,19.373000,4.209000,0.054000,0.324000,5.070000,5.310000,0.012000,0.477000,0.735000,11.077000
p521_frodo1344aes,p256_falcon512,pqc-hybrid,pqc-hybrid,off,19.320000,0 - default,21653,21765,732,28219.000000,32400.000000,0.870957,1162,1157,180,2987,1885,31,29,32569,29291,22102,24726,9258,3476,61779,27,22,5,3,7.528000,7.548000,17.820000,4.233000,0.045000,0.562000,5.090000,5.324000,0.011000,0.459000,0.708000,11.968000
p521_frodo1344aes,rsa3072_falcon512,pqc-hybrid,pqc-hybrid,off,22.240000,0 - default,21653,21765,1045,29184.000000,32400.000000,0.900741,1162,1157,180,3989,2532,31,30,32569,30293,22102,25691,9258,3476,62781,27,22,6,3,7.507000,7.527000,20.661000,4.293000,0.046000,0.680000,5.033000,5.273000,0.011000,2.724000,2.977000,13.377000
p521_frodo1344aes,falconpadded512,pqc-hybrid,pqc,off,20.450000,0 - default,21653,21765,666,28018.000000,32400.000000,0.864753,1162,1157,180,2786,1750,31,29,32569,29090,22102,24525,9258,3476,61578,27,22,5,3,7.595000,7.615000,19.276000,4.332000,0.050000,0.280000,5.070000,5.313000,0.011000,0.254000,0.505000,11.786000
p521_frodo1344aes,p256_falconpadded512,pqc-hybrid,pqc-hybrid,off,19.550000,0 - default,21653,21765,741,28238.000000,32400.000000,0.871543,1162,1157,180,3006,1895,31,29,32569,29310,22102,24745,9258,3476,61798,27,22,5,3,7.578000,7.599000,18.036000,4.318000,0.051000,0.559000,5.062000,5.293000,0.011000,0.466000,0.719000,12.042000
p521_frodo1344aes,rsa3072_falconpadded512,pqc-hybrid,pqc-hybrid,off,22.210000,0 - default,21653,21765,1054,29201.000000,32400.000000,0.901265,1162,1157,180,4006,2540,31,30,32569,30310,22102,25708,9258,3476,62798,27,22,6,3,7.511000,7.531000,20.590000,4.239000,0.060000,0.690000,5.054000,5.288000,0.012000,2.738000,2.986000,13.351000
p521_frodo1344aes,p521_falcon1024,pqc-hybrid,pqc-hybrid,off,22.990000,0 - default,21653,21765,1414,30556.000000,32400.000000,0.943086,1162,1157,180,5398,3530,31,31,32569,31702,22102,27063,9258,3476,64190,27,22,7,3,7.552000,7.572000,19.984000,4.286000,0.053000,2.018000,5.033000,5.266000,0.011000,2.532000,2.784000,13.253000
p521_frodo1344aes,falconpadded1024,pqc-hybrid,pqc,off,20.630000,0 - default,21653,21765,1280,30147.000000,32400.000000,0.930463,1162,1157,180,4952,3260,31,30,32569,31256,22102,26654,9258,3476,63744,27,22,6,3,7.513000,7.533000,19.385000,4.290000,0.054000,0.334000,5.044000,5.284000,0.012000,0.478000,0.728000,11.944000
p521_frodo1344aes,p521_falconpadded1024,pqc-hybrid,pqc-hybrid,off,22.930000,0 - default,21653,21765,1423,30574.000000,32400.000000,0.943642,1162,1157,180,5416,3539,31,31,32569,31720,22102,27081,9258,3476,64208,27,22,7,3,7.518000,7.538000,19.933000,4.295000,0.053000,1.999000,5.028000,5.265000,0.012000,2.515000,2.766000,13.215000
p521_frodo1344aes,sphincssha2128fsimple,pqc-hybrid,pqc,off,27.990000,0 - default,21653,21765,17088,51038.000000,32400.000000,1.575247,1162,1157,222,35889,17305,31,56,32581,61068,22102,56667,9258,2317,93603,27,23,31,4,7.468000,7.488000,26.103000,4.237000,0.064000,0.790000,5.065000,5.303000,0.011000,7.071000,7.375000,17.719000
p521_frodo1344aes,p256_sphincssha2128fsimple,pqc-hybrid,pqc-hybrid,off,26.880000,0 - default,21653,21765,17164,49875.000000,32400.000000,1.539352,1162,1157,222,36154,17451,31,57,32581,61333,22102,56895,9258,2317,93868,27,23,32,4,7.498000,7.518000,24.628000,4.275000,0.070000,1.074000,5.055000,5.293000,0.011000,7.298000,7.598000,17.966000
p521_frodo1344aes,rsa3072_sphincssha2128fsimple,pqc-hybrid,pqc-hybrid,off,29.610000,0 - default,21653,21765,17476,52201.000000,33600.000000,1.553601,1162,1157,222,37116,18100,32,57,33781,62300,22102,57857,10415,2317,96035,28,23,32,4,7.507000,7.527000,27.267000,4.125000,0.077000,1.186000,5.029000,5.269000,0.013000,9.562000,9.869000,20.067000
p521_frodo1344aes,sphincssha2128ssimple,pqc-hybrid,pqc,off,166.720000,0 - default,21653,21765,7856,40571.000000,34800.000000,1.165833,1162,1157,180,16722,8072,32,40,34939,42046,22102,38092,11584,2462,76939,29,23,15,3,7.513000,7.533000,165.313000,4.158000,0.059000,0.450000,5.059000,5.297000,0.010000,146.549000,146.828000,157.056000
p521_frodo1344aes,p256_sphincssha2128ssimple,pqc-hybrid,pqc-hybrid,off,166.130000,0 - default,21653,21765,7930,39408.000000,33600.000000,1.172857,1162,1157,222,16984,8218,32,41,33781,42163,22102,38317,10427,2317,75898,28,23,16,4,7.504000,7.525000,164.256000,4.258000,0.083000,0.769000,5.056000,5.304000,0.011000,146.808000,147.102000,157.544000
p521_frodo1344aes,rsa3072_sphincssha2128ssimple,pqc-hybrid,pqc-hybrid,off,169.300000,0 - default,21653,21765,8244,28941.000000,32400.000000,0.893241,1162,1157,306,17948,8868,33,41,32665,43127,22102,39281,9270,2317,75746,27,23,16,6,7.491000,7.511000,167.126000,4.419000,0.081000,0.848000,5.026000,5.264000,0.012000,148.935000,149.236000,159.833000
p521_frodo1344aes,sphincssha2192fsimple,pqc-hybrid,pqc,off,33.320000,0 - default,21653,21765,35664,51038.000000,33600.000000,1.518988,1162,1157,306,74465,35897,34,88,33865,99644,22102,94059,10419,2317,133463,28,23,63,6,7.500000,7.520000,30.776000,4.145000,0.091000,1.038000,5.043000,5.277000,0.039000,11.953000,17.449000,22.488000
p521_frodo1344aes,p384_sphincssha2192fsimple,pqc-hybrid,pqc-hybrid,off,34.150000,0 - default,21653,21765,35771,51038.000000,33600.000000,1.518988,1162,1157,348,74827,36108,35,89,33907,100006,22102,94384,10419,2317,133867,28,23,64,7,7.507000,7.527000,30.275000,4.320000,0.093000,1.892000,5.046000,5.281000,0.056000,12.873000,18.476000,23.616000
p521_frodo1344aes,sphincssha2192ssimple,pqc-hybrid,pqc,off,285.470000,0 - default,21653,21765,16224,38245.000000,34800.000000,1.098994,1162,1157,264,34133,16457,34,55,35023,59312,22102,54948,11588,2317,94289,29,23,30,5,7.613000,7.634000,283.506000,4.424000,0.090000,0.590000,5.129000,5.399000,0.019000,263.955000,264.318000,275.015000
p521_frodo1344aes,p384_sphincssha2192ssimple,pqc-hybrid,pqc-hybrid,off,285.820000,0 - default,21653,21765,16331,28941.000000,33600.000000,0.861339,1162,1157,306,34450,16667,34,55,33865,59629,22102,55265,10431,2317,93448,28,23,30,6,7.512000,7.533000,282.695000,4.441000,0.095000,1.488000,5.080000,5.317000,0.011000,265.213000,265.521000,276.146000
p521_frodo1344aes,sphincssha2256fsimple,pqc-hybrid,pqc,off,46.610000,0 - default,21653,21765,49856,51038.000000,33600.000000,1.518988,1162,1157,520,103965,50105,39,113,34079,129144,22102,122634,10419,2317,163177,28,23,88,11,7.589000,7.609000,43.504000,4.264000,0.116000,1.073000,5.030000,5.263000,0.077000,24.475000,30.608000,35.207000
p521_frodo1344aes,p521_sphincssha2256fsimple,pqc-hybrid,pqc-hybrid,off,49.100000,0 - default,21653,21765,49999,51038.000000,33600.000000,1.518988,1162,1157,478,104428,50387,38,114,34037,129607,22102,123059,10419,2317,163598,28,23,89,10,7.522000,7.541000,44.102000,4.351000,0.133000,2.730000,5.056000,5.323000,0.076000,26.431000,32.810000,37.387000
p521_frodo1344aes,sphincssha2256ssimple,pqc-hybrid,pqc,off,261.360000,0 - default,21653,21765,29792,28941.000000,33600.000000,0.861339,1162,1157,432,62297,30041,37,78,33991,87476,22102,82261,10431,2317,121421,28,23,53,9,7.491000,7.511000,258.821000,4.393000,0.103000,0.708000,5.054000,5.289000,0.033000,239.607000,239.982000,250.543000
p521_frodo1344aes,p521_sphincssha2256ssimple,pqc-hybrid,pqc-hybrid,off,263.310000,0 - default,21653,21765,29935,28941.000000,33600.000000,0.861339,1162,1157,432,62767,30324,37,79,33991,87946,22102,82694,10431,2317,121891,28,23,54,9,7.523000,7.543000,258.994000,4.359000,0.094000,2.372000,5.035000,5.268000,0.048000,241.586000,241.972000,252.454000
p521_frodo1344aes,sphincsshake128fsimple,pqc-hybrid,pqc,off,38.650000,0 - default,21653,21765,17088,49876.000000,33600.000000,1.484405,1162,1157,222,35889,17305,32,55,33781,59868,22102,56667,10419,1160,93603,28,22,31,4,8.122000,8.144000,36.216000,4.825000,0.074000,1.312000,5.390000,5.627000,0.012000,15.252000,15.556000,26.798000
p521_frodo1344aes,p256_sphincsshake128fsimple,pqc-hybrid,pqc-hybrid,off,35.440000,0 - default,21653,21765,17162,49875.000000,33600.000000,1.484375,1162,1157,222,36150,17449,32,57,33781,61329,22102,56891,10419,2317,95064,28,23,32,4,7.508000,7.528000,32.673000,4.253000,0.075000,1.574000,5.043000,5.280000,0.011000,15.439000,15.741000,26.069000
p521_frodo1344aes,rsa3072_sphincsshake128fsimple,pqc-hybrid,pqc-hybrid,off,39.020000,0 - default,21653,21765,17476,55690.000000,33600.000000,1.657440,1162,1157,222,37116,18100,32,57,33781,62295,22102,57857,10419,2317,96030,28,23,32,4,7.595000,7.615000,35.914000,4.271000,0.095000,1.766000,5.097000,5.350000,0.012000,17.714000,18.025000,28.572000
p521_frodo1344aes,sphincsshake128ssimple,pqc-hybrid,pqc,off,336.900000,0 - default,21653,21765,7856,28942.000000,33600.000000,0.861369,1162,1157,264,16723,8073,33,39,33823,40702,22102,38093,10431,1160,74479,28,22,15,5,7.513000,7.533000,334.972000,4.382000,0.080000,0.674000,5.072000,5.311000,0.011000,315.616000,315.909000,326.491000
p521_frodo1344aes,p256_sphincsshake128ssimple,pqc-hybrid,pqc-hybrid,off,335.450000,0 - default,21653,21765,7930,28942.000000,33600.000000,0.861369,1162,1157,264,16984,8218,33,40,33823,40963,22102,38317,10431,1160,74740,28,22,16,5,7.511000,7.531000,333.068000,4.342000,0.079000,0.948000,5.033000,5.266000,0.011000,315.572000,315.866000,326.478000
p521_frodo1344aes,rsa3072_sphincsshake128ssimple,pqc-hybrid,pqc-hybrid,off,338.580000,0 - default,21653,21765,8244,28941.000000,33600.000000,0.861339,1162,1157,264,17948,8868,33,41,33823,43127,22102,39281,10431,2317,76904,28,23,16,5,7.614000,7.634000,336.153000,4.336000,0.078000,1.092000,5.042000,5.273000,0.011000,318.160000,318.443000,328.958000
p521_frodo1344aes,sphincsshake192fsimple,pqc-hybrid,pqc,off,47.070000,0 - default,21653,21765,35664,55690.000000,33600.000000,1.657440,1162,1157,306,74465,35897,34,88,33865,99644,22102,94059,10419,2317,133463,28,23,63,6,7.548000,7.568000,43.554000,4.262000,0.095000,1.833000,5.033000,5.268000,0.039000,24.546000,30.216000,35.279000
p521_frodo1344aes,p384_sphincsshake192fsimple,pqc-hybrid,pqc-hybrid,off,47.310000,0 - default,21653,21765,35770,55690.000000,33600.000000,1.657440,1162,1157,306,74826,36108,34,89,33865,100005,22102,94383,10419,2317,133824,28,23,64,6,7.507000,7.527000,42.783000,4.218000,0.098000,2.687000,5.034000,5.270000,0.054000,25.490000,31.190000,36.184000
p521_frodo1344aes,sphincsshake192ssimple,pqc-hybrid,pqc,off,587.610000,0 - default,21653,21765,16224,28942.000000,34800.000000,0.831667,1162,1157,306,34133,16457,35,54,35065,58112,22102,54948,11592,1160,93131,29,22,30,6,7.549000,7.570000,585.252000,4.310000,0.085000,0.819000,5.041000,5.272000,0.011000,566.001000,566.300000,576.829000
p521_frodo1344aes,p384_sphincsshake192ssimple,pqc-hybrid,pqc-hybrid,off,588.150000,0 - default,21653,21765,16331,28941.000000,34800.000000,0.831638,1162,1157,306,34452,16669,35,55,35065,59631,22102,55267,11592,2317,94650,29,23,30,6,7.527000,7.548000,584.759000,4.247000,0.083000,1.705000,5.022000,5.261000,0.012000,567.255000,567.560000,577.987000
p521_frodo1344aes,sphincsshake256fsimple,pqc-hybrid,pqc,off,74.320000,0 - default,21653,21765,49856,49876.000000,33600.000000,1.484405,1162,1157,394,103965,50105,36,112,33953,127944,22102,122634,10423,1160,161851,28,22,88,8,7.521000,7.541000,70.315000,4.336000,0.123000,1.848000,5.029000,5.264000,0.066000,51.236000,57.258000,62.046000
p521_frodo1344aes,p521_sphincsshake256fsimple,pqc-hybrid,pqc-hybrid,off,76.140000,0 - default,21653,21765,49998,51038.000000,34800.000000,1.466609,1162,1157,478,104427,50387,39,114,35237,129606,22102,123058,11580,2317,164797,29,23,89,10,7.477000,7.497000,70.501000,4.133000,0.115000,3.471000,5.042000,5.276000,0.070000,53.213000,59.252000,63.814000
p521_frodo1344aes,sphincsshake256ssimple,pqc-hybrid,pqc,off,504.420000,0 - default,21653,21765,29792,28941.000000,34800.000000,0.831638,1162,1157,432,62297,30041,38,78,35191,87476,22102,82261,11592,2317,122621,29,23,53,9,7.484000,7.505000,501.618000,4.334000,0.097000,1.063000,5.026000,5.266000,0.036000,482.480000,482.852000,493.299000
p521_frodo1344aes,p521_sphincsshake256ssimple,pqc-hybrid,pqc-hybrid,off,506.590000,0 - default,21653,21765,29935,28942.000000,34800.000000,0.831667,1162,1157,432,62805,30324,38,79,35191,86784,22102,82694,11592,1160,121929,29,22,55,9,7.525000,7.546000,501.844000,4.241000,0.112000,2.737000,5.039000,5.273000,0.049000,484.330000,484.727000,495.229000
p521_frodo1344aes,ED25519,pqc-hybrid,classic,off,19.680000,0 - default,21653,21765,64,25926.000000,31200.000000,0.830962,1162,1157,138,620,270,28,27,31241,26919,22102,22433,8041,3476,58114,26,22,3,2,7.507000,7.527000,18.642000,4.275000,0.047000,0.186000,5.042000,5.140000,0.010000,0.036000,0.070000,11.415000
p521_frodo1344aes,ED448,pqc-hybrid,classic,off,19.750000,0 - default,21653,21765,114,24889.000000,31200.000000,0.797724,1162,1157,138,745,345,28,26,31241,25844,22102,22558,8045,2319,57039,26,21,3,2,7.494000,7.515000,18.603000,4.206000,0.046000,0.297000,5.035000,5.136000,0.010000,0.210000,0.246000,11.575000
frodo1344shake,MLDSA44,pqc,pqc,off,15.420000,0 - default,21520,21632,2420,30673.000000,30000.000000,1.022433,1162,1157,180,6847,3931,29,31,30169,31818,21969,28342,7073,2319,61906,25,21,8,3,3.813000,3.833000,14.264000,4.026000,0.049000,0.206000,3.964000,4.064000,0.012000,0.574000,0.623000,9.558000
frodo1344shake,MLDSA65,pqc,pqc,off,15.950000,0 - default,21520,21632,3309,33101.000000,30000.000000,1.103367,1162,1157,180,9349,5460,29,33,30169,34320,21969,30770,7073,2319,64408,25,21,10,3,3.827000,3.847000,14.694000,3.993000,0.048000,0.274000,3.996000,4.095000,0.012000,1.109000,1.166000,10.112000
frodo1344shake,MLDSA87,pqc,pqc,off,15.850000,0 - default,21520,21632,4627,36392.000000,31200.000000,1.166410,1162,1157,180,12751,7418,30,36,31369,37722,21969,34061,8230,2319,69010,26,21,13,3,3.805000,3.825000,14.430000,4.045000,0.053000,0.390000,3.966000,4.063000,0.012000,0.770000,0.834000,9.829000
frodo1344shake,p256_mldsa44,pqc,pqc-hybrid,off,16.440000,0 - default,21520,21632,2496,30882.000000,31200.000000,0.989808,1162,1157,180,7056,4064,30,31,31369,32027,21969,28551,8230,2319,63315,26,21,8,3,3.830000,3.849000,14.309000,4.082000,0.051000,1.098000,3.954000,4.191000,0.012000,0.341000,0.588000,10.652000
frodo1344shake,rsa3072_mldsa44,pqc,pqc-hybrid,off,18.570000,0 - default,21520,21632,2808,33006.000000,32400.000000,1.018704,1162,1157,180,8055,4709,31,33,32569,34226,21969,29513,9391,3476,66714,27,22,9,3,3.810000,3.830000,16.542000,3.951000,0.046000,1.068000,4.021000,4.260000,0.012000,2.579000,2.829000,11.882000
frodo1344shake,p384_mldsa65,pqc,pqc-hybrid,off,18.110000,0 - default,21520,21632,3417,33405.000000,31200.000000,1.070673,1162,1157,180,9653,5656,30,33,31369,34624,21969,31074,8230,2319,65912,26,21,10,3,3.828000,3.848000,15.319000,3.988000,0.054000,1.709000,3.982000,4.219000,0.012000,1.130000,1.383000,10.490000
frodo1344shake,p521_mldsa87,pqc,pqc-hybrid,off,20.120000,0 - default,21520,21632,4769,36800.000000,31200.000000,1.179487,1162,1157,180,13159,7684,30,36,31369,38130,21969,34469,8234,2319,69418,26,21,13,3,3.837000,3.857000,16.429000,3.958000,0.054000,2.550000,3.993000,4.237000,0.012000,2.517000,2.777000,11.820000
frodo1344shake,falcon512,pqc,pqc,off,15.450000,0 - default,21520,21632,651,27860.000000,31200.000000,0.892949,1162,1157,138,2761,1741,28,29,31241,28927,21969,24367,8174,3476,60122,26,22,5,2,3.798000,3.824000,14.245000,4.123000,0.051000,0.308000,3.966000,4.201000,0.012000,0.260000,0.500000,10.881000
frodo1344shake,falcon1024,pqc,pqc,off,15.870000,0 - default,21520,21632,1270,29997.000000,31200.000000,0.961442,1162,1157,138,4935,3253,28,30,31241,31101,21969,26504,8174,3476,62296,26,22,6,2,3.837000,3.856000,14.614000,4.140000,0.053000,0.344000,3.969000,4.211000,0.012000,0.467000,0.707000,11.210000
frodo1344shake,p256_falcon512,pqc,pqc-hybrid,off,16.540000,0 - default,21520,21632,731,26923.000000,30000.000000,0.897433,1162,1157,180,2986,1885,29,28,30169,27957,21969,24592,7073,2319,58045,25,21,5,3,3.815000,3.835000,14.393000,3.953000,0.054000,1.130000,3.957000,4.190000,0.012000,0.481000,0.720000,9.727000
frodo1344shake,rsa3072_falcon512,pqc,pqc-hybrid,off,18.870000,0 - default,21520,21632,1041,27884.000000,32400.000000,0.860617,1162,1157,180,3984,2532,31,29,32569,28955,21969,25553,9391,2319,61443,27,21,6,3,3.801000,3.824000,16.831000,4.128000,0.052000,1.089000,3.976000,4.210000,0.012000,2.739000,2.987000,12.134000
frodo1344shake,falconpadded512,pqc,pqc,off,15.600000,0 - default,21520,21632,666,26722.000000,31200.000000,0.856474,1162,1157,138,2785,1750,28,28,31241,27751,21969,24391,8174,2319,58946,26,21,5,2,3.864000,3.884000,14.390000,4.029000,0.050000,0.315000,3.980000,4.221000,0.011000,0.266000,0.503000,10.845000
frodo1344shake,p256_falconpadded512,pqc,pqc-hybrid,off,16.750000,0 - default,21520,21632,742,28106.000000,31200.000000,0.900833,1162,1157,138,3007,1895,28,29,31241,29173,21969,24613,8174,3480,60368,26,22,5,2,3.833000,3.854000,14.655000,3.974000,0.055000,1.134000,3.985000,4.220000,0.011000,0.477000,0.711000,11.938000
frodo1344shake,rsa3072_falconpadded512,pqc,pqc-hybrid,off,18.750000,0 - default,21520,21632,1054,29067.000000,32400.000000,0.897130,1162,1157,180,4005,2540,31,30,32569,30176,21969,25574,9391,3476,62664,27,22,6,3,3.806000,3.826000,16.707000,3.972000,0.052000,1.085000,3.964000,4.199000,0.012000,2.752000,2.991000,11.987000
frodo1344shake,p521_falcon1024,pqc,pqc-hybrid,off,20.290000,0 - default,21520,21632,1416,29263.000000,32400.000000,0.903179,1162,1157,180,5400,3530,31,30,32569,30371,21969,26932,9391,2319,62859,27,21,7,3,3.816000,3.836000,16.698000,4.141000,0.054000,2.556000,3.987000,4.231000,0.012000,2.528000,2.778000,12.026000
frodo1344shake,falconpadded1024,pqc,pqc,off,15.870000,0 - default,21520,21632,1280,28852.000000,31200.000000,0.924744,1162,1157,138,4952,3260,28,29,31241,29918,21969,26521,8174,2319,61113,26,21,6,2,3.896000,3.915000,14.646000,4.136000,0.052000,0.332000,4.044000,4.276000,0.011000,0.474000,0.712000,11.204000
frodo1344shake,p521_falconpadded1024,pqc,pqc-hybrid,off,20.090000,0 - default,21520,21632,1423,29279.000000,32400.000000,0.903673,1162,1157,180,5416,3539,31,30,32569,30387,21969,26948,9391,2319,62875,27,21,7,3,3.824000,3.844000,16.482000,3.962000,0.059000,2.546000,3.981000,4.220000,0.012000,2.520000,2.762000,11.793000
frodo1344shake,sphincssha2128fsimple,pqc,pqc,off,23.290000,0 - default,21520,21632,17088,54528.000000,32400.000000,1.682963,1162,1157,222,35891,17305,31,55,32581,59737,21969,56536,9391,1160,92272,27,22,31,4,3.811000,3.832000,21.239000,4.001000,0.077000,0.783000,4.121000,4.356000,0.013000,7.060000,7.353000,16.570000
frodo1344shake,p256_sphincssha2128fsimple,pqc,pqc-hybrid,off,24.310000,0 - default,21520,21632,17163,49876.000000,31200.000000,1.598590,1162,1157,222,36112,17451,30,55,31381,59958,21969,56757,8234,1160,91293,26,22,31,4,3.817000,3.839000,21.386000,4.053000,0.066000,1.612000,3.981000,4.228000,0.012000,7.295000,7.589000,16.652000
frodo1344shake,rsa3072_sphincssha2128fsimple,pqc,pqc-hybrid,off,26.490000,0 - default,21520,21632,17476,49876.000000,31200.000000,1.598590,1162,1157,222,37118,18100,30,56,31381,60964,21969,57726,8234,1160,92299,26,22,32,4,3.816000,3.837000,23.642000,4.122000,0.072000,1.564000,3.959000,4.198000,0.013000,9.568000,9.867000,18.996000
frodo1344shake,sphincssha2128ssimple,pqc,pqc,off,162.240000,0 - default,21520,21632,7856,28941.000000,32400.000000,0.893241,1162,1157,264,16722,8072,32,40,32623,41768,21969,37959,9403,2317,74345,27,23,15,5,3.813000,3.834000,160.453000,4.095000,0.084000,0.469000,3.960000,4.199000,0.013000,146.243000,146.534000,155.758000
frodo1344shake,p256_sphincssha2128ssimple,pqc,pqc-hybrid,off,162.990000,0 - default,21520,21632,7931,40609.000000,34800.000000,1.166925,1162,1157,180,16943,8218,32,39,34939,42046,21969,38180,11717,2417,76939,29,22,15,3,3.808000,3.829000,160.601000,4.005000,0.068000,1.276000,3.971000,4.210000,0.012000,146.537000,146.801000,155.921000
frodo1344shake,rsa3072_sphincssha2128ssimple,pqc,pqc-hybrid,off,165.660000,0 - default,21520,21632,8244,28942.000000,32400.000000,0.893272,1162,1157,264,17948,8868,32,40,32623,41794,21969,39148,9403,1160,74371,27,22,16,5,3.819000,3.838000,163.092000,4.109000,0.062000,1.270000,3.990000,4.227000,0.012000,148.911000,149.182000,158.439000
frodo1344shake,sphincssha2192fsimple,pqc,pqc,off,29.070000,0 - default,21520,21632,35664,54528.000000,32400.000000,1.682963,1162,1157,306,74467,35897,33,87,32665,98313,21969,93928,9391,1160,130932,27,22,63,6,3.800000,3.820000,26.208000,4.046000,0.094000,1.065000,3.978000,4.223000,0.039000,11.938000,17.119000,21.361000
frodo1344shake,p384_sphincssha2192fsimple,pqc,pqc-hybrid,off,31.240000,0 - default,21520,21632,35772,53365.000000,32400.000000,1.647068,1162,1157,306,74830,36108,33,88,32665,98676,21969,94254,9391,1160,131295,27,22,64,6,3.806000,3.826000,26.818000,3.971000,0.093000,2.452000,3.963000,4.208000,0.050000,12.914000,18.066000,22.288000
frodo1344shake,sphincssha2192ssimple,pqc,pqc,off,280.410000,0 - default,21520,21632,16224,27816.000000,33600.000000,0.827857,1162,1157,306,34135,16457,34,54,33865,59141,21969,54817,10564,2316,92960,28,22,30,6,3.821000,3.841000,278.382000,4.081000,0.084000,0.583000,3.961000,4.202000,0.012000,264.039000,264.339000,273.801000
frodo1344shake,p384_sphincssha2192ssimple,pqc,pqc-hybrid,off,283.100000,0 - default,21520,21632,16331,28941.000000,33600.000000,0.861339,1162,1157,306,34450,16667,34,55,33865,59496,21969,55132,10564,2317,93315,28,23,30,6,3.802000,3.822000,279.502000,4.031000,0.082000,2.006000,3.986000,4.239000,0.012000,265.359000,265.656000,274.926000
frodo1344shake,sphincssha2256fsimple,pqc,pqc,off,41.770000,0 - default,21520,21632,49856,55690.000000,33600.000000,1.657440,1162,1157,350,103967,50105,35,113,33909,129013,21969,122503,10552,2317,162876,28,23,88,7,3.812000,3.835000,38.565000,3.973000,0.124000,1.051000,3.979000,4.216000,0.056000,24.421000,30.226000,33.847000
frodo1344shake,p521_sphincssha2256fsimple,pqc,pqc-hybrid,off,46.300000,0 - default,21520,21632,49998,55690.000000,33600.000000,1.657440,1162,1157,350,104429,50387,35,114,33909,129475,21969,122927,10552,2317,163338,28,23,89,7,3.818000,3.838000,40.728000,4.106000,0.114000,3.238000,4.003000,4.245000,0.073000,26.518000,32.563000,36.124000
frodo1344shake,sphincssha2256ssimple,pqc,pqc,off,256.850000,0 - default,21520,21632,29792,28942.000000,32400.000000,0.893272,1162,1157,390,62297,30041,35,77,32749,86143,21969,82128,9403,1160,118846,27,22,53,8,3.831000,3.851000,254.305000,4.078000,0.100000,0.719000,3.968000,4.216000,0.046000,239.873000,240.266000,249.538000
frodo1344shake,p521_sphincssha2256ssimple,pqc,pqc-hybrid,off,261.390000,0 - default,21520,21632,29934,28942.000000,33600.000000,0.861369,1162,1157,390,62766,30324,36,78,33949,86612,21969,82560,10564,1160,120515,28,22,54,8,3.812000,3.833000,256.533000,4.083000,0.082000,2.924000,3.971000,4.202000,0.035000,242.051000,242.413000,251.819000
frodo1344shake,sphincsshake128fsimple,pqc,pqc,off,32.370000,0 - default,21520,21632,17088,49876.000000,32400.000000,1.539383,1162,1157,222,35891,17305,31,55,32581,59737,21969,56536,9391,1160,92272,27,22,31,4,3.822000,3.842000,29.822000,4.089000,0.075000,1.315000,4.001000,4.238000,0.012000,15.225000,15.518000,24.692000
frodo1344shake,p256_sphincsshake128fsimple,pqc,pqc-hybrid,off,32.840000,0 - default,21520,21632,17163,49876.000000,32400.000000,1.539383,1162,1157,222,36110,17449,31,55,32581,59956,21969,56755,9395,1160,92491,27,22,31,4,3.833000,3.853000,29.427000,3.958000,0.074000,2.106000,3.982000,4.232000,0.013000,15.458000,15.755000,24.758000
frodo1344shake,rsa3072_sphincsshake128fsimple,pqc,pqc-hybrid,off,35.120000,0 - default,21520,21632,17476,49876.000000,32400.000000,1.539383,1162,1157,222,37118,18100,31,56,32581,60964,21969,57726,9391,1160,93499,27,22,32,4,3.803000,3.824000,31.785000,3.988000,0.070000,2.073000,3.969000,4.208000,0.012000,17.713000,18.013000,27.054000
frodo1344shake,sphincsshake128ssimple,pqc,pqc,off,332.120000,0 - default,21520,21632,7856,28942.000000,33600.000000,0.861369,1162,1157,264,16723,8073,33,39,33823,40569,21969,37960,10564,1160,74346,28,22,15,5,3.808000,3.834000,330.137000,4.152000,0.078000,0.679000,3.969000,4.209000,0.013000,315.885000,316.159000,325.451000
frodo1344shake,p256_sphincsshake128ssimple,pqc,pqc-hybrid,off,332.570000,0 - default,21520,21632,7931,28942.000000,33600.000000,0.861369,1162,1157,264,16943,8218,33,39,33823,40789,21969,38180,10564,1160,74566,28,22,15,5,3.812000,3.833000,329.714000,3.988000,0.070000,1.478000,3.974000,4.212000,0.013000,315.654000,315.921000,325.058000
frodo1344shake,rsa3072_sphincsshake128ssimple,pqc,pqc-hybrid,off,334.760000,0 - default,21520,21632,8244,28941.000000,33600.000000,0.861339,1162,1157,264,17948,8868,33,41,33823,42994,21969,39148,10564,2317,76771,28,23,16,5,3.832000,3.852000,332.013000,4.035000,0.064000,1.454000,3.971000,4.206000,0.012000,317.924000,318.197000,327.346000
frodo1344shake,sphincsshake192fsimple,pqc,pqc,off,42.320000,0 - default,21520,21632,35664,55690.000000,32400.000000,1.718827,1162,1157,306,74467,35897,33,88,32665,99513,21969,93928,9391,2317,132132,27,23,63,6,3.814000,3.834000,38.801000,4.107000,0.102000,1.847000,3.973000,4.210000,0.040000,24.504000,29.993000,33.974000
frodo1344shake,p384_sphincsshake192fsimple,pqc,pqc-hybrid,off,45.150000,0 - default,21520,21632,35771,49876.000000,32400.000000,1.539383,1162,1157,306,74829,36108,33,88,32665,98675,21969,94253,9395,1160,131294,27,22,64,6,3.819000,3.840000,39.896000,4.086000,0.096000,3.237000,4.137000,4.383000,0.039000,25.519000,30.717000,35.118000
frodo1344shake,sphincsshake192ssimple,pqc,pqc,off,581.930000,0 - default,21520,21632,16224,28942.000000,34800.000000,0.831667,1162,1157,306,34133,16457,35,54,35065,57979,21969,54815,11725,1160,92998,29,22,30,6,3.841000,3.861000,579.608000,4.010000,0.078000,0.814000,3.985000,4.235000,0.013000,565.517000,565.812000,574.973000
frodo1344shake,p384_sphincsshake192ssimple,pqc,pqc-hybrid,off,585.620000,0 - default,21520,21632,16331,28942.000000,34800.000000,0.831667,1162,1157,306,34452,16669,35,54,35065,58298,21969,55134,11725,1160,93317,29,22,30,6,3.819000,3.839000,581.652000,4.102000,0.089000,2.247000,3.965000,4.207000,0.013000,567.253000,567.553000,576.809000
frodo1344shake,sphincsshake256fsimple,pqc,pqc,off,69.330000,0 - default,21520,21632,49856,49876.000000,33600.000000,1.484405,1162,1157,392,103967,50105,36,112,33951,127813,21969,122503,10556,1160,161718,28,22,88,8,3.851000,3.871000,65.340000,4.055000,0.121000,1.888000,3.970000,4.205000,0.050000,51.247000,57.035000,60.669000
frodo1344shake,p521_sphincsshake256fsimple,pqc,pqc-hybrid,off,73.780000,0 - default,21520,21632,49999,52202.000000,34800.000000,1.500057,1162,1157,394,104430,50387,37,113,35153,128276,21969,122928,11713,1160,163383,29,22,89,8,3.819000,3.839000,67.370000,4.015000,0.120000,4.067000,3.970000,4.214000,0.078000,53.258000,59.221000,62.707000
frodo1344shake,sphincsshake256ssimple,pqc,pqc,off,499.540000,0 - default,21520,21632,29792,28942.000000,34800.000000,0.831667,1162,1157,390,62297,30041,37,77,35149,86143,21969,82128,11725,1160,121246,29,22,53,8,3.798000,3.819000,496.606000,3.996000,0.104000,1.092000,3.977000,4.212000,0.038000,482.354000,482.736000,491.882000
frodo1344shake,p521_sphincsshake256ssimple,pqc,pqc-hybrid,off,504.360000,0 - default,21520,21632,29935,38246.000000,36000.000000,1.062389,1162,1157,348,62767,30324,37,78,36307,86613,21969,82561,12882,1160,122874,30,22,54,7,3.824000,3.844000,499.081000,4.087000,0.107000,3.340000,3.990000,4.233000,0.037000,484.637000,485.029000,494.347000
frodo1344shake,ED25519,pqc,classic,off,14.820000,0 - default,21520,21632,64,24631.000000,31200.000000,0.789455,1162,1157,138,620,270,28,26,31241,25586,21969,22300,8174,2319,56781,26,21,3,2,3.845000,3.865000,13.776000,4.114000,0.047000,0.186000,3.978000,4.075000,0.012000,0.036000,0.072000,10.151000
frodo1344shake,ED448,pqc,classic,off,15.090000,0 - default,21520,21632,114,24756.000000,31200.000000,0.793462,1162,1157,138,745,345,28,26,31241,25711,21969,22425,8174,2319,56906,26,21,3,2,3.817000,3.837000,13.959000,4.099000,0.045000,0.299000,3.985000,4.078000,0.012000,0.210000,0.245000,10.414000
p521_frodo1344shake,MLDSA44,pqc-hybrid,pqc,off,28.090000,0 - default,21653,21765,2420,31968.000000,32400.000000,0.986667,1162,1157,180,6847,3931,31,32,32569,33151,22102,28475,9258,3480,65639,27,22,8,3,10.114000,10.134000,26.911000,6.674000,0.043000,0.201000,7.565000,7.665000,0.011000,0.665000,0.716000,16.741000
p521_frodo1344shake,MLDSA65,pqc-hybrid,pqc,off,28.930000,0 - default,21653,21765,3309,34396.000000,31200.000000,1.102436,1162,1157,180,9349,5460,30,34,31369,35653,22102,30903,8101,3480,66941,26,22,10,3,10.179000,10.198000,27.655000,6.793000,0.045000,0.283000,7.601000,7.699000,0.012000,1.097000,1.153000,16.527000
p521_frodo1344shake,MLDSA87,pqc-hybrid,pqc,off,29.300000,0 - default,21653,21765,4627,37687.000000,31200.000000,1.207917,1162,1157,180,12751,7418,30,37,31369,39055,22102,34194,8101,3480,70343,26,22,13,3,10.164000,10.185000,27.869000,6.713000,0.051000,0.391000,7.507000,7.600000,0.011000,1.600000,1.665000,16.851000
p521_frodo1344shake,p256_mldsa44,pqc-hybrid,pqc-hybrid,off,26.890000,0 - default,21653,21765,2495,32176.000000,31200.000000,1.031282,1162,1157,180,7055,4064,30,32,31369,33359,22102,28683,8101,3480,64647,26,22,8,3,10.153000,10.173000,25.313000,6.728000,0.050000,0.565000,7.590000,7.828000,0.011000,0.299000,0.565000,16.007000
p521_frodo1344shake,rsa3072_mldsa44,pqc-hybrid,pqc-hybrid,off,29.820000,0 - default,21653,21765,2808,33139.000000,31200.000000,1.062147,1162,1157,180,8055,4709,30,33,31369,34359,22102,29646,8101,3480,65647,26,22,9,3,10.155000,10.175000,28.158000,6.775000,0.052000,0.668000,7.531000,7.763000,0.011000,2.568000,2.831000,18.255000
p521_frodo1344shake,p384_mldsa65,pqc-hybrid,pqc-hybrid,off,28.430000,0 - default,21653,21765,3416,34699.000000,32400.000000,1.070957,1162,1157,180,9652,5656,31,34,32569,35956,22102,31206,9258,3480,68444,27,22,10,3,10.241000,10.262000,26.177000,6.669000,0.055000,1.155000,7.524000,7.761000,0.011000,1.037000,1.298000,16.638000
p521_frodo1344shake,p521_mldsa87,pqc-hybrid,pqc-hybrid,off,30.320000,0 - default,21653,21765,4770,38096.000000,32400.000000,1.175802,1162,1157,180,13160,7684,31,37,32569,39464,22102,34603,9258,3480,71952,27,22,13,3,10.162000,10.181000,27.225000,6.708000,0.058000,1.971000,7.525000,7.755000,0.011000,2.195000,2.460000,17.841000
p521_frodo1344shake,falcon512,pqc-hybrid,pqc,off,28.120000,0 - default,21653,21765,655,27998.000000,32400.000000,0.864136,1162,1157,138,2766,1741,29,29,32441,29065,22102,24505,9202,3480,61460,27,22,5,2,10.176000,10.196000,26.922000,6.803000,0.050000,0.313000,7.545000,7.787000,0.011000,0.251000,0.499000,17.219000
p521_frodo1344shake,falcon1024,pqc-hybrid,pqc,off,28.430000,0 - default,21653,21765,1272,30132.000000,32400.000000,0.930000,1162,1157,138,4937,3253,29,30,32441,31236,22102,26639,9202,3480,63631,27,22,6,2,10.181000,10.201000,27.176000,6.794000,0.053000,0.343000,7.550000,7.787000,0.011000,0.469000,0.717000,17.434000
p521_frodo1344shake,p256_falcon512,pqc-hybrid,pqc-hybrid,off,26.870000,0 - default,21653,21765,732,28219.000000,32400.000000,0.870957,1162,1157,138,2987,1885,29,29,32441,29286,22102,24726,9202,3480,61681,27,22,5,2,10.139000,10.161000,25.357000,6.721000,0.050000,0.577000,7.538000,7.770000,0.010000,0.457000,0.708000,17.628000
p521_frodo1344shake,rsa3072_falcon512,pqc-hybrid,pqc-hybrid,off,29.840000,0 - default,21653,21765,1044,29183.000000,32400.000000,0.900710,1162,1157,138,3988,2532,29,30,32441,30287,22102,25690,9202,3480,62682,27,22,6,2,10.208000,10.228000,28.239000,6.705000,0.049000,0.681000,7.537000,7.769000,0.014000,2.724000,2.979000,19.951000
p521_frodo1344shake,falconpadded512,pqc-hybrid,pqc,off,27.980000,0 - default,21653,21765,666,28018.000000,31200.000000,0.898013,1162,1157,180,2786,1750,30,29,31369,29090,22102,24525,8101,3480,60378,26,22,5,3,10.165000,10.185000,26.738000,6.650000,0.060000,0.295000,7.543000,7.782000,0.011000,0.256000,0.500000,16.586000
p521_frodo1344shake,p256_falconpadded512,pqc-hybrid,pqc-hybrid,off,26.850000,0 - default,21653,21765,741,28238.000000,31200.000000,0.905064,1162,1157,138,3006,1895,28,29,31241,29305,22102,24745,8045,3480,60500,26,22,5,2,10.136000,10.158000,25.329000,6.728000,0.053000,0.576000,7.530000,7.761000,0.011000,0.462000,0.708000,17.622000
p521_frodo1344shake,rsa3072_falconpadded512,pqc-hybrid,pqc-hybrid,off,29.990000,0 - default,21653,21765,1054,29201.000000,32400.000000,0.901265,1162,1157,180,4006,2540,31,30,32569,30310,22102,25708,9258,3480,62798,27,22,6,3,10.121000,10.141000,28.338000,6.779000,0.052000,0.682000,7.499000,7.741000,0.011000,2.733000,2.984000,19.175000
p521_frodo1344shake,p521_falcon1024,pqc-hybrid,pqc-hybrid,off,31.230000,0 - default,21653,21765,1417,30559.000000,32400.000000,0.943179,1162,1157,180,5401,3530,31,31,32569,31705,22102,27066,9258,3480,64193,27,22,7,3,10.158000,10.178000,28.163000,6.800000,0.054000,2.002000,7.672000,7.909000,0.011000,2.500000,2.756000,18.385000
p521_frodo1344shake,falconpadded1024,pqc-hybrid,pqc,off,28.240000,0 - default,21653,21765,1280,30147.000000,32400.000000,0.930463,1162,1157,138,4952,3260,29,30,32441,31251,22102,26654,9202,3480,63646,27,22,6,2,10.156000,10.177000,26.982000,6.639000,0.052000,0.344000,7.550000,7.789000,0.010000,0.468000,0.725000,17.303000
p521_frodo1344shake,p521_falconpadded1024,pqc-hybrid,pqc-hybrid,off,30.470000,0 - default,21653,21765,1421,31734.000000,32400.000000,0.979444,1162,1157,180,5414,3539,31,32,32569,32918,22102,27079,9258,4637,65406,27,23,7,3,10.104000,10.124000,27.409000,6.688000,0.054000,2.014000,7.534000,7.770000,0.011000,2.504000,2.756000,18.115000
p521_frodo1344shake,sphincssha2128fsimple,pqc-hybrid,pqc,off,35.670000,0 - default,21653,21765,17088,49876.000000,32400.000000,1.539383,1162,1157,222,35889,17305,31,55,32581,59868,22102,56667,9262,1160,92403,27,22,31,4,10.128000,10.148000,33.638000,6.691000,0.068000,0.787000,7.525000,7.756000,0.011000,7.081000,7.379000,22.673000
p521_frodo1344shake,p256_sphincssha2128fsimple,pqc-hybrid,pqc-hybrid,off,34.650000,0 - default,21653,21765,17163,49876.000000,32400.000000,1.539383,1162,1157,222,36153,17451,31,56,32581,60132,22102,56894,9262,1160,92667,27,22,32,4,10.155000,10.177000,32.281000,6.766000,0.068000,1.064000,7.522000,7.755000,0.011000,7.290000,7.591000,22.949000
p521_frodo1344shake,rsa3072_sphincssha2128fsimple,pqc-hybrid,pqc-hybrid,off,37.710000,0 - default,21653,21765,17476,49876.000000,32400.000000,1.539383,1162,1157,222,37116,18100,31,56,32581,61095,22102,57857,9262,1160,93630,27,22,32,4,10.141000,10.161000,35.263000,6.802000,0.072000,1.182000,7.555000,7.797000,0.011000,9.565000,9.864000,25.317000
p521_frodo1344shake,sphincssha2128ssimple,pqc-hybrid,pqc,off,174.750000,0 - default,21653,21765,7856,28942.000000,32400.000000,0.893272,1162,1157,264,16722,8072,32,39,32623,40701,22102,38092,9270,1160,73278,27,22,15,5,10.200000,10.221000,173.025000,6.697000,0.060000,0.459000,7.581000,7.814000,0.011000,146.416000,146.689000,162.109000
p521_frodo1344shake,p256_sphincssha2128ssimple,pqc-hybrid,pqc-hybrid,off,173.770000,0 - default,21653,21765,7932,28941.000000,32400.000000,0.893241,1162,1157,264,16986,8218,32,41,32623,42165,22102,38319,9270,2317,74742,27,23,16,5,10.102000,10.122000,171.649000,6.819000,0.066000,0.712000,7.489000,7.722000,0.010000,146.575000,146.847000,162.296000
p521_frodo1344shake,rsa3072_sphincssha2128ssimple,pqc-hybrid,pqc-hybrid,off,176.400000,0 - default,21653,21765,8244,43936.000000,36000.000000,1.220444,1162,1157,180,17986,8868,34,42,36169,45490,22102,39281,12741,4637,81578,30,23,17,3,10.193000,10.214000,174.423000,6.733000,0.072000,0.842000,7.527000,7.758000,0.011000,148.859000,149.130000,164.527000
p521_frodo1344shake,sphincssha2192fsimple,pqc-hybrid,pqc,off,41.390000,0 - default,21653,21765,35664,53365.000000,33600.000000,1.588244,1162,1157,306,74465,35897,34,87,33865,98444,22102,94059,10419,1160,132263,28,22,63,6,10.161000,10.182000,38.524000,6.687000,0.099000,1.047000,7.537000,7.769000,0.038000,11.923000,19.774000,27.565000
p521_frodo1344shake,p384_sphincssha2192fsimple,pqc-hybrid,pqc-hybrid,off,41.890000,0 - default,21653,21765,35771,49876.000000,32400.000000,1.539383,1162,1157,306,74827,36108,33,88,32665,98806,22102,94384,9262,1160,131425,27,22,64,6,10.207000,10.228000,38.171000,6.793000,0.094000,1.910000,7.561000,7.792000,0.055000,12.887000,21.090000,28.651000
p521_frodo1344shake,sphincssha2192ssimple,pqc-hybrid,pqc,off,293.800000,0 - default,21653,21765,16224,28942.000000,33600.000000,0.861369,1162,1157,306,34133,16457,34,54,33865,58112,22102,54948,10431,1160,91931,28,22,30,6,10.134000,10.154000,291.285000,6.883000,0.112000,0.608000,7.542000,7.777000,0.011000,264.232000,264.558000,280.383000
p521_frodo1344shake,p384_sphincssha2192ssimple,pqc-hybrid,pqc-hybrid,off,293.500000,0 - default,21653,21765,16331,28942.000000,33600.000000,0.861369,1162,1157,306,34450,16667,34,54,33865,58429,22102,55265,10431,1160,92248,28,22,30,6,10.182000,10.202000,290.379000,6.680000,0.079000,1.447000,7.543000,7.777000,0.012000,265.413000,265.716000,281.113000
p521_frodo1344shake,sphincssha2256fsimple,pqc-hybrid,pqc,off,54.290000,0 - default,21653,21765,49856,51039.000000,33600.000000,1.519018,1162,1157,392,103965,50105,36,112,33951,127944,22102,122634,10419,1160,161849,28,22,88,8,10.221000,10.241000,51.058000,6.669000,0.114000,1.083000,7.521000,7.753000,0.068000,24.374000,32.901000,40.075000
p521_frodo1344shake,p521_sphincssha2256fsimple,pqc-hybrid,pqc-hybrid,off,56.460000,0 - default,21653,21765,49999,51039.000000,33600.000000,1.519018,1162,1157,394,104390,50387,36,112,33953,128369,22102,123059,10419,1160,162276,28,22,88,8,10.153000,10.173000,51.437000,6.732000,0.112000,2.715000,7.515000,7.754000,0.072000,26.425000,35.037000,42.178000
p521_frodo1344shake,sphincssha2256ssimple,pqc-hybrid,pqc,off,268.810000,0 - default,21653,21765,29792,28942.000000,33600.000000,0.861369,1162,1157,390,62297,30041,36,77,33949,86276,22102,82261,10431,1160,120179,28,22,53,8,10.144000,10.164000,266.313000,6.757000,0.094000,0.695000,7.552000,7.786000,0.034000,239.446000,239.814000,255.284000
p521_frodo1344shake,p521_sphincssha2256ssimple,pqc-hybrid,pqc-hybrid,off,271.690000,0 - default,21653,21765,29935,28942.000000,32400.000000,0.893272,1162,1157,432,62767,30324,36,78,32791,86746,22102,82694,9270,1160,119491,27,22,54,9,10.162000,10.183000,267.395000,6.686000,0.092000,2.333000,7.540000,7.772000,0.046000,241.784000,242.166000,257.571000
p521_frodo1344shake,sphincsshake128fsimple,pqc-hybrid,pqc,off,44.530000,0 - default,21653,21765,17088,54528.000000,33600.000000,1.622857,1162,1157,222,35889,17305,32,55,33781,59868,22102,56667,10419,1160,93603,28,22,31,4,10.142000,10.163000,41.935000,6.787000,0.075000,1.337000,7.530000,7.768000,0.011000,15.235000,15.537000,30.992000
p521_frodo1344shake,p256_sphincsshake128fsimple,pqc-hybrid,pqc-hybrid,off,43.440000,0 - default,21653,21765,17164,52202.000000,33600.000000,1.553631,1162,1157,222,36152,17449,32,56,33781,60131,22102,56893,10419,1160,93866,28,22,32,4,10.260000,10.281000,40.447000,6.777000,0.071000,1.655000,7.521000,7.755000,0.011000,15.431000,15.731000,31.156000
p521_frodo1344shake,rsa3072_sphincsshake128fsimple,pqc-hybrid,pqc-hybrid,off,46.320000,0 - default,21653,21765,17476,54527.000000,33600.000000,1.622827,1162,1157,222,37116,18100,32,57,33781,62295,22102,57857,10419,2317,96030,28,23,32,4,10.180000,10.201000,43.320000,6.811000,0.083000,1.701000,7.547000,7.785000,0.012000,17.654000,17.954000,33.430000
p521_frodo1344shake,sphincsshake128ssimple,pqc-hybrid,pqc,off,344.620000,0 - default,21653,21765,7856,28942.000000,33600.000000,0.861369,1162,1157,264,16723,8073,33,39,33823,40702,22102,38093,10431,1160,74479,28,22,15,5,10.159000,10.179000,342.684000,6.726000,0.073000,0.648000,7.526000,7.764000,0.011000,315.860000,316.139000,331.557000
p521_frodo1344shake,p256_sphincsshake128ssimple,pqc-hybrid,pqc-hybrid,off,343.640000,0 - default,21653,21765,7931,28942.000000,33600.000000,0.861369,1162,1157,264,16985,8218,33,40,33823,40964,22102,38318,10431,1160,74741,28,22,16,5,10.175000,10.195000,341.240000,6.857000,0.081000,0.971000,7.524000,7.763000,0.011000,315.838000,316.126000,331.724000
p521_frodo1344shake,rsa3072_sphincsshake128ssimple,pqc-hybrid,pqc-hybrid,off,346.150000,0 - default,21653,21765,8244,28941.000000,33600.000000,0.861339,1162,1157,264,17948,8868,33,41,33823,43127,22102,39281,10431,2317,76904,28,23,16,5,10.165000,10.185000,343.739000,6.788000,0.082000,1.053000,7.536000,7.777000,0.011000,317.782000,318.069000,333.585000
p521_frodo1344shake,sphincsshake192fsimple,pqc-hybrid,pqc,off,54.830000,0 - default,21653,21765,35664,54528.000000,33600.000000,1.622857,1162,1157,306,74465,35897,34,87,33865,98444,22102,94059,10419,1160,132263,28,22,63,6,10.157000,10.177000,51.134000,6.710000,0.096000,1.861000,7.523000,7.760000,0.039000,24.518000,32.421000,40.199000
p521_frodo1344shake,p384_sphincsshake192fsimple,pqc-hybrid,pqc-hybrid,off,55.220000,0 - default,21653,21765,35770,54528.000000,33600.000000,1.622857,1162,1157,306,74826,36108,34,88,33865,98805,22102,94383,10419,1160,132624,28,22,64,6,10.157000,10.177000,50.570000,6.787000,0.096000,2.658000,7.520000,7.756000,0.054000,25.431000,33.415000,41.191000
p521_frodo1344shake,sphincsshake192ssimple,pqc-hybrid,pqc,off,595.060000,0 - default,21653,21765,16224,28942.000000,34800.000000,0.831667,1162,1157,306,34133,16457,35,54,35065,58112,22102,54948,11592,1160,93131,29,22,30,6,10.152000,10.173000,592.655000,6.773000,0.090000,0.828000,7.509000,7.746000,0.012000,565.909000,566.229000,581.745000
p521_frodo1344shake,p384_sphincsshake192ssimple,pqc-hybrid,pqc-hybrid,off,595.650000,0 - default,21653,21765,16331,28942.000000,34800.000000,0.831667,1162,1157,306,34452,16669,35,54,35065,58431,22102,55267,11592,1160,93450,29,22,30,6,10.166000,10.186000,592.231000,6.742000,0.094000,1.710000,7.530000,7.765000,0.012000,567.052000,567.370000,582.863000
p521_frodo1344shake,sphincsshake256fsimple,pqc-hybrid,pqc,off,81.740000,0 - default,21653,21765,49856,49876.000000,34800.000000,1.433218,1162,1157,394,103965,50105,37,112,35153,127944,22102,122634,11580,1160,163051,29,22,88,8,10.093000,10.113000,77.762000,6.712000,0.116000,1.846000,7.508000,7.744000,0.068000,51.116000,59.613000,66.834000
p521_frodo1344shake,p521_sphincsshake256fsimple,pqc-hybrid,pqc-hybrid,off,83.970000,0 - default,21653,21765,49999,51039.000000,34800.000000,1.466638,1162,1157,394,104390,50387,37,112,35153,128369,22102,123059,11580,1160,163476,29,22,88,8,10.184000,10.205000,78.145000,6.701000,0.119000,3.519000,7.535000,7.771000,0.070000,53.177000,61.758000,68.928000
p521_frodo1344shake,sphincsshake256ssimple,pqc-hybrid,pqc,off,511.640000,0 - default,21653,21765,29792,28942.000000,34800.000000,0.831667,1162,1157,390,62297,30041,37,77,35149,86276,22102,82261,11592,1160,121379,29,22,53,8,10.184000,10.204000,508.727000,6.784000,0.121000,1.047000,7.516000,7.757000,0.032000,481.822000,482.210000,497.749000
p521_frodo1344shake,p521_sphincsshake256ssimple,pqc-hybrid,pqc-hybrid,off,514.290000,0 - default,21653,21765,29934,40571.000000,36000.000000,1.126972,1162,1157,348,62766,30324,37,79,36307,87945,22102,82693,12749,2317,124206,30,23,54,7,10.164000,10.184000,509.540000,6.743000,0.122000,2.729000,7.545000,7.785000,0.048000,484.315000,484.729000,500.281000
p521_frodo1344shake,ED25519,pqc-hybrid,classic,off,27.210000,0 - default,21653,21765,64,27088.000000,32400.000000,0.836049,1162,1157,138,620,270,29,28,32441,28119,22102,22433,9202,4637,60514,27,23,3,2,10.148000,10.169000,26.174000,6.674000,0.048000,0.186000,7.506000,7.605000,0.011000,0.036000,0.073000,16.270000
p521_frodo1344shake,ED448,pqc-hybrid,classic,off,27.560000,0 - default,21653,21765,114,27213.000000,32400.000000,0.839907,1162,1157,138,745,345,29,28,32441,28244,22102,22558,9202,4637,60639,27,23,3,2,10.144000,10.164000,26.414000,6.767000,0.046000,0.295000,7.500000,7.596000,0.010000,0.211000,0.248000,16.623000
bikel1,MLDSA44,pqc,pqc,off,4.510000,0 - default,1541,1573,2420,6939.000000,3600.000000,1.927500,1162,1157,222,6809,3931,7,11,3781,8576,1897,8190,1598,0,12311,3,2,7,4,0.506000,0.526000,3.189000,1.092000,0.046000,0.214000,0.284000,0.358000,0.011000,0.255000,0.306000,3.078000
bikel1,MLDSA65,pqc,pqc,off,4.560000,0 - default,1541,1573,3309,6939.000000,3600.000000,1.927500,1162,1157,264,9311,5460,8,13,3823,11078,1897,10618,1598,0,14855,3,2,9,5,0.493000,0.513000,3.086000,1.006000,0.050000,0.286000,0.286000,0.358000,0.012000,0.375000,0.429000,2.211000
bikel1,MLDSA87,pqc,pqc,off,5.610000,0 - default,1541,1573,4627,6939.000000,3600.000000,1.927500,1162,1157,264,12671,7418,8,15,3823,14438,1897,13904,1598,0,18215,3,2,11,5,0.487000,0.508000,3.927000,1.033000,0.052000,0.402000,0.329000,0.414000,0.012000,0.983000,1.049000,2.931000
bikel1,p256_mldsa44,pqc,pqc-hybrid,off,6.120000,0 - default,1541,1573,2494,6939.000000,3600.000000,1.927500,1162,1157,222,7016,4064,7,11,3781,8783,1897,8397,1598,0,12518,3,2,7,4,0.505000,0.525000,3.940000,1.213000,0.053000,1.103000,0.283000,0.496000,0.012000,0.364000,0.612000,2.840000
bikel1,rsa3072_mldsa44,pqc,pqc-hybrid,off,8.000000,0 - default,1541,1573,2808,6939.000000,3600.000000,1.927500,1162,1157,222,8017,4709,7,12,3781,9784,1897,9361,1598,0,13519,3,2,8,4,0.494000,0.515000,5.839000,1.141000,0.059000,1.103000,0.277000,0.484000,0.012000,2.581000,2.838000,4.949000
bikel1,p384_mldsa65,pqc,pqc-hybrid,off,7.620000,0 - default,1541,1573,3416,6939.000000,3600.000000,1.927500,1162,1157,264,9614,5656,8,13,3823,11381,1897,10921,1598,0,15158,3,2,9,5,0.493000,0.513000,4.544000,1.216000,0.052000,1.706000,0.297000,0.520000,0.012000,1.153000,1.411000,3.584000
bikel1,p521_mldsa87,pqc,pqc-hybrid,off,9.310000,0 - default,1541,1573,4768,6939.000000,3600.000000,1.927500,1162,1157,264,13158,7684,8,17,3823,14925,1897,14316,1598,0,18702,3,2,13,5,0.496000,0.516000,5.373000,1.058000,0.056000,2.545000,0.277000,0.490000,0.012000,2.218000,2.488000,4.440000
bikel1,falcon512,pqc,pqc,off,4.700000,0 - default,1541,1573,652,4217.000000,3600.000000,1.171389,1162,1157,138,2683,1741,5,7,3641,4450,1897,4212,1542,0,8045,3,2,3,2,0.490000,0.510000,3.528000,1.073000,0.046000,0.310000,0.285000,0.493000,0.012000,0.248000,0.479000,3.730000
bikel1,falcon1024,pqc,pqc,off,4.920000,0 - default,1541,1573,1268,6355.000000,3600.000000,1.765278,1162,1157,180,4895,3253,6,9,3739,6662,1897,6350,1598,0,10355,3,2,5,3,0.509000,0.529000,3.618000,0.993000,0.046000,0.349000,0.280000,0.489000,0.012000,0.467000,0.709000,3.487000
bikel1,p256_falcon512,pqc,pqc-hybrid,off,5.860000,0 - default,1541,1573,729,4438.000000,3600.000000,1.232778,1162,1157,138,2904,1885,5,7,3641,4671,1897,4433,1542,0,8266,3,2,3,2,0.493000,0.512000,3.773000,1.142000,0.051000,1.131000,0.279000,0.496000,0.012000,0.488000,0.727000,4.993000
bikel1,rsa3072_falcon512,pqc,pqc-hybrid,off,8.020000,0 - default,1541,1573,1045,5406.000000,3600.000000,1.501667,1162,1157,138,3909,2532,5,8,3641,5676,1897,5401,1542,0,9271,3,2,4,2,0.497000,0.517000,6.001000,1.123000,0.050000,1.093000,0.276000,0.483000,0.011000,2.745000,2.998000,7.149000
bikel1,falconpadded512,pqc,pqc,off,4.610000,0 - default,1541,1573,666,4240.000000,3600.000000,1.177778,1162,1157,138,2706,1750,5,7,3641,4473,1897,4235,1542,0,8068,3,2,3,2,0.489000,0.509000,3.397000,1.013000,0.056000,0.321000,0.278000,0.486000,0.012000,0.255000,0.492000,3.713000
bikel1,p256_falconpadded512,pqc,pqc-hybrid,off,6.010000,0 - default,1541,1573,741,4460.000000,3600.000000,1.238889,1162,1157,138,2926,1895,5,7,3641,4693,1897,4455,1542,0,8288,3,2,3,2,0.487000,0.507000,3.925000,1.097000,0.051000,1.128000,0.322000,0.580000,0.012000,0.497000,0.742000,5.032000
bikel1,rsa3072_falconpadded512,pqc,pqc-hybrid,off,8.000000,0 - default,1541,1573,1054,5423.000000,3600.000000,1.506389,1162,1157,180,3926,2540,6,8,3739,5693,1897,5418,1598,0,9386,3,2,4,3,0.509000,0.529000,5.936000,1.091000,0.054000,1.083000,0.278000,0.488000,0.012000,2.754000,3.001000,5.892000
bikel1,p521_falcon1024,pqc,pqc-hybrid,off,9.470000,0 - default,1541,1573,1412,6776.000000,3600.000000,1.882222,1162,1157,180,5316,3530,6,9,3739,7083,1897,6771,1598,0,10776,3,2,5,3,0.485000,0.505000,5.833000,1.143000,0.053000,2.559000,0.281000,0.487000,0.012000,2.528000,2.772000,5.881000
bikel1,falconpadded1024,pqc,pqc,off,5.220000,0 - default,1541,1573,1280,6374.000000,3600.000000,1.770556,1162,1157,180,4914,3260,6,9,3739,6681,1897,6369,1598,0,10374,3,2,5,3,0.492000,0.512000,3.889000,1.143000,0.048000,0.348000,0.281000,0.498000,0.012000,0.466000,0.711000,3.685000
bikel1,p521_falconpadded1024,pqc,pqc-hybrid,off,9.430000,0 - default,1541,1573,1422,6795.000000,3600.000000,1.887500,1162,1157,180,5335,3539,6,9,3739,7102,1897,6790,1598,0,10795,3,2,5,3,0.499000,0.525000,5.790000,0.985000,0.053000,2.565000,0.280000,0.488000,0.012000,2.557000,2.801000,5.761000
bikel1,sphincssha2128fsimple,pqc,pqc,off,12.630000,0 - default,1541,1573,17088,6939.000000,3600.000000,1.927500,1162,1157,348,35891,17305,10,35,3907,37658,1897,36384,1598,0,41519,3,2,31,7,0.488000,0.509000,10.366000,1.067000,0.071000,0.784000,0.282000,0.492000,0.030000,7.067000,7.375000,9.399000
bikel1,p256_sphincssha2128fsimple,pqc,pqc-hybrid,off,13.770000,0 - default,1541,1573,17162,6939.000000,3600.000000,1.927500,1162,1157,348,36111,17451,10,35,3907,37878,1897,36604,1598,0,41739,3,2,31,7,0.485000,0.505000,10.494000,0.993000,0.078000,1.661000,0.282000,0.503000,0.041000,7.313000,7.636000,9.586000
bikel1,rsa3072_sphincssha2128fsimple,pqc,pqc-hybrid,off,15.940000,0 - default,1541,1573,17476,6939.000000,3600.000000,1.927500,1162,1157,390,37118,18100,11,36,3949,38885,1897,37574,1598,0,42788,3,2,32,8,0.491000,0.511000,12.823000,1.131000,0.067000,1.583000,0.281000,0.488000,0.033000,9.575000,9.890000,11.948000
bikel1,sphincssha2128ssimple,pqc,pqc,off,151.320000,0 - default,1541,1573,7856,6939.000000,3600.000000,1.927500,1162,1157,180,16722,8072,6,19,3739,18489,1897,17807,1598,0,22182,3,2,15,3,0.496000,0.516000,149.561000,1.021000,0.066000,0.439000,0.280000,0.492000,0.012000,146.418000,146.687000,148.648000
bikel1,p256_sphincssha2128ssimple,pqc,pqc-hybrid,off,152.600000,0 - default,1541,1573,7931,6939.000000,3600.000000,1.927500,1162,1157,180,16943,8218,6,19,3739,18710,1897,18028,1598,0,22403,3,2,15,3,0.492000,0.512000,149.922000,1.014000,0.061000,1.282000,0.277000,0.487000,0.013000,146.637000,146.912000,148.867000
bikel1,rsa3072_sphincssha2128ssimple,pqc,pqc-hybrid,off,154.790000,0 - default,1541,1573,8244,6939.000000,3600.000000,1.927500,1162,1157,222,17950,8868,7,20,3781,19717,1897,18998,1598,0,23452,3,2,16,4,0.488000,0.508000,152.156000,1.122000,0.069000,1.254000,0.285000,0.494000,0.012000,148.924000,149.197000,151.260000
bikel1,sphincssha2192fsimple,pqc,pqc,off,18.240000,0 - default,1541,1573,35664,6939.000000,3600.000000,1.927500,1162,1157,516,74467,35897,14,67,4075,76234,1897,73776,1598,0,80263,3,2,63,11,0.488000,0.508000,15.161000,1.070000,0.090000,1.051000,0.273000,0.490000,0.063000,11.932000,13.920000,14.270000
bikel1,p384_sphincssha2192fsimple,pqc,pqc-hybrid,off,20.790000,0 - default,1541,1573,35771,6939.000000,3600.000000,1.927500,1162,1157,516,74785,36108,14,67,4075,76552,1897,74094,1598,0,80581,3,2,63,11,0.488000,0.510000,16.120000,1.078000,0.092000,2.463000,0.281000,0.489000,0.055000,12.891000,14.899000,15.235000
bikel1,sphincssha2192ssimple,pqc,pqc,off,273.300000,0 - default,1541,1573,16224,6939.000000,3600.000000,1.927500,1162,1157,306,34091,16457,9,33,3865,35858,1897,34658,1598,0,39677,3,2,29,6,0.544000,0.567000,271.112000,1.397000,0.081000,0.588000,0.534000,0.942000,0.038000,266.105000,266.620000,269.555000
bikel1,p384_sphincssha2192ssimple,pqc,pqc-hybrid,off,272.490000,0 - default,1541,1573,16331,6939.000000,3600.000000,1.927500,1162,1157,264,34452,16667,8,34,3823,36219,1897,34982,1598,0,39996,3,2,30,5,0.500000,0.520000,268.537000,1.106000,0.109000,2.063000,0.275000,0.487000,0.034000,265.180000,265.515000,267.658000
bikel1,sphincssha2256fsimple,pqc,pqc,off,31.190000,0 - default,1541,1573,49856,6939.000000,3600.000000,1.927500,1162,1157,604,103966,50105,16,92,4163,105733,1897,102350,1598,0,109850,3,2,88,13,0.512000,0.533000,27.716000,1.132000,0.103000,1.089000,0.275000,0.505000,0.068000,24.426000,27.116000,26.876000
bikel1,p521_sphincssha2256fsimple,pqc,pqc-hybrid,off,35.520000,0 - default,1541,1573,49999,6939.000000,3600.000000,1.927500,1162,1157,520,104430,50387,14,93,4079,106197,1897,102776,1598,0,110230,3,2,89,11,0.497000,0.517000,29.830000,1.130000,0.108000,3.260000,0.282000,0.490000,0.074000,26.488000,29.137000,28.959000
bikel1,sphincssha2256ssimple,pqc,pqc,off,245.840000,0 - default,1541,1573,29792,6939.000000,3600.000000,1.927500,1162,1157,432,62299,30041,12,57,3991,64066,1897,61978,1598,0,68011,3,2,53,9,0.490000,0.510000,243.170000,1.079000,0.092000,0.701000,0.280000,0.533000,0.047000,239.723000,240.093000,242.186000
bikel1,p521_sphincssha2256ssimple,pqc,pqc-hybrid,off,250.660000,0 - default,1541,1573,29934,6939.000000,3600.000000,1.927500,1162,1157,390,62762,30324,11,58,3949,64529,1897,62403,1598,0,68432,3,2,54,8,0.520000,0.542000,245.488000,1.014000,0.099000,2.955000,0.363000,0.642000,0.048000,241.536000,241.965000,244.352000
bikel1,sphincsshake128fsimple,pqc,pqc,off,21.260000,0 - default,1541,1573,17088,6939.000000,3600.000000,1.927500,1162,1157,348,35891,17305,10,35,3907,37658,1897,36384,1598,0,41519,3,2,31,7,0.496000,0.516000,18.403000,1.012000,0.076000,1.310000,0.281000,0.489000,0.030000,15.229000,15.538000,17.473000
bikel1,p256_sphincsshake128fsimple,pqc,pqc-hybrid,off,22.250000,0 - default,1541,1573,17162,6939.000000,3600.000000,1.927500,1162,1157,348,36147,17449,10,36,3907,37914,1897,36602,1598,0,41775,3,2,32,7,0.491000,0.511000,18.573000,0.988000,0.074000,2.134000,0.279000,0.485000,0.037000,15.441000,15.752000,17.646000
bikel1,rsa3072_sphincsshake128fsimple,pqc,pqc-hybrid,off,24.650000,0 - default,1541,1573,17476,6939.000000,3600.000000,1.927500,1162,1157,390,37118,18100,11,36,3949,38885,1897,37574,1598,0,42788,3,2,32,8,0.496000,0.517000,21.058000,1.017000,0.076000,2.102000,0.279000,0.550000,0.034000,17.729000,18.052000,20.047000
bikel1,sphincsshake128ssimple,pqc,pqc,off,320.950000,0 - default,1541,1573,7856,6939.000000,3600.000000,1.927500,1162,1157,222,16723,8073,7,19,3781,18490,1897,17808,1598,0,22225,3,2,15,4,0.484000,0.504000,318.930000,0.989000,0.068000,0.683000,0.280000,0.487000,0.012000,315.838000,316.098000,318.020000
bikel1,p256_sphincsshake128ssimple,pqc,pqc-hybrid,off,322.100000,0 - default,1541,1573,7931,6939.000000,3600.000000,1.927500,1162,1157,222,16943,8218,7,19,3781,18710,1897,18028,1598,0,22445,3,2,15,4,0.484000,0.504000,318.999000,1.197000,0.085000,1.537000,0.276000,0.530000,0.012000,315.472000,315.758000,318.024000
bikel1,rsa3072_sphincsshake128ssimple,pqc,pqc-hybrid,off,323.990000,0 - default,1541,1573,8244,6939.000000,3600.000000,1.927500,1162,1157,222,17950,8868,7,20,3781,19717,1897,18998,1598,0,23452,3,2,16,4,0.498000,0.518000,321.173000,1.017000,0.064000,1.474000,0.277000,0.490000,0.011000,317.828000,318.107000,320.259000
bikel1,sphincsshake192fsimple,pqc,pqc,off,31.860000,0 - default,1541,1573,35664,6939.000000,3600.000000,1.927500,1162,1157,558,74467,35897,15,67,4117,76234,1897,73776,1598,0,80305,3,2,63,12,0.504000,0.524000,27.829000,1.141000,0.094000,1.846000,0.276000,0.485000,0.051000,24.532000,26.660000,26.948000
bikel1,p384_sphincsshake192fsimple,pqc,pqc-hybrid,off,34.500000,0 - default,1541,1573,35771,6939.000000,3600.000000,1.927500,1162,1157,474,74823,36108,13,68,4033,76590,1897,74094,1598,0,80577,3,2,64,10,0.493000,0.513000,28.752000,0.986000,0.101000,3.273000,0.278000,0.488000,0.052000,25.476000,27.426000,27.723000
bikel1,sphincsshake192ssimple,pqc,pqc,off,572.330000,0 - default,1541,1573,16224,6939.000000,3600.000000,1.927500,1162,1157,306,34091,16457,9,33,3865,35858,1897,34658,1598,0,39677,3,2,29,6,0.482000,0.502000,570.033000,1.033000,0.099000,0.824000,0.304000,0.525000,0.031000,566.307000,566.639000,568.878000
bikel1,p384_sphincsshake192ssimple,pqc,pqc-hybrid,off,576.420000,0 - default,1541,1573,16331,6939.000000,3600.000000,1.927500,1162,1157,306,34454,16669,9,34,3865,36221,1897,34984,1598,0,40040,3,2,30,6,0.677000,0.705000,572.311000,1.107000,0.100000,2.302000,0.527000,0.937000,0.045000,567.765000,568.265000,570.901000
bikel1,sphincsshake256fsimple,pqc,pqc,off,58.590000,0 - default,1541,1573,49856,6939.000000,3600.000000,1.927500,1162,1157,562,103966,50105,15,92,4121,105733,1897,102350,1598,0,109808,3,2,88,12,0.494000,0.515000,54.513000,1.049000,0.111000,1.842000,0.282000,0.493000,0.075000,51.194000,53.662000,53.555000
bikel1,p521_sphincsshake256fsimple,pqc,pqc-hybrid,off,63.250000,0 - default,1541,1573,49999,6939.000000,3600.000000,1.927500,1162,1157,606,104430,50387,16,93,4165,106197,1897,102776,1598,0,110316,3,2,89,13,0.496000,0.516000,56.617000,1.152000,0.116000,4.041000,0.282000,0.497000,0.076000,53.251000,56.049000,55.773000
bikel1,sphincsshake256ssimple,pqc,pqc,off,489.010000,0 - default,1541,1573,29792,6939.000000,3600.000000,1.927500,1162,1157,390,62299,30041,11,57,3949,64066,1897,61978,1598,0,67969,3,2,53,8,0.492000,0.512000,485.801000,1.137000,0.111000,1.089000,0.299000,0.542000,0.047000,482.230000,482.621000,484.877000
bikel1,p521_sphincsshake256ssimple,pqc,pqc-hybrid,off,493.390000,0 - default,1541,1573,29934,6939.000000,3600.000000,1.927500,1162,1157,432,62724,30324,12,57,3991,64491,1897,62403,1598,0,68436,3,2,53,9,0.503000,0.523000,487.824000,1.162000,0.110000,3.320000,0.284000,0.498000,0.044000,484.312000,484.702000,486.968000
bikel1,ED25519,pqc,classic,off,3.880000,0 - default,1541,1573,64,2287.000000,3600.000000,0.635278,1162,1157,138,540,270,5,5,3641,2446,1897,2143,1542,139,6041,3,2,1,2,0.489000,0.509000,2.860000,1.087000,0.042000,0.184000,0.303000,0.373000,0.011000,0.037000,0.072000,3.021000
bikel1,ED448,pqc,classic,off,4.160000,0 - default,1541,1573,114,2287.000000,3600.000000,0.635278,1162,1157,138,665,345,5,5,3641,2446,1897,2268,1542,14,6041,3,2,1,2,0.493000,0.513000,3.031000,1.074000,0.045000,0.316000,0.282000,0.349000,0.012000,0.216000,0.251000,3.275000
p256_bikel1,MLDSA44,pqc-hybrid,pqc,off,10.560000,0 - default,1606,1638,2420,6939.000000,3600.000000,1.927500,1162,1157,222,6809,3931,7,11,3781,8641,1962,8255,1533,0,12376,3,2,7,4,5.086000,5.106000,9.300000,2.113000,0.042000,0.213000,0.418000,0.492000,0.011000,0.569000,0.624000,4.502000
p256_bikel1,MLDSA65,pqc-hybrid,pqc,off,10.610000,0 - default,1606,1638,3309,6939.000000,3600.000000,1.927500,1162,1157,222,9311,5460,7,13,3781,11143,1962,10683,1533,0,14878,3,2,9,4,5.185000,5.207000,9.089000,2.241000,0.050000,0.278000,0.399000,0.474000,0.012000,0.374000,0.429000,3.564000
p256_bikel1,MLDSA87,pqc-hybrid,pqc,off,10.800000,0 - default,1606,1638,4627,6939.000000,3600.000000,1.927500,1162,1157,264,12712,7418,8,16,3823,14544,1962,13973,1533,0,18321,3,2,12,5,5.060000,5.081000,9.129000,1.975000,0.051000,0.387000,0.395000,0.470000,0.012000,0.765000,0.828000,3.700000
p256_bikel1,p256_mldsa44,pqc-hybrid,pqc-hybrid,off,9.180000,0 - default,1606,1638,2495,6939.000000,3600.000000,1.927500,1162,1157,222,7017,4064,7,11,3781,8849,1962,8463,1533,0,12584,3,2,7,4,5.117000,5.137000,7.535000,2.009000,0.055000,0.562000,0.380000,0.610000,0.011000,0.297000,0.552000,3.685000
p256_bikel1,rsa3072_mldsa44,pqc-hybrid,pqc-hybrid,off,12.190000,0 - default,1606,1638,2808,6939.000000,3600.000000,1.927500,1162,1157,222,8017,4709,7,12,3781,9849,1962,9426,1533,0,13584,3,2,8,4,5.122000,5.142000,10.347000,1.983000,0.049000,0.681000,0.394000,0.608000,0.011000,2.589000,2.843000,6.782000
p256_bikel1,p384_mldsa65,pqc-hybrid,pqc-hybrid,off,10.670000,0 - default,1606,1638,3416,6939.000000,3600.000000,1.927500,1162,1157,264,9614,5656,8,13,3823,11446,1962,10986,1533,0,15223,3,2,9,5,5.151000,5.171000,8.079000,1.980000,0.058000,1.182000,0.395000,0.610000,0.011000,1.062000,1.317000,4.367000
p256_bikel1,p521_mldsa87,pqc-hybrid,pqc-hybrid,off,13.030000,0 - default,1606,1638,4770,6939.000000,3600.000000,1.927500,1162,1157,222,13122,7684,7,16,3781,14954,1962,14383,1533,0,18689,3,2,12,4,5.082000,5.102000,9.504000,2.030000,0.069000,2.020000,0.394000,0.614000,0.012000,2.215000,2.483000,5.594000
p256_bikel1,falcon512,pqc-hybrid,pqc,off,10.240000,0 - default,1606,1638,654,4284.000000,3600.000000,1.190000,1162,1157,138,2685,1741,5,7,3641,4517,1962,4279,1477,0,8112,3,2,3,2,5.110000,5.130000,9.101000,2.010000,0.048000,0.304000,0.379000,0.609000,0.010000,0.255000,0.498000,4.715000
p256_bikel1,falcon1024,pqc-hybrid,pqc,off,10.620000,0 - default,1606,1638,1273,6425.000000,3600.000000,1.784722,1162,1157,180,4900,3253,6,9,3739,6732,1962,6420,1533,0,10425,3,2,5,3,5.133000,5.153000,9.391000,2.139000,0.045000,0.342000,0.376000,0.608000,0.012000,0.448000,0.713000,4.676000
p256_bikel1,p256_falcon512,pqc-hybrid,pqc-hybrid,off,9.140000,0 - default,1606,1638,728,4502.000000,3600.000000,1.250556,1162,1157,138,2903,1885,5,7,3641,4735,1962,4497,1477,0,8330,3,2,3,2,5.112000,5.132000,7.650000,1.984000,0.061000,0.555000,0.387000,0.625000,0.011000,0.455000,0.693000,5.291000
p256_bikel1,rsa3072_falcon512,pqc-hybrid,pqc-hybrid,off,12.120000,0 - default,1606,1638,1044,5470.000000,3600.000000,1.519444,1162,1157,138,3908,2532,5,8,3641,5740,1962,5465,1477,0,9335,3,2,4,2,5.085000,5.105000,10.579000,2.010000,0.051000,0.674000,0.383000,0.597000,0.011000,2.734000,2.977000,7.595000
p256_bikel1,falconpadded512,pqc-hybrid,pqc,off,10.280000,0 - default,1606,1638,666,4305.000000,3600.000000,1.195833,1162,1157,138,2706,1750,5,7,3641,4538,1962,4300,1477,0,8133,3,2,3,2,5.062000,5.090000,9.156000,2.019000,0.057000,0.289000,0.376000,0.614000,0.010000,0.253000,0.501000,4.738000
p256_bikel1,p256_falconpadded512,pqc-hybrid,pqc-hybrid,off,9.300000,0 - default,1606,1638,740,4524.000000,3600.000000,1.256667,1162,1157,138,2925,1895,5,7,3641,4757,1962,4519,1477,0,8352,3,2,3,2,5.242000,5.265000,7.791000,2.111000,0.062000,0.571000,0.394000,0.617000,0.011000,0.455000,0.697000,5.440000
p256_bikel1,rsa3072_falconpadded512,pqc-hybrid,pqc-hybrid,off,12.220000,0 - default,1606,1638,1054,5488.000000,3600.000000,1.524444,1162,1157,138,3926,2540,5,8,3641,5758,1962,5483,1477,0,9353,3,2,4,2,5.138000,5.159000,10.687000,2.076000,0.049000,0.666000,0.399000,0.605000,0.011000,2.727000,2.978000,7.667000
p256_bikel1,p521_falcon1024,pqc-hybrid,pqc-hybrid,off,13.000000,0 - default,1606,1638,1414,6843.000000,3600.000000,1.900833,1162,1157,138,5318,3530,5,9,3641,7150,1962,6838,1477,0,10745,3,2,5,2,5.070000,5.090000,9.947000,2.132000,0.067000,2.017000,0.381000,0.612000,0.011000,2.522000,2.780000,9.191000
p256_bikel1,falconpadded1024,pqc-hybrid,pqc,off,10.720000,0 - default,1606,1638,1280,6439.000000,3600.000000,1.788611,1162,1157,180,4914,3260,6,9,3739,6746,1962,6434,1533,0,10439,3,2,5,3,5.091000,5.111000,9.490000,2.098000,0.047000,0.331000,0.381000,0.610000,0.010000,0.454000,0.699000,4.629000
p256_bikel1,p521_falconpadded1024,pqc-hybrid,pqc-hybrid,off,13.110000,0 - default,1606,1638,1423,6861.000000,3600.000000,1.905833,1162,1157,138,5336,3539,5,9,3641,7168,1962,6856,1477,0,10763,3,2,5,2,5.107000,5.127000,10.112000,2.475000,0.049000,2.020000,0.384000,0.608000,0.011000,2.516000,2.778000,9.392000
p256_bikel1,sphincssha2128fsimple,pqc-hybrid,pqc,off,18.110000,0 - default,1606,1638,17088,6939.000000,3600.000000,1.927500,1162,1157,390,35891,17305,11,35,3949,37723,1962,36449,1533,0,41626,3,2,31,8,5.064000,5.084000,15.905000,2.035000,0.075000,0.768000,0.389000,0.611000,0.035000,7.090000,7.415000,10.459000
p256_bikel1,p256_sphincssha2128fsimple,pqc-hybrid,pqc-hybrid,off,16.920000,0 - default,1606,1638,17163,6939.000000,3600.000000,1.927500,1162,1157,348,36112,17451,10,35,3907,37944,1962,36670,1533,0,41805,3,2,31,7,5.068000,5.089000,14.326000,1.949000,0.071000,1.047000,0.384000,0.612000,0.038000,7.269000,7.591000,10.570000
p256_bikel1,rsa3072_sphincssha2128fsimple,pqc-hybrid,pqc-hybrid,off,19.810000,0 - default,1606,1638,17476,6939.000000,3600.000000,1.927500,1162,1157,390,37118,18100,11,36,3949,38950,1962,37639,1533,0,42853,3,2,32,8,5.042000,5.062000,17.154000,1.933000,0.070000,1.164000,0.382000,0.599000,0.033000,9.526000,9.848000,12.795000
p256_bikel1,sphincssha2128ssimple,pqc-hybrid,pqc,off,157.100000,0 - default,1606,1638,7856,6939.000000,3600.000000,1.927500,1162,1157,222,16722,8072,7,19,3781,18554,1962,17872,1533,0,22289,3,2,15,4,5.136000,5.156000,155.403000,2.079000,0.065000,0.452000,0.377000,0.609000,0.012000,146.408000,146.683000,149.803000
p256_bikel1,p256_sphincssha2128ssimple,pqc-hybrid,pqc-hybrid,off,156.310000,0 - default,1606,1638,7931,6939.000000,3600.000000,1.927500,1162,1157,222,16943,8218,7,19,3781,18775,1962,18093,1533,0,22510,3,2,15,4,5.119000,5.139000,154.266000,2.133000,0.063000,0.723000,0.394000,0.614000,0.012000,146.758000,147.050000,150.405000
p256_bikel1,rsa3072_sphincssha2128ssimple,pqc-hybrid,pqc-hybrid,off,158.810000,0 - default,1606,1638,8244,6939.000000,3600.000000,1.927500,1162,1157,222,17950,8868,7,20,3781,19782,1962,19063,1533,0,23517,3,2,16,4,5.113000,5.134000,156.696000,2.103000,0.062000,0.846000,0.386000,0.598000,0.011000,148.803000,149.072000,152.192000
p256_bikel1,sphincssha2192fsimple,pqc-hybrid,pqc,off,24.140000,0 - default,1606,1638,35664,6939.000000,3600.000000,1.927500,1162,1157,600,74467,35897,16,67,4159,76299,1962,73841,1533,0,80412,3,2,63,13,5.203000,5.223000,20.916000,1.969000,0.089000,1.072000,0.381000,0.600000,0.050000,11.945000,14.851000,15.262000
p256_bikel1,p384_sphincssha2192fsimple,pqc-hybrid,pqc-hybrid,off,24.660000,0 - default,1606,1638,35770,6939.000000,3600.000000,1.927500,1162,1157,516,74784,36108,14,67,4075,76616,1962,74158,1533,0,80645,3,2,63,11,5.127000,5.147000,20.646000,2.493000,0.086000,1.881000,0.389000,0.612000,0.049000,12.921000,16.350000,16.777000
p256_bikel1,sphincssha2192ssimple,pqc-hybrid,pqc,off,275.580000,0 - default,1606,1638,16224,6939.000000,3600.000000,1.927500,1162,1157,348,34091,16457,10,33,3907,35923,1962,34723,1533,0,39784,3,2,29,7,5.112000,5.133000,273.497000,2.143000,0.088000,0.579000,0.381000,0.602000,0.038000,264.464000,264.807000,268.070000
p256_bikel1,p384_sphincssha2192ssimple,pqc-hybrid,pqc-hybrid,off,275.360000,0 - default,1606,1638,16332,6939.000000,3600.000000,1.927500,1162,1157,348,34453,16667,10,34,3907,36285,1962,35048,1533,0,40146,3,2,30,7,5.110000,5.130000,272.307000,1.964000,0.073000,1.421000,0.385000,0.613000,0.036000,265.129000,265.448000,268.463000
p256_bikel1,sphincssha2256fsimple,pqc-hybrid,pqc,off,36.550000,0 - default,1606,1638,49856,6939.000000,3600.000000,1.927500,1162,1157,648,103967,50105,17,92,4207,105799,1962,102416,1533,0,109960,3,2,88,14,5.107000,5.129000,33.256000,2.002000,0.104000,1.083000,0.380000,0.600000,0.075000,24.433000,28.006000,27.846000
p256_bikel1,p521_sphincssha2256fsimple,pqc-hybrid,pqc-hybrid,off,39.000000,0 - default,1606,1638,49998,6939.000000,3600.000000,1.927500,1162,1157,774,104391,50387,20,92,4333,106223,1962,102840,1533,0,110510,3,2,88,17,5.076000,5.096000,33.791000,1.973000,0.103000,2.707000,0.383000,0.613000,0.070000,26.563000,30.382000,29.979000
p256_bikel1,sphincssha2256ssimple,pqc-hybrid,pqc,off,251.670000,0 - default,1606,1638,29792,6939.000000,3600.000000,1.927500,1162,1157,474,62299,30041,13,57,4033,64131,1962,62043,1533,0,68118,3,2,53,10,5.103000,5.123000,249.056000,2.241000,0.104000,0.724000,0.395000,0.625000,0.047000,239.830000,240.231000,243.645000
p256_bikel1,p521_sphincssha2256ssimple,pqc-hybrid,pqc-hybrid,off,253.800000,0 - default,1606,1638,29935,6939.000000,3600.000000,1.927500,1162,1157,474,62725,30324,13,57,4033,64557,1962,62469,1533,0,68544,3,2,53,10,5.130000,5.151000,249.387000,2.086000,0.101000,2.386000,0.395000,0.640000,0.048000,241.683000,242.087000,245.530000
p256_bikel1,sphincsshake128fsimple,pqc-hybrid,pqc,off,26.760000,0 - default,1606,1638,17088,6939.000000,3600.000000,1.927500,1162,1157,306,35891,17305,9,35,3865,37723,1962,36449,1533,0,41542,3,2,31,6,5.090000,5.110000,24.079000,2.019000,0.075000,1.297000,0.381000,0.606000,0.036000,15.231000,15.552000,18.579000
p256_bikel1,p256_sphincsshake128fsimple,pqc-hybrid,pqc-hybrid,off,25.760000,0 - default,1606,1638,17163,6939.000000,3600.000000,1.927500,1162,1157,348,36110,17449,10,35,3907,37942,1962,36668,1533,0,41803,3,2,31,7,5.081000,5.101000,22.623000,2.101000,0.076000,1.580000,0.379000,0.611000,0.037000,15.430000,15.756000,18.877000
p256_bikel1,rsa3072_sphincsshake128fsimple,pqc-hybrid,pqc-hybrid,off,28.680000,0 - default,1606,1638,17476,6939.000000,3600.000000,1.927500,1162,1157,390,37118,18100,11,36,3949,38950,1962,37639,1533,0,42853,3,2,32,8,5.117000,5.137000,25.513000,2.004000,0.070000,1.664000,0.380000,0.593000,0.033000,17.724000,18.048000,21.067000
p256_bikel1,sphincsshake128ssimple,pqc-hybrid,pqc,off,326.110000,0 - default,1606,1638,7856,6939.000000,3600.000000,1.927500,1162,1157,222,16723,8073,7,19,3781,18555,1962,17873,1533,0,22290,3,2,15,4,5.086000,5.106000,324.189000,2.154000,0.072000,0.661000,0.380000,0.610000,0.011000,315.236000,315.513000,318.716000
p256_bikel1,p256_sphincsshake128ssimple,pqc-hybrid,pqc-hybrid,off,326.010000,0 - default,1606,1638,7929,6939.000000,3600.000000,1.927500,1162,1157,222,16941,8218,7,19,3781,18773,1962,18091,1533,0,22508,3,2,15,4,5.237000,5.258000,323.692000,2.012000,0.073000,0.970000,0.418000,0.654000,0.012000,315.676000,315.968000,319.093000
p256_bikel1,rsa3072_sphincsshake128ssimple,pqc-hybrid,pqc-hybrid,off,329.090000,0 - default,1606,1638,8244,6939.000000,3600.000000,1.927500,1162,1157,222,17950,8868,7,20,3781,19782,1962,19063,1533,0,23517,3,2,16,4,5.076000,5.097000,326.755000,2.167000,0.065000,1.055000,0.386000,0.607000,0.011000,318.777000,319.058000,322.262000
p256_bikel1,sphincsshake192fsimple,pqc-hybrid,pqc,off,37.400000,0 - default,1606,1638,35664,6939.000000,3600.000000,1.927500,1162,1157,516,74467,35897,14,67,4075,76299,1962,73841,1533,0,80328,3,2,63,11,5.107000,5.127000,33.503000,2.060000,0.098000,1.814000,0.391000,0.610000,0.052000,24.532000,27.517000,27.937000
p256_bikel1,p384_sphincsshake192fsimple,pqc-hybrid,pqc-hybrid,off,37.670000,0 - default,1606,1638,35771,6939.000000,3600.000000,1.927500,1162,1157,642,74785,36108,17,67,4201,76617,1962,74159,1533,0,80772,3,2,63,14,5.054000,5.074000,32.766000,2.148000,0.101000,2.675000,0.390000,0.617000,0.053000,25.503000,28.600000,29.024000
p256_bikel1,sphincsshake192ssimple,pqc-hybrid,pqc,off,576.940000,0 - default,1606,1638,16224,6939.000000,3600.000000,1.927500,1162,1157,306,34091,16457,9,33,3865,35923,1962,34723,1533,0,39742,3,2,29,6,5.123000,5.144000,574.641000,1.997000,0.077000,0.850000,0.381000,0.605000,0.032000,565.838000,566.149000,569.177000
p256_bikel1,p384_sphincsshake192ssimple,pqc-hybrid,pqc-hybrid,off,578.310000,0 - default,1606,1638,16332,6939.000000,3600.000000,1.927500,1162,1157,348,34455,16669,10,34,3907,36287,1962,35050,1533,0,40148,3,2,30,7,5.100000,5.120000,574.960000,2.028000,0.089000,1.694000,0.387000,0.616000,0.037000,567.417000,567.750000,570.897000
p256_bikel1,sphincsshake256fsimple,pqc-hybrid,pqc,off,64.470000,0 - default,1606,1638,49856,6939.000000,3600.000000,1.927500,1162,1157,732,103967,50105,19,92,4291,105799,1962,102416,1533,0,110044,3,2,88,16,5.089000,5.110000,60.294000,2.129000,0.112000,1.850000,0.378000,0.601000,0.070000,51.220000,55.060000,54.747000
p256_bikel1,p521_sphincsshake256fsimple,pqc-hybrid,pqc-hybrid,off,66.380000,0 - default,1606,1638,49999,6939.000000,3600.000000,1.927500,1162,1157,730,104430,50387,19,93,4289,106262,1962,102841,1533,0,110505,3,2,89,16,5.142000,5.162000,60.352000,1.959000,0.120000,3.528000,0.389000,0.615000,0.072000,53.282000,57.077000,56.666000
p256_bikel1,sphincsshake256ssimple,pqc-hybrid,pqc,off,494.110000,0 - default,1606,1638,29792,6939.000000,3600.000000,1.927500,1162,1157,516,62299,30041,14,57,4075,64131,1962,62043,1533,0,68160,3,2,53,11,5.130000,5.149000,491.114000,2.216000,0.111000,1.076000,0.385000,0.609000,0.049000,481.741000,482.139000,485.519000
p256_bikel1,p521_sphincsshake256ssimple,pqc-hybrid,pqc-hybrid,off,497.360000,0 - default,1606,1638,29935,6939.000000,3600.000000,1.927500,1162,1157,474,62725,30324,13,57,4033,64557,1962,62469,1533,0,68544,3,2,53,10,5.163000,5.184000,492.547000,2.088000,0.110000,2.718000,0.386000,0.621000,0.040000,485.062000,485.463000,488.733000
p256_bikel1,ED25519,pqc-hybrid,classic,off,9.590000,0 - default,1606,1638,64,2287.000000,3600.000000,0.635278,1162,1157,138,540,270,5,5,3641,2446,1962,2208,1477,74,6041,3,2,1,2,5.243000,5.263000,8.612000,2.074000,0.045000,0.174000,0.398000,0.468000,0.011000,0.036000,0.069000,4.024000
p256_bikel1,ED448,pqc-hybrid,classic,off,9.900000,0 - default,1606,1638,114,2342.000000,3600.000000,0.650556,1162,1157,138,706,345,5,6,3641,2538,1962,2337,1477,0,6133,3,2,2,2,5.112000,5.132000,8.789000,2.009000,0.045000,0.295000,0.403000,0.474000,0.010000,0.211000,0.245000,4.278000
x25519_bikel1,MLDSA44,pqc-hybrid,pqc,off,5.080000,0 - default,1573,1605,2420,6939.000000,3600.000000,1.927500,1162,1157,222,6809,3931,7,11,3781,8608,1929,8222,1566,0,12343,3,2,7,4,1.105000,1.125000,3.826000,1.137000,0.046000,0.206000,0.364000,0.439000,0.012000,0.251000,0.306000,3.148000
x25519_bikel1,MLDSA65,pqc-hybrid,pqc,off,6.410000,0 - default,1573,1605,3309,6939.000000,3600.000000,1.927500,1162,1157,264,9311,5460,8,13,3823,11110,1929,10650,1566,0,14887,3,2,9,5,1.093000,1.113000,4.989000,1.043000,0.045000,0.296000,0.369000,0.443000,0.013000,1.397000,1.455000,3.319000
x25519_bikel1,MLDSA87,pqc-hybrid,pqc,off,6.920000,0 - default,1573,1605,4627,6939.000000,3600.000000,1.927500,1162,1157,264,12712,7418,8,16,3823,14511,1929,13940,1566,0,18288,3,2,12,5,1.150000,1.171000,5.177000,1.581000,0.052000,0.424000,0.471000,0.562000,0.012000,0.591000,0.651000,3.203000
x25519_bikel1,p256_mldsa44,pqc-hybrid,pqc-hybrid,off,5.640000,0 - default,1573,1605,2496,6939.000000,3600.000000,1.927500,1162,1157,222,7018,4064,7,11,3781,8817,1929,8431,1566,0,12552,3,2,7,4,1.104000,1.124000,3.920000,1.081000,0.051000,0.713000,0.361000,0.571000,0.012000,0.328000,0.580000,2.714000
x25519_bikel1,rsa3072_mldsa44,pqc-hybrid,pqc-hybrid,off,7.970000,0 - default,1573,1605,2808,6939.000000,3600.000000,1.927500,1162,1157,222,8017,4709,7,12,3781,9816,1929,9393,1566,0,13551,3,2,8,4,1.087000,1.107000,6.346000,1.201000,0.052000,0.654000,0.373000,0.583000,0.012000,2.632000,2.885000,5.137000
x25519_bikel1,p384_mldsa65,pqc-hybrid,pqc-hybrid,off,7.760000,0 - default,1573,1605,3416,6939.000000,3600.000000,1.927500,1162,1157,264,9614,5656,8,13,3823,11413,1929,10953,1566,0,15190,3,2,9,5,1.118000,1.140000,5.139000,1.376000,0.056000,1.298000,0.420000,0.673000,0.012000,1.083000,1.347000,3.802000
x25519_bikel1,p521_mldsa87,pqc-hybrid,pqc-hybrid,off,9.300000,0 - default,1573,1605,4770,6939.000000,3600.000000,1.927500,1162,1157,264,13160,7684,8,17,3823,14959,1929,14350,1566,0,18736,3,2,13,5,1.129000,1.151000,5.747000,1.077000,0.067000,2.174000,0.369000,0.577000,0.013000,2.265000,2.525000,4.578000
x25519_bikel1,falcon512,pqc-hybrid,pqc,off,5.670000,0 - default,1573,1605,656,4253.000000,3600.000000,1.181389,1162,1157,138,2687,1741,5,7,3641,4486,1929,4248,1510,0,8081,3,2,3,2,1.164000,1.185000,4.466000,1.210000,0.065000,0.302000,0.366000,0.584000,0.013000,0.254000,0.499000,4.001000
x25519_bikel1,falcon1024,pqc-hybrid,pqc,off,5.820000,0 - default,1573,1605,1271,6390.000000,3600.000000,1.775000,1162,1157,180,4898,3253,6,9,3739,6697,1929,6385,1566,0,10390,3,2,5,3,1.121000,1.142000,4.547000,1.219000,0.059000,0.333000,0.378000,0.591000,0.014000,0.453000,0.699000,3.829000
x25519_bikel1,p256_falcon512,pqc-hybrid,pqc-hybrid,off,5.660000,0 - default,1573,1605,734,4475.000000,3600.000000,1.243056,1162,1157,138,2909,1885,5,7,3641,4708,1929,4470,1510,0,8303,3,2,3,2,1.096000,1.116000,4.069000,1.196000,0.049000,0.708000,0.360000,0.565000,0.012000,0.474000,0.722000,4.562000
x25519_bikel1,rsa3072_falcon512,pqc-hybrid,pqc-hybrid,off,7.990000,0 - default,1573,1605,1041,5434.000000,3600.000000,1.509444,1162,1157,138,3905,2532,5,8,3641,5704,1929,5429,1510,0,9299,3,2,4,2,1.104000,1.125000,6.390000,1.152000,0.049000,0.696000,0.365000,0.572000,0.012000,2.743000,2.988000,6.799000
x25519_bikel1,falconpadded512,pqc-hybrid,pqc,off,5.500000,0 - default,1573,1605,666,4272.000000,3600.000000,1.186667,1162,1157,180,2706,1750,6,7,3739,4505,1929,4267,1566,0,8198,3,2,3,3,1.113000,1.133000,4.309000,1.165000,0.053000,0.288000,0.370000,0.583000,0.011000,0.250000,0.493000,2.654000
x25519_bikel1,p256_falconpadded512,pqc-hybrid,pqc-hybrid,off,5.800000,0 - default,1573,1605,741,4492.000000,3600.000000,1.247778,1162,1157,138,2926,1895,5,7,3641,4725,1929,4487,1510,0,8320,3,2,3,2,1.096000,1.117000,4.172000,1.205000,0.054000,0.718000,0.365000,0.571000,0.011000,0.485000,0.728000,4.641000
x25519_bikel1,rsa3072_falconpadded512,pqc-hybrid,pqc-hybrid,off,7.770000,0 - default,1573,1605,1054,5455.000000,3600.000000,1.515278,1162,1157,138,3926,2540,5,8,3641,5725,1929,5450,1510,0,9320,3,2,4,2,1.085000,1.105000,6.207000,1.045000,0.050000,0.681000,0.380000,0.601000,0.012000,2.772000,3.024000,6.736000
x25519_bikel1,p521_falcon1024,pqc-hybrid,pqc-hybrid,off,9.380000,0 - default,1573,1605,1406,6802.000000,3600.000000,1.889444,1162,1157,180,5310,3530,6,9,3739,7109,1929,6797,1566,0,10802,3,2,5,3,1.090000,1.110000,6.204000,1.124000,0.054000,2.142000,0.360000,0.576000,0.011000,2.637000,2.890000,6.029000
x25519_bikel1,falconpadded1024,pqc-hybrid,pqc,off,5.840000,0 - default,1573,1605,1280,6406.000000,3600.000000,1.779444,1162,1157,180,4914,3260,6,9,3739,6713,1929,6401,1566,0,10406,3,2,5,3,1.090000,1.111000,4.593000,1.158000,0.051000,0.332000,0.369000,0.582000,0.012000,0.461000,0.708000,3.728000
x25519_bikel1,p521_falconpadded1024,pqc-hybrid,pqc-hybrid,off,9.370000,0 - default,1573,1605,1421,6826.000000,3600.000000,1.896111,1162,1157,180,5334,3539,6,9,3739,7133,1929,6821,1566,0,10826,3,2,5,3,1.106000,1.127000,6.195000,1.184000,0.052000,2.148000,0.359000,0.575000,0.012000,2.527000,2.774000,5.956000
x25519_bikel1,sphincssha2128fsimple,pqc-hybrid,pqc,off,13.320000,0 - default,1573,1605,17088,6939.000000,3600.000000,1.927500,1162,1157,348,35891,17305,10,35,3907,37690,1929,36416,1566,0,41551,3,2,31,7,1.102000,1.122000,11.088000,1.027000,0.059000,0.794000,0.373000,0.584000,0.034000,7.081000,7.396000,9.421000
x25519_bikel1,p256_sphincssha2128fsimple,pqc-hybrid,pqc-hybrid,off,13.580000,0 - default,1573,1605,17162,6939.000000,3600.000000,1.927500,1162,1157,348,36111,17451,10,35,3907,37910,1929,36636,1566,0,41771,3,2,31,7,1.083000,1.104000,10.858000,1.081000,0.062000,1.208000,0.360000,0.572000,0.035000,7.297000,7.608000,9.654000
x25519_bikel1,rsa3072_sphincssha2128fsimple,pqc-hybrid,pqc-hybrid,off,15.830000,0 - default,1573,1605,17476,6939.000000,3600.000000,1.927500,1162,1157,306,37118,18100,9,36,3865,38917,1929,37606,1566,0,42736,3,2,32,6,1.099000,1.120000,13.186000,1.170000,0.085000,1.176000,0.370000,0.580000,0.037000,9.567000,9.885000,12.041000
x25519_bikel1,sphincssha2128ssimple,pqc-hybrid,pqc,off,152.160000,0 - default,1573,1605,7856,6939.000000,3600.000000,1.927500,1162,1157,180,16722,8072,6,19,3739,18521,1929,17839,1566,0,22214,3,2,15,3,1.100000,1.120000,150.458000,1.151000,0.066000,0.446000,0.365000,0.576000,0.012000,146.455000,146.724000,148.875000
x25519_bikel1,p256_sphincssha2128ssimple,pqc-hybrid,pqc-hybrid,off,152.510000,0 - default,1573,1605,7930,6939.000000,3600.000000,1.927500,1162,1157,222,16942,8218,7,19,3781,18741,1929,18059,1566,0,22476,3,2,15,4,1.108000,1.127000,150.189000,1.087000,0.071000,0.891000,0.379000,0.595000,0.012000,146.535000,146.819000,148.963000
x25519_bikel1,rsa3072_sphincssha2128ssimple,pqc-hybrid,pqc-hybrid,off,154.950000,0 - default,1573,1605,8244,6939.000000,3600.000000,1.927500,1162,1157,222,17950,8868,7,20,3781,19749,1929,19030,1566,0,23484,3,2,16,4,1.097000,1.117000,152.720000,1.145000,0.079000,0.880000,0.362000,0.572000,0.013000,149.090000,149.393000,151.598000
x25519_bikel1,sphincssha2192fsimple,pqc-hybrid,pqc,off,19.720000,0 - default,1573,1605,35664,6939.000000,3600.000000,1.927500,1162,1157,516,74467,35897,14,67,4075,76266,1929,73808,1566,0,80295,3,2,63,11,1.118000,1.139000,16.640000,1.650000,0.089000,1.060000,0.381000,0.600000,0.055000,11.911000,14.515000,14.926000
x25519_bikel1,p384_sphincssha2192fsimple,pqc-hybrid,pqc-hybrid,off,20.860000,0 - default,1573,1605,35771,6939.000000,3600.000000,1.927500,1162,1157,516,74785,36108,14,67,4075,76584,1929,74126,1566,0,80613,3,2,63,11,1.095000,1.115000,16.603000,1.383000,0.092000,2.029000,0.365000,0.578000,0.054000,12.866000,15.208000,15.596000
x25519_bikel1,sphincssha2192ssimple,pqc-hybrid,pqc,off,270.430000,0 - default,1573,1605,16224,6939.000000,3600.000000,1.927500,1162,1157,306,34091,16457,9,33,3865,35890,1929,34690,1566,0,39709,3,2,29,6,1.103000,1.123000,268.271000,1.072000,0.081000,0.592000,0.364000,0.580000,0.029000,264.246000,264.562000,266.646000
x25519_bikel1,p384_sphincssha2192ssimple,pqc-hybrid,pqc-hybrid,off,272.070000,0 - default,1573,1605,16332,6939.000000,3600.000000,1.927500,1162,1157,306,34453,16667,9,34,3865,36252,1929,35015,1566,0,40071,3,2,30,6,1.093000,1.113000,268.835000,1.203000,0.083000,1.593000,0.363000,0.570000,0.034000,265.118000,265.437000,267.655000
x25519_bikel1,sphincssha2256fsimple,pqc-hybrid,pqc,off,31.830000,0 - default,1573,1605,49856,6939.000000,3600.000000,1.927500,1162,1157,648,103967,50105,17,92,4207,105766,1929,102383,1566,0,109927,3,2,88,14,1.125000,1.145000,28.319000,1.042000,0.103000,1.082000,0.371000,0.585000,0.068000,24.412000,26.824000,26.842000
x25519_bikel1,p521_sphincssha2256fsimple,pqc-hybrid,pqc-hybrid,off,35.810000,0 - default,1573,1605,49999,6939.000000,3600.000000,1.927500,1162,1157,604,104430,50387,16,93,4163,106229,1929,102808,1566,0,110346,3,2,89,13,1.101000,1.121000,30.330000,1.043000,0.110000,2.882000,0.366000,0.588000,0.070000,26.512000,28.990000,29.009000
x25519_bikel1,sphincssha2256ssimple,pqc-hybrid,pqc,off,246.470000,0 - default,1573,1605,29792,6939.000000,3600.000000,1.927500,1162,1157,390,62299,30041,11,57,3949,64098,1929,62010,1566,0,68001,3,2,53,8,1.093000,1.114000,243.899000,1.181000,0.107000,0.710000,0.370000,0.583000,0.047000,239.644000,240.043000,242.347000
x25519_bikel1,p521_sphincssha2256ssimple,pqc-hybrid,pqc-hybrid,off,249.810000,0 - default,1573,1605,29935,6939.000000,3600.000000,1.927500,1162,1157,390,62725,30324,11,57,3949,64524,1929,62436,1566,0,68427,3,2,53,8,1.109000,1.130000,245.358000,1.127000,0.096000,2.472000,0.360000,0.572000,0.049000,241.788000,242.171000,244.341000
x25519_bikel1,sphincsshake128fsimple,pqc-hybrid,pqc,off,21.840000,0 - default,1573,1605,17088,6939.000000,3600.000000,1.927500,1162,1157,348,35891,17305,10,35,3907,37690,1929,36416,1566,0,41551,3,2,31,7,1.097000,1.117000,19.113000,1.065000,0.061000,1.326000,0.374000,0.589000,0.032000,15.197000,15.515000,17.577000
x25519_bikel1,p256_sphincsshake128fsimple,pqc-hybrid,pqc-hybrid,off,22.270000,0 - default,1573,1605,17163,6939.000000,3600.000000,1.927500,1162,1157,348,36110,17449,10,35,3907,37909,1929,36635,1566,0,41770,3,2,31,7,1.093000,1.112000,19.023000,1.056000,0.061000,1.738000,0.362000,0.570000,0.040000,15.464000,15.794000,17.824000
x25519_bikel1,rsa3072_sphincsshake128fsimple,pqc-hybrid,pqc-hybrid,off,24.360000,0 - default,1573,1605,17476,6939.000000,3600.000000,1.927500,1162,1157,306,37118,18100,9,36,3865,38917,1929,37606,1566,0,42736,3,2,32,6,1.083000,1.103000,21.190000,1.102000,0.082000,1.709000,0.363000,0.571000,0.034000,17.714000,18.032000,20.113000
x25519_bikel1,sphincsshake128ssimple,pqc-hybrid,pqc,off,322.020000,0 - default,1573,1605,7856,6939.000000,3600.000000,1.927500,1162,1157,222,16723,8073,7,19,3781,18522,1929,17840,1566,0,22257,3,2,15,4,1.104000,1.124000,319.963000,1.277000,0.088000,0.640000,0.370000,0.584000,0.012000,315.658000,315.951000,318.325000
x25519_bikel1,p256_sphincsshake128ssimple,pqc-hybrid,pqc-hybrid,off,322.290000,0 - default,1573,1605,7930,6939.000000,3600.000000,1.927500,1162,1157,180,16942,8218,6,19,3739,18741,1929,18059,1566,0,22434,3,2,15,3,1.109000,1.129000,319.840000,1.142000,0.075000,1.085000,0.378000,0.602000,0.012000,315.997000,316.270000,318.670000
x25519_bikel1,rsa3072_sphincsshake128ssimple,pqc-hybrid,pqc-hybrid,off,324.490000,0 - default,1573,1605,8244,6939.000000,3600.000000,1.927500,1162,1157,180,17950,8868,6,20,3739,19749,1929,19030,1566,0,23442,3,2,16,3,1.093000,1.113000,322.042000,1.181000,0.082000,1.106000,0.358000,0.564000,0.013000,318.324000,318.623000,320.876000
x25519_bikel1,sphincsshake192fsimple,pqc-hybrid,pqc,off,32.450000,0 - default,1573,1605,35664,6939.000000,3600.000000,1.927500,1162,1157,558,74467,35897,15,67,4117,76266,1929,73808,1566,0,80337,3,2,63,12,1.107000,1.127000,28.705000,1.153000,0.095000,1.830000,0.360000,0.574000,0.054000,24.508000,26.540000,26.970000
x25519_bikel1,p384_sphincsshake192fsimple,pqc-hybrid,pqc-hybrid,off,33.890000,0 - default,1573,1605,35770,6939.000000,3600.000000,1.927500,1162,1157,516,74784,36108,14,67,4075,76583,1929,74125,1566,0,80612,3,2,63,11,1.104000,1.124000,29.020000,1.169000,0.097000,2.776000,0.364000,0.573000,0.055000,25.455000,27.527000,27.946000
x25519_bikel1,sphincsshake192ssimple,pqc-hybrid,pqc,off,573.590000,0 - default,1573,1605,16224,6939.000000,3600.000000,1.927500,1162,1157,264,34091,16457,8,33,3823,35890,1929,34690,1566,0,39667,3,2,29,5,1.094000,1.114000,571.180000,1.188000,0.091000,0.859000,0.367000,0.581000,0.031000,567.052000,567.385000,569.605000
x25519_bikel1,p384_sphincsshake192ssimple,pqc-hybrid,pqc-hybrid,off,575.120000,0 - default,1573,1605,16330,6939.000000,3600.000000,1.927500,1162,1157,306,34453,16669,9,34,3865,36252,1929,35015,1566,0,40071,3,2,30,6,1.090000,1.110000,571.493000,1.266000,0.109000,1.901000,0.366000,0.574000,0.034000,567.611000,567.944000,570.320000
x25519_bikel1,sphincsshake256fsimple,pqc-hybrid,pqc,off,59.450000,0 - default,1573,1605,49856,6939.000000,3600.000000,1.927500,1162,1157,734,103967,50105,19,92,4293,105766,1929,102383,1566,0,110013,3,2,88,16,1.087000,1.124000,55.167000,1.101000,0.109000,1.878000,0.371000,0.582000,0.069000,51.212000,53.634000,53.682000
x25519_bikel1,p521_sphincsshake256fsimple,pqc-hybrid,pqc-hybrid,off,63.200000,0 - default,1573,1605,49998,6939.000000,3600.000000,1.927500,1162,1157,690,104429,50387,18,93,4249,106228,1929,102807,1566,0,110431,3,2,89,15,1.099000,1.119000,56.889000,1.066000,0.115000,3.680000,0.359000,0.565000,0.075000,53.300000,55.761000,55.782000
x25519_bikel1,sphincsshake256ssimple,pqc-hybrid,pqc,off,489.550000,0 - default,1573,1605,29792,6939.000000,3600.000000,1.927500,1162,1157,390,62299,30041,11,57,3949,64098,1929,62010,1566,0,68001,3,2,53,8,1.102000,1.122000,486.656000,1.250000,0.094000,1.059000,0.373000,0.584000,0.046000,482.455000,482.831000,485.151000
x25519_bikel1,p521_sphincsshake256ssimple,pqc-hybrid,pqc-hybrid,off,493.370000,0 - default,1573,1605,29935,6939.000000,3600.000000,1.927500,1162,1157,390,62725,30324,11,57,3949,64524,1929,62436,1566,0,68427,3,2,53,8,1.089000,1.109000,488.458000,1.219000,0.101000,2.868000,0.360000,0.579000,0.049000,484.394000,484.787000,487.301000
x25519_bikel1,ED25519,pqc-hybrid,classic,off,4.650000,0 - default,1573,1605,64,2287.000000,3600.000000,0.635278,1162,1157,138,540,270,5,5,3641,2446,1929,2175,1510,107,6041,3,2,1,2,1.105000,1.125000,3.644000,1.107000,0.051000,0.182000,0.372000,0.444000,0.011000,0.035000,0.069000,3.177000
x25519_bikel1,ED448,pqc-hybrid,classic,off,5.060000,0 - default,1573,1605,114,2309.000000,3600.000000,0.641389,1162,1157,138,706,345,5,6,3641,2505,1929,2304,1510,0,6100,3,2,2,2,1.100000,1.121000,3.921000,1.216000,0.052000,0.294000,0.372000,0.442000,0.011000,0.210000,0.244000,3.500000
bikel3,MLDSA44,pqc,pqc,off,5.970000,0 - default,3083,3115,2420,9742.000000,4800.000000,2.029583,1162,1157,180,6809,3931,7,12,4939,10161,3444,9737,1213,0,15054,4,3,7,3,0.955000,0.975000,4.810000,2.259000,0.048000,0.222000,0.333000,0.407000,0.012000,0.249000,0.307000,3.633000
bikel3,MLDSA65,pqc,pqc,off,6.740000,0 - default,3083,3115,3309,10427.000000,4800.000000,2.172292,1162,1157,222,9311,5460,8,14,4981,12663,3444,12165,1213,0,17598,4,3,9,4,0.955000,0.975000,5.496000,2.152000,0.046000,0.288000,0.341000,0.416000,0.012000,0.964000,1.020000,4.064000
bikel3,MLDSA87,pqc,pqc,off,7.440000,0 - default,3083,3115,4627,10427.000000,4800.000000,2.172292,1162,1157,264,12713,7418,9,17,5023,16065,3444,15456,1213,0,21042,4,3,12,5,0.943000,0.963000,5.832000,2.186000,0.054000,0.394000,0.338000,0.411000,0.013000,1.393000,1.460000,4.492000
bikel3,p256_mldsa44,pqc,pqc-hybrid,off,7.340000,0 - default,3083,3115,2494,9949.000000,4800.000000,2.072708,1162,1157,180,7016,4064,7,12,4939,10368,3444,9944,1213,0,15261,4,3,7,3,0.959000,0.980000,5.203000,2.163000,0.053000,1.139000,0.325000,0.544000,0.013000,0.351000,0.605000,3.832000
bikel3,rsa3072_mldsa44,pqc,pqc-hybrid,off,11.100000,0 - default,3083,3115,2808,10427.000000,4800.000000,2.172292,1162,1157,222,8017,4709,8,13,4981,11369,3444,10908,1213,0,16304,4,3,8,4,1.073000,1.097000,9.031000,3.647000,0.049000,1.108000,0.330000,0.549000,0.012000,2.594000,2.847000,7.528000
bikel3,p384_mldsa65,pqc,pqc-hybrid,off,8.850000,0 - default,3083,3115,3416,10427.000000,4800.000000,2.172292,1162,1157,222,9614,5656,8,14,4981,12966,3444,12468,1213,0,17901,4,3,9,4,0.955000,0.976000,6.063000,2.156000,0.051000,1.725000,0.326000,0.542000,0.012000,1.103000,1.362000,4.592000
bikel3,p521_mldsa87,pqc,pqc-hybrid,off,11.780000,0 - default,3083,3115,4769,10427.000000,4800.000000,2.172292,1162,1157,264,13121,7684,9,17,5023,16473,3444,15864,1213,0,21450,4,3,12,5,0.973000,0.993000,7.800000,2.699000,0.062000,2.598000,0.346000,0.573000,0.013000,2.212000,2.469000,6.162000
bikel3,falcon512,pqc,pqc,off,6.100000,0 - default,3083,3115,656,5768.000000,4800.000000,1.201667,1162,1157,138,2687,1741,6,8,4841,6039,3444,5763,1157,0,10834,4,3,3,2,0.944000,0.965000,4.955000,2.134000,0.047000,0.301000,0.331000,0.549000,0.012000,0.256000,0.486000,4.817000
bikel3,falcon1024,pqc,pqc,off,6.660000,0 - default,3083,3115,1274,7908.000000,4800.000000,1.647500,1162,1157,180,4901,3253,7,10,4939,8253,3444,7903,1213,0,13146,4,3,5,3,0.957000,0.978000,5.437000,2.249000,0.056000,0.325000,0.325000,0.538000,0.011000,0.456000,0.695000,3.935000
bikel3,p256_falcon512,pqc,pqc-hybrid,off,7.510000,0 - default,3083,3115,731,5992.000000,4800.000000,1.248333,1162,1157,180,2948,1885,7,9,4939,6300,3444,5987,1213,0,11193,4,3,4,3,0.940000,0.960000,5.431000,2.207000,0.051000,1.116000,0.325000,0.547000,0.011000,0.488000,0.728000,4.834000
bikel3,rsa3072_falcon512,pqc,pqc-hybrid,off,9.830000,0 - default,3083,3115,1041,6953.000000,4800.000000,1.448542,1162,1157,180,3946,2532,7,10,4939,7298,3444,6948,1213,0,12191,4,3,5,3,0.936000,0.956000,7.766000,2.335000,0.057000,1.083000,0.329000,0.551000,0.012000,2.753000,2.990000,6.346000
bikel3,falconpadded512,pqc,pqc,off,6.440000,0 - default,3083,3115,666,5791.000000,4800.000000,1.206458,1162,1157,180,2747,1750,7,9,4939,6099,3444,5786,1213,0,10992,4,3,4,3,0.944000,0.964000,5.236000,2.255000,0.049000,0.294000,0.328000,0.545000,0.012000,0.258000,0.497000,4.871000
bikel3,p256_falconpadded512,pqc,pqc-hybrid,off,7.260000,0 - default,3083,3115,742,6013.000000,4800.000000,1.252708,1162,1157,180,2969,1895,7,9,4939,6321,3444,6008,1213,0,11214,4,3,4,3,0.944000,0.964000,5.189000,2.086000,0.058000,1.117000,0.327000,0.546000,0.012000,0.489000,0.730000,4.718000
bikel3,rsa3072_falconpadded512,pqc,pqc-hybrid,off,9.830000,0 - default,3083,3115,1054,6974.000000,4800.000000,1.452917,1162,1157,180,3967,2540,7,10,4939,7319,3444,6969,1213,0,12212,4,3,5,3,0.948000,0.968000,7.830000,2.190000,0.052000,1.084000,0.323000,0.541000,0.011000,2.760000,2.999000,8.117000
bikel3,p521_falcon1024,pqc,pqc-hybrid,off,10.920000,0 - default,3083,3115,1413,8329.000000,4800.000000,1.735208,1162,1157,180,5359,3530,7,11,4939,8711,3444,8324,1213,0,13604,4,3,6,3,0.939000,0.959000,7.349000,2.127000,0.054000,2.565000,0.331000,0.552000,0.012000,2.528000,2.771000,5.964000
bikel3,falconpadded1024,pqc,pqc,off,6.440000,0 - default,3083,3115,1280,7921.000000,4800.000000,1.650208,1162,1157,180,4914,3260,7,10,4939,8266,3444,7916,1213,0,13159,4,3,5,3,0.941000,0.961000,5.214000,2.122000,0.054000,0.328000,0.331000,0.549000,0.013000,0.462000,0.699000,3.839000
bikel3,p521_falconpadded1024,pqc,pqc-hybrid,off,11.100000,0 - default,3083,3115,1423,8348.000000,4800.000000,1.739167,1162,1157,180,5378,3539,7,11,4939,8730,3444,8343,1213,0,13623,4,3,6,3,0.944000,0.964000,7.527000,2.225000,0.057000,2.537000,0.331000,0.544000,0.012000,2.521000,2.765000,7.008000
bikel3,sphincssha2128fsimple,pqc,pqc,off,14.100000,0 - default,3083,3115,17088,10427.000000,4800.000000,2.172292,1162,1157,390,35891,17305,12,36,5149,39243,3444,37931,1213,0,44346,4,3,31,8,0.945000,0.965000,11.927000,2.189000,0.078000,0.794000,0.345000,0.559000,0.038000,7.082000,7.413000,10.570000
bikel3,p256_sphincssha2128fsimple,pqc,pqc-hybrid,off,15.370000,0 - default,3083,3115,17163,10427.000000,4800.000000,2.172292,1162,1157,390,36112,17451,12,36,5149,39464,3444,38152,1213,0,44567,4,3,31,8,0.944000,0.965000,12.234000,2.213000,0.095000,1.625000,0.330000,0.546000,0.034000,7.311000,7.624000,10.821000
bikel3,rsa3072_sphincssha2128fsimple,pqc,pqc-hybrid,off,18.370000,0 - default,3083,3115,17476,10427.000000,4800.000000,2.172292,1162,1157,348,37118,18100,11,37,5107,40470,3444,39121,1213,0,45531,4,3,32,7,0.955000,0.978000,15.363000,2.894000,0.085000,1.578000,0.332000,0.557000,0.035000,9.616000,9.937000,13.828000
bikel3,sphincssha2128ssimple,pqc,pqc,off,153.260000,0 - default,3083,3115,7856,10427.000000,4800.000000,2.172292,1162,1157,180,16722,8072,7,20,4939,20074,3444,19354,1213,0,24967,4,3,15,3,0.935000,0.955000,151.540000,2.108000,0.070000,0.456000,0.331000,0.546000,0.011000,146.845000,147.111000,150.238000
bikel3,p256_sphincssha2128ssimple,pqc,pqc-hybrid,off,154.640000,0 - default,3083,3115,7931,10427.000000,4800.000000,2.172292,1162,1157,180,16943,8218,7,20,4939,20295,3444,19575,1213,0,25188,4,3,15,3,0.942000,0.962000,151.979000,2.207000,0.073000,1.306000,0.328000,0.546000,0.012000,147.002000,147.275000,150.509000
bikel3,rsa3072_sphincssha2128ssimple,pqc,pqc-hybrid,off,156.370000,0 - default,3083,3115,8244,10427.000000,4800.000000,2.172292,1162,1157,222,17950,8868,8,21,4981,21302,3444,20545,1213,0,26237,4,3,16,4,0.959000,0.979000,153.711000,2.184000,0.079000,1.334000,0.324000,0.540000,0.013000,148.794000,149.081000,152.341000
bikel3,sphincssha2192fsimple,pqc,pqc,off,19.830000,0 - default,3083,3115,35664,10427.000000,4800.000000,2.172292,1162,1157,558,74467,35897,16,68,5317,77819,3444,75323,1213,0,83090,4,3,63,12,0.948000,0.968000,16.751000,2.096000,0.092000,1.040000,0.324000,0.544000,0.049000,11.916000,14.978000,15.329000
bikel3,p384_sphincssha2192fsimple,pqc,pqc-hybrid,off,22.370000,0 - default,3083,3115,35770,10427.000000,4800.000000,2.172292,1162,1157,558,74828,36108,16,69,5317,78180,3444,75647,1213,0,83451,4,3,64,12,0.947000,0.967000,17.732000,2.202000,0.091000,2.451000,0.328000,0.541000,0.056000,12.895000,16.082000,16.434000
bikel3,sphincssha2192ssimple,pqc,pqc,off,272.140000,0 - default,3083,3115,16224,10427.000000,4800.000000,2.172292,1162,1157,264,34135,16457,9,35,5023,37487,3444,36212,1213,0,42464,4,3,30,5,0.938000,0.958000,270.122000,2.225000,0.087000,0.576000,0.323000,0.538000,0.032000,265.094000,265.403000,268.633000
bikel3,p384_sphincssha2192ssimple,pqc,pqc-hybrid,off,274.270000,0 - default,3083,3115,16331,10427.000000,4800.000000,2.172292,1162,1157,264,34452,16667,9,35,5023,37804,3444,36529,1213,0,42781,4,3,30,5,0.957000,0.977000,270.639000,2.173000,0.100000,1.998000,0.325000,0.537000,0.036000,265.779000,266.102000,269.290000
bikel3,sphincssha2256fsimple,pqc,pqc,off,34.660000,0 - default,3083,3115,49856,10427.000000,4800.000000,2.172292,1162,1157,690,103967,50105,19,93,5449,107319,3444,103898,1213,0,112722,4,3,88,15,1.096000,1.118000,31.081000,3.843000,0.115000,1.086000,0.325000,0.535000,0.067000,24.428000,29.721000,29.635000
bikel3,p521_sphincssha2256fsimple,pqc,pqc-hybrid,off,37.330000,0 - default,3083,3115,49999,10427.000000,4800.000000,2.172292,1162,1157,690,104392,50387,19,93,5449,107744,3444,104323,1213,0,113147,4,3,88,15,0.945000,0.965000,31.370000,2.129000,0.107000,3.256000,0.325000,0.542000,0.068000,26.541000,30.150000,30.066000
bikel3,sphincssha2256ssimple,pqc,pqc,off,247.720000,0 - default,3083,3115,29792,10427.000000,4800.000000,2.172292,1162,1157,348,62299,30041,11,58,5107,65651,3444,63525,1213,0,70712,4,3,53,7,0.948000,0.968000,245.043000,2.129000,0.101000,0.730000,0.324000,0.548000,0.048000,240.063000,240.454000,243.705000
bikel3,p521_sphincssha2256ssimple,pqc,pqc-hybrid,off,251.960000,0 - default,3083,3115,29935,10427.000000,4800.000000,2.172292,1162,1157,390,62768,30324,12,59,5149,66120,3444,63957,1213,0,71223,4,3,54,8,0.946000,0.966000,246.966000,2.091000,0.089000,2.917000,0.324000,0.540000,0.047000,241.932000,242.299000,245.636000
bikel3,sphincsshake128fsimple,pqc,pqc,off,22.840000,0 - default,3083,3115,17088,10427.000000,4800.000000,2.172292,1162,1157,390,35891,17305,12,36,5149,39243,3444,37931,1213,0,44346,4,3,31,8,0.946000,0.966000,20.088000,2.146000,0.084000,1.330000,0.328000,0.545000,0.033000,15.259000,15.585000,18.707000
bikel3,p256_sphincsshake128fsimple,pqc,pqc-hybrid,off,24.330000,0 - default,3083,3115,17163,10427.000000,4800.000000,2.172292,1162,1157,348,36110,17449,11,36,5107,39462,3444,38150,1213,0,44523,4,3,31,7,0.967000,0.987000,20.753000,2.218000,0.085000,2.113000,0.324000,0.541000,0.036000,15.941000,16.255000,19.434000
bikel3,rsa3072_sphincsshake128fsimple,pqc,pqc-hybrid,off,26.920000,0 - default,3083,3115,17476,10427.000000,4800.000000,2.172292,1162,1157,390,37118,18100,12,37,5149,40470,3444,39121,1213,0,45573,4,3,32,8,0.962000,0.982000,23.354000,2.767000,0.085000,2.118000,0.335000,0.554000,0.034000,17.719000,18.042000,21.798000
bikel3,sphincsshake128ssimple,pqc,pqc,off,322.570000,0 - default,3083,3115,7856,10427.000000,4800.000000,2.172292,1162,1157,180,16723,8073,7,20,4939,20075,3444,19355,1213,0,24968,4,3,15,3,0.954000,0.973000,320.574000,2.156000,0.083000,0.683000,0.328000,0.543000,0.012000,315.588000,315.873000,319.100000
bikel3,p256_sphincsshake128ssimple,pqc,pqc-hybrid,off,323.520000,0 - default,3083,3115,7931,10427.000000,4800.000000,2.172292,1162,1157,180,16943,8218,7,20,4939,20295,3444,19575,1213,0,25188,4,3,15,3,0.943000,0.963000,320.684000,2.207000,0.067000,1.491000,0.332000,0.553000,0.012000,315.797000,316.063000,319.286000
bikel3,rsa3072_sphincsshake128ssimple,pqc,pqc-hybrid,off,326.300000,0 - default,3083,3115,8244,10427.000000,4800.000000,2.172292,1162,1157,222,17950,8868,8,21,4981,21302,3444,20545,1213,0,26237,4,3,16,4,0.950000,0.972000,323.314000,2.282000,0.087000,1.519000,0.342000,0.587000,0.019000,318.016000,318.312000,321.968000
bikel3,sphincsshake192fsimple,pqc,pqc,off,33.600000,0 - default,3083,3115,35664,10427.000000,4800.000000,2.172292,1162,1157,516,74467,35897,15,68,5275,77819,3444,75323,1213,0,83048,4,3,63,11,0.936000,0.956000,29.674000,2.318000,0.096000,1.816000,0.334000,0.544000,0.052000,24.591000,27.842000,28.246000
bikel3,p384_sphincsshake192fsimple,pqc,pqc-hybrid,off,35.820000,0 - default,3083,3115,35771,10427.000000,4800.000000,2.172292,1162,1157,558,74829,36108,16,69,5317,78181,3444,75648,1213,0,83452,4,3,64,12,0.943000,0.969000,30.436000,2.189000,0.096000,3.196000,0.332000,0.545000,0.053000,25.501000,28.673000,29.034000
bikel3,sphincsshake192ssimple,pqc,pqc,off,574.080000,0 - default,3083,3115,16224,10427.000000,4800.000000,2.172292,1162,1157,264,34135,16457,9,35,5023,37487,3444,36212,1213,0,42464,4,3,30,5,0.950000,0.970000,571.613000,2.261000,0.109000,0.837000,0.325000,0.544000,0.029000,566.380000,566.702000,570.084000
bikel3,p384_sphincsshake192ssimple,pqc,pqc-hybrid,off,576.580000,0 - default,3083,3115,16332,10427.000000,4800.000000,2.172292,1162,1157,264,34455,16669,9,35,5023,37807,3444,36532,1213,0,42784,4,3,30,5,0.952000,0.973000,572.586000,2.184000,0.106000,2.306000,0.325000,0.543000,0.035000,567.553000,567.893000,571.189000
bikel3,sphincsshake256fsimple,pqc,pqc,off,60.410000,0 - default,3083,3115,49856,10427.000000,4800.000000,2.172292,1162,1157,646,103967,50105,18,93,5405,107319,3444,103898,1213,0,112678,4,3,88,14,0.962000,0.982000,56.093000,2.080000,0.112000,1.865000,0.327000,0.541000,0.068000,51.218000,54.743000,54.668000
bikel3,p521_sphincsshake256fsimple,pqc,pqc-hybrid,off,64.760000,0 - default,3083,3115,49999,10427.000000,4800.000000,2.172292,1162,1157,690,104430,50387,19,94,5449,107782,3444,104323,1213,0,113185,4,3,89,15,0.948000,0.968000,58.145000,2.190000,0.106000,4.050000,0.329000,0.550000,0.070000,53.241000,56.892000,56.835000
bikel3,sphincsshake256ssimple,pqc,pqc,off,491.210000,0 - default,3083,3115,29792,10427.000000,4800.000000,2.172292,1162,1157,390,62299,30041,12,58,5149,65651,3444,63525,1213,0,70754,4,3,53,8,0.951000,0.971000,488.184000,2.187000,0.090000,1.055000,0.326000,0.545000,0.048000,483.149000,483.526000,486.807000
bikel3,p521_sphincsshake256ssimple,pqc,pqc-hybrid,off,495.040000,0 - default,3083,3115,29934,10427.000000,4800.000000,2.172292,1162,1157,390,62767,30324,12,59,5149,66119,3444,63956,1213,0,71222,4,3,54,8,0.972000,0.992000,489.611000,2.159000,0.101000,3.317000,0.334000,0.550000,0.047000,484.561000,484.951000,488.224000
bikel3,ED25519,pqc,classic,off,5.570000,0 - default,3083,3115,64,3700.000000,4800.000000,0.770833,1162,1157,138,582,270,6,7,4841,3934,3444,3695,1157,0,8729,4,3,2,2,0.937000,0.957000,4.584000,2.108000,0.048000,0.176000,0.328000,0.397000,0.011000,0.035000,0.070000,4.028000
bikel3,ED448,pqc,classic,off,5.820000,0 - default,3083,3115,114,3825.000000,4800.000000,0.796875,1162,1157,138,707,345,6,7,4841,4059,3444,3820,1157,0,8854,4,3,2,2,0.944000,0.968000,4.693000,2.132000,0.043000,0.293000,0.332000,0.407000,0.012000,0.211000,0.250000,4.382000
p384_bikel3,MLDSA44,pqc-hybrid,pqc,off,14.910000,0 - default,3180,3212,2420,9839.000000,4800.000000,2.049792,1162,1157,180,6809,3931,7,12,4939,10258,3541,9834,1116,0,15151,4,3,7,3,6.276000,6.296000,13.792000,3.867000,0.043000,0.199000,1.835000,1.912000,0.011000,0.679000,0.729000,6.990000
p384_bikel3,MLDSA65,pqc-hybrid,pqc,off,17.370000,0 - default,3180,3212,3309,10427.000000,4800.000000,2.172292,1162,1157,222,9311,5460,8,14,4981,12760,3541,12262,1116,0,17695,4,3,9,4,6.256000,6.281000,16.024000,3.837000,0.065000,0.271000,1.854000,1.930000,0.011000,3.016000,3.075000,9.334000
p384_bikel3,MLDSA87,pqc-hybrid,pqc,off,15.110000,0 - default,3180,3212,4627,10427.000000,4800.000000,2.172292,1162,1157,264,12713,7418,9,17,5023,16162,3541,15553,1116,0,21139,4,3,12,5,6.210000,6.231000,13.539000,3.896000,0.052000,0.390000,1.842000,1.921000,0.011000,0.577000,0.643000,6.897000
p384_bikel3,p256_mldsa44,pqc-hybrid,pqc-hybrid,off,13.850000,0 - default,3180,3212,2494,10046.000000,4800.000000,2.092917,1162,1157,180,7016,4064,7,12,4939,10465,3541,10041,1116,0,15358,4,3,7,3,6.282000,6.302000,12.332000,4.071000,0.048000,0.551000,1.828000,2.042000,0.011000,0.479000,0.732000,7.378000
p384_bikel3,rsa3072_mldsa44,pqc-hybrid,pqc-hybrid,off,16.850000,0 - default,3180,3212,2808,10427.000000,4800.000000,2.172292,1162,1157,222,8017,4709,8,13,4981,11466,3541,11005,1116,0,16401,4,3,8,4,6.242000,6.263000,15.186000,4.073000,0.058000,0.679000,1.827000,2.056000,0.011000,2.577000,2.836000,9.479000
p384_bikel3,p384_mldsa65,pqc-hybrid,pqc-hybrid,off,15.000000,0 - default,3180,3212,3417,10427.000000,4800.000000,2.172292,1162,1157,222,9615,5656,8,14,4981,13064,3541,12566,1116,0,17999,4,3,9,4,6.277000,6.298000,12.782000,3.857000,0.059000,1.158000,1.832000,2.050000,0.011000,1.080000,1.344000,7.796000
p384_bikel3,p521_mldsa87,pqc-hybrid,pqc-hybrid,off,17.430000,0 - default,3180,3212,4770,10427.000000,4800.000000,2.172292,1162,1157,264,13122,7684,9,17,5023,16571,3541,15962,1116,0,21548,4,3,12,5,6.265000,6.285000,14.058000,3.857000,0.056000,2.016000,1.843000,2.061000,0.011000,2.248000,2.517000,8.890000
p384_bikel3,falcon512,pqc-hybrid,pqc,off,14.690000,0 - default,3180,3212,654,5868.000000,4800.000000,1.222500,1162,1157,138,2727,1741,6,9,4841,6176,3541,5863,1060,0,10971,4,3,4,2,6.275000,6.296000,13.508000,3.832000,0.052000,0.296000,1.816000,2.042000,0.011000,0.258000,0.499000,8.065000
p384_bikel3,falcon1024,pqc-hybrid,pqc,off,15.310000,0 - default,3180,3212,1274,8005.000000,4800.000000,1.667708,1162,1157,180,4901,3253,7,10,4939,8350,3541,8000,1116,0,13243,4,3,5,3,6.226000,6.246000,14.067000,3.816000,0.048000,0.337000,1.817000,2.061000,0.011000,0.464000,0.712000,7.860000
p384_bikel3,p256_falcon512,pqc-hybrid,pqc-hybrid,off,13.580000,0 - default,3180,3212,730,6088.000000,4800.000000,1.268333,1162,1157,180,2947,1885,7,9,4939,6396,3541,6083,1116,0,11289,4,3,4,3,6.387000,6.407000,12.044000,3.760000,0.052000,0.561000,1.832000,2.060000,0.014000,0.459000,0.716000,7.913000
p384_bikel3,rsa3072_falcon512,pqc-hybrid,pqc-hybrid,off,16.510000,0 - default,3180,3212,1046,7056.000000,4800.000000,1.470000,1162,1157,180,3952,2532,7,10,4939,7401,3541,7051,1116,0,12294,4,3,5,3,6.239000,6.260000,14.946000,3.827000,0.044000,0.654000,1.819000,2.033000,0.011000,2.737000,2.988000,10.123000
p384_bikel3,falconpadded512,pqc-hybrid,pqc,off,14.770000,0 - default,3180,3212,666,5889.000000,4800.000000,1.226875,1162,1157,138,2748,1750,6,9,4841,6197,3541,5884,1060,0,10992,4,3,4,2,6.426000,6.446000,13.614000,3.880000,0.049000,0.296000,1.810000,2.042000,0.011000,0.246000,0.505000,8.091000
p384_bikel3,p256_falconpadded512,pqc-hybrid,pqc-hybrid,off,13.580000,0 - default,3180,3212,741,6109.000000,4800.000000,1.272708,1162,1157,138,2968,1895,6,9,4841,6417,3541,6104,1060,0,11212,4,3,4,2,6.240000,6.261000,12.092000,3.790000,0.050000,0.568000,1.825000,2.040000,0.011000,0.473000,0.722000,8.577000
p384_bikel3,rsa3072_falconpadded512,pqc-hybrid,pqc-hybrid,off,16.500000,0 - default,3180,3212,1054,7072.000000,4800.000000,1.473333,1162,1157,180,3968,2540,7,10,4939,7417,3541,7067,1116,0,12310,4,3,5,3,6.242000,6.262000,14.909000,3.758000,0.051000,0.662000,1.844000,2.053000,0.010000,2.742000,2.988000,10.096000
p384_bikel3,p521_falcon1024,pqc-hybrid,pqc-hybrid,off,17.200000,0 - default,3180,3212,1413,8426.000000,4800.000000,1.755417,1162,1157,180,5359,3530,7,11,4939,8808,3541,8421,1116,0,13701,4,3,6,3,6.216000,6.236000,14.169000,3.769000,0.054000,2.006000,1.808000,2.031000,0.011000,2.506000,2.757000,9.123000
p384_bikel3,falconpadded1024,pqc-hybrid,pqc,off,15.020000,0 - default,3180,3212,1280,8018.000000,4800.000000,1.670417,1162,1157,180,4914,3260,7,10,4939,8363,3541,8013,1116,0,13256,4,3,5,3,6.274000,6.294000,13.761000,3.696000,0.054000,0.332000,1.829000,2.059000,0.011000,0.471000,0.715000,6.946000
p384_bikel3,p521_falconpadded1024,pqc-hybrid,pqc-hybrid,off,17.460000,0 - default,3180,3212,1423,8445.000000,4800.000000,1.759375,1162,1157,180,5378,3539,7,11,4939,8827,3541,8440,1116,0,13720,4,3,6,3,6.263000,6.283000,14.414000,3.842000,0.056000,2.005000,1.818000,2.051000,0.011000,2.527000,2.779000,9.225000
p384_bikel3,sphincssha2128fsimple,pqc-hybrid,pqc,off,28.700000,0 - default,3180,3212,17088,10427.000000,4800.000000,2.172292,1162,1157,348,35889,17305,11,36,5107,39338,3541,38026,1116,0,44399,4,3,31,7,6.673000,6.696000,26.495000,5.243000,0.074000,0.784000,2.303000,2.593000,0.035000,7.134000,7.483000,15.773000
p384_bikel3,p256_sphincssha2128fsimple,pqc-hybrid,pqc-hybrid,off,21.550000,0 - default,3180,3212,17162,10427.000000,4800.000000,2.172292,1162,1157,348,36109,17451,11,36,5107,39558,3541,38246,1116,0,44619,4,3,31,7,6.242000,6.263000,19.032000,3.837000,0.071000,1.048000,1.817000,2.049000,0.032000,7.290000,7.613000,13.965000
p384_bikel3,rsa3072_sphincssha2128fsimple,pqc-hybrid,pqc-hybrid,off,26.200000,0 - default,3180,3212,17476,10427.000000,4800.000000,2.172292,1162,1157,390,37116,18100,12,37,5149,40565,3541,39216,1116,0,45668,4,3,32,8,6.289000,6.309000,23.525000,5.363000,0.081000,1.154000,1.814000,2.030000,0.039000,9.569000,9.905000,17.817000
p384_bikel3,sphincssha2128ssimple,pqc-hybrid,pqc,off,161.550000,0 - default,3180,3212,7856,10427.000000,4800.000000,2.172292,1162,1157,222,16722,8072,8,20,4981,20171,3541,19451,1116,0,25106,4,3,15,4,6.269000,6.290000,159.844000,3.770000,0.069000,0.452000,1.812000,2.044000,0.012000,146.372000,146.648000,153.148000
p384_bikel3,p256_sphincssha2128ssimple,pqc-hybrid,pqc-hybrid,off,160.730000,0 - default,3180,3212,7931,10427.000000,4800.000000,2.172292,1162,1157,222,16943,8218,8,20,4981,20392,3541,19672,1116,0,25327,4,3,15,4,6.326000,6.346000,158.666000,3.870000,0.068000,0.728000,1.842000,2.063000,0.011000,146.815000,147.101000,153.538000
p384_bikel3,rsa3072_sphincssha2128ssimple,pqc-hybrid,pqc-hybrid,off,163.330000,0 - default,3180,3212,8244,10427.000000,4800.000000,2.172292,1162,1157,222,17948,8868,8,21,4981,21397,3541,20640,1116,0,26332,4,3,16,4,6.232000,6.252000,161.192000,3.933000,0.074000,0.832000,1.826000,2.042000,0.012000,148.744000,149.027000,155.521000
p384_bikel3,sphincssha2192fsimple,pqc-hybrid,pqc,off,28.180000,0 - default,3180,3212,35664,10427.000000,4800.000000,2.172292,1162,1157,558,74465,35897,16,68,5317,77914,3541,75418,1116,0,83185,4,3,63,12,6.289000,6.310000,25.116000,3.728000,0.092000,1.061000,1.828000,2.052000,0.053000,11.914000,16.637000,18.505000
p384_bikel3,p384_sphincssha2192fsimple,pqc-hybrid,pqc-hybrid,off,28.540000,0 - default,3180,3212,35770,10427.000000,4800.000000,2.172292,1162,1157,558,74826,36108,16,69,5317,78275,3541,75742,1116,0,83546,4,3,64,12,6.201000,6.223000,24.514000,3.694000,0.092000,1.877000,1.831000,2.073000,0.044000,12.937000,17.619000,19.494000
p384_bikel3,sphincssha2192ssimple,pqc-hybrid,pqc,off,279.970000,0 - default,3180,3212,16224,10427.000000,4800.000000,2.172292,1162,1157,306,34133,16457,10,35,5065,37582,3541,36307,1116,0,42601,4,3,30,6,6.266000,6.286000,277.893000,3.838000,0.085000,0.587000,1.832000,2.066000,0.036000,264.369000,264.720000,271.213000
p384_bikel3,p384_sphincssha2192ssimple,pqc-hybrid,pqc-hybrid,off,280.300000,0 - default,3180,3212,16332,10427.000000,4800.000000,2.172292,1162,1157,348,34451,16667,11,35,5107,37900,3541,36625,1116,0,42961,4,3,30,7,6.276000,6.297000,277.276000,3.895000,0.068000,1.429000,1.846000,2.088000,0.028000,265.362000,265.684000,272.161000
p384_bikel3,sphincssha2256fsimple,pqc-hybrid,pqc,off,41.030000,0 - default,3180,3212,49856,10427.000000,4800.000000,2.172292,1162,1157,730,103965,50105,20,93,5489,107414,3541,103993,1116,0,112857,4,3,88,16,6.245000,6.265000,37.696000,3.709000,0.117000,1.073000,1.828000,2.052000,0.072000,24.394000,29.820000,31.017000
p384_bikel3,p521_sphincssha2256fsimple,pqc-hybrid,pqc-hybrid,off,43.550000,0 - default,3180,3212,49999,10427.000000,4800.000000,2.172292,1162,1157,732,104390,50387,20,93,5491,107839,3541,104418,1116,0,113284,4,3,88,16,6.261000,6.281000,38.264000,3.787000,0.104000,2.693000,1.836000,2.069000,0.071000,26.497000,31.781000,33.215000
p384_bikel3,sphincssha2256ssimple,pqc-hybrid,pqc,off,256.170000,0 - default,3180,3212,29792,10427.000000,4800.000000,2.172292,1162,1157,474,62297,30041,14,58,5233,65746,3541,63620,1116,0,70933,4,3,53,10,6.238000,6.258000,253.540000,3.972000,0.099000,0.713000,1.818000,2.039000,0.051000,239.840000,240.241000,246.856000
p384_bikel3,p521_sphincssha2256ssimple,pqc-hybrid,pqc-hybrid,off,258.180000,0 - default,3180,3212,29934,10427.000000,4800.000000,2.172292,1162,1157,474,62766,30324,14,59,5233,66215,3541,64052,1116,0,71402,4,3,54,10,6.251000,6.272000,253.757000,3.884000,0.094000,2.351000,1.818000,2.065000,0.039000,241.743000,242.122000,248.635000
p384_bikel3,sphincsshake128fsimple,pqc-hybrid,pqc,off,31.340000,0 - default,3180,3212,17088,10427.000000,4800.000000,2.172292,1162,1157,390,35889,17305,12,36,5149,39338,3541,38026,1116,0,44441,4,3,31,8,6.241000,6.261000,28.644000,3.835000,0.072000,1.302000,1.819000,2.050000,0.034000,15.228000,15.555000,21.884000
p384_bikel3,p256_sphincsshake128fsimple,pqc-hybrid,pqc-hybrid,off,30.070000,0 - default,3180,3212,17163,10427.000000,4800.000000,2.172292,1162,1157,348,36108,17449,11,36,5107,39557,3541,38245,1116,0,44618,4,3,31,7,6.288000,6.308000,26.990000,3.742000,0.080000,1.604000,1.812000,2.043000,0.027000,15.416000,15.734000,21.989000
p384_bikel3,rsa3072_sphincsshake128fsimple,pqc-hybrid,pqc-hybrid,off,33.100000,0 - default,3180,3212,17476,10427.000000,4800.000000,2.172292,1162,1157,348,37116,18100,11,37,5107,40565,3541,39216,1116,0,45626,4,3,32,7,6.241000,6.262000,29.864000,3.758000,0.074000,1.727000,1.823000,2.049000,0.038000,17.697000,18.030000,24.293000
p384_bikel3,sphincsshake128ssimple,pqc-hybrid,pqc,off,330.960000,0 - default,3180,3212,7856,10427.000000,4800.000000,2.172292,1162,1157,180,16723,8073,7,20,4939,20172,3541,19452,1116,0,25065,4,3,15,3,6.291000,6.312000,329.035000,3.764000,0.082000,0.658000,1.870000,2.103000,0.011000,315.682000,315.968000,322.338000
p384_bikel3,p256_sphincsshake128ssimple,pqc-hybrid,pqc-hybrid,off,330.440000,0 - default,3180,3212,7931,10427.000000,4800.000000,2.172292,1162,1157,222,16943,8218,8,20,4981,20392,3541,19672,1116,0,25327,4,3,15,4,6.295000,6.316000,328.048000,3.888000,0.089000,0.974000,1.838000,2.057000,0.012000,316.197000,316.505000,323.034000
p384_bikel3,rsa3072_sphincsshake128ssimple,pqc-hybrid,pqc-hybrid,off,332.750000,0 - default,3180,3212,8244,10427.000000,4800.000000,2.172292,1162,1157,222,17948,8868,8,21,4981,21397,3541,20640,1116,0,26332,4,3,16,4,6.259000,6.279000,330.321000,3.843000,0.083000,1.076000,1.827000,2.042000,0.015000,317.858000,318.175000,324.656000
p384_bikel3,sphincsshake192fsimple,pqc-hybrid,pqc,off,41.800000,0 - default,3180,3212,35664,10427.000000,4800.000000,2.172292,1162,1157,600,74465,35897,17,68,5359,77914,3541,75418,1116,0,83227,4,3,63,13,6.271000,6.292000,37.915000,3.859000,0.099000,1.817000,1.823000,2.048000,0.051000,24.536000,29.384000,31.244000
p384_bikel3,p384_sphincsshake192fsimple,pqc-hybrid,pqc-hybrid,off,42.050000,0 - default,3180,3212,35772,10427.000000,4800.000000,2.172292,1162,1157,558,74828,36108,16,69,5317,78277,3541,75744,1116,0,83548,4,3,64,12,6.201000,6.221000,37.196000,3.802000,0.097000,2.642000,1.806000,2.042000,0.046000,25.521000,30.303000,32.154000
p384_bikel3,sphincsshake192ssimple,pqc-hybrid,pqc,off,581.660000,0 - default,3180,3212,16224,10427.000000,4800.000000,2.172292,1162,1157,348,34133,16457,11,35,5107,37582,3541,36307,1116,0,42643,4,3,30,7,6.279000,6.301000,579.298000,3.844000,0.095000,0.836000,1.815000,2.043000,0.034000,565.853000,566.202000,572.679000
p384_bikel3,p384_sphincsshake192ssimple,pqc-hybrid,pqc-hybrid,off,582.480000,0 - default,3180,3212,16330,10427.000000,4800.000000,2.172292,1162,1157,348,34451,16669,11,35,5107,37900,3541,36625,1116,0,42961,4,3,30,7,6.348000,6.368000,579.101000,3.933000,0.092000,1.711000,1.813000,2.047000,0.027000,567.180000,567.515000,574.082000
p384_bikel3,sphincsshake256fsimple,pqc-hybrid,pqc,off,69.520000,0 - default,3180,3212,49856,10427.000000,4800.000000,2.172292,1162,1157,688,103965,50105,19,93,5447,107414,3541,103993,1116,0,112815,4,3,88,15,6.262000,6.283000,65.163000,3.964000,0.128000,1.827000,1.833000,2.068000,0.075000,51.485000,57.008000,58.447000
p384_bikel3,p521_sphincsshake256fsimple,pqc-hybrid,pqc-hybrid,off,70.730000,0 - default,3180,3212,49998,10427.000000,4800.000000,2.172292,1162,1157,604,104389,50387,17,93,5363,107838,3541,104417,1116,0,113155,4,3,88,13,6.427000,6.448000,64.894000,3.792000,0.125000,3.493000,1.816000,2.054000,0.070000,53.082000,58.666000,59.844000
p384_bikel3,sphincsshake256ssimple,pqc-hybrid,pqc,off,499.630000,0 - default,3180,3212,29792,10427.000000,4800.000000,2.172292,1162,1157,474,62297,30041,14,58,5233,65746,3541,63620,1116,0,70933,4,3,53,10,6.293000,6.313000,496.580000,3.964000,0.110000,1.101000,1.891000,2.120000,0.048000,482.863000,483.268000,489.959000
p384_bikel3,p521_sphincsshake256ssimple,pqc-hybrid,pqc-hybrid,off,501.240000,0 - default,3180,3212,29934,10427.000000,4800.000000,2.172292,1162,1157,432,62766,30324,13,59,5191,66215,3541,64052,1116,0,71360,4,3,54,9,6.234000,6.254000,496.499000,3.839000,0.106000,2.715000,1.812000,2.043000,0.040000,484.211000,484.602000,491.256000
p384_bikel3,ED25519,pqc-hybrid,classic,off,14.150000,0 - default,3180,3212,64,3797.000000,4800.000000,0.791042,1162,1157,138,582,270,6,7,4841,4031,3541,3792,1060,0,8826,4,3,2,2,6.245000,6.266000,13.137000,3.806000,0.049000,0.171000,1.836000,1.911000,0.011000,0.035000,0.069000,7.275000
p384_bikel3,ED448,pqc-hybrid,classic,off,14.090000,0 - default,3180,3212,114,3922.000000,4800.000000,0.817083,1162,1157,138,707,345,6,7,4841,4156,3541,3917,1060,0,8951,4,3,2,2,6.231000,6.258000,12.969000,3.705000,0.049000,0.292000,1.846000,1.928000,0.010000,0.213000,0.255000,7.507000
x448_bikel3,MLDSA44,pqc-hybrid,pqc,off,7.830000,0 - default,3139,3171,2420,9798.000000,4800.000000,2.041250,1162,1157,180,6809,3931,7,12,4939,10217,3500,9793,1157,0,15110,4,3,7,3,1.725000,1.745000,6.696000,2.524000,0.045000,0.215000,0.720000,0.802000,0.012000,0.663000,0.714000,4.523000
x448_bikel3,MLDSA65,pqc-hybrid,pqc,off,7.730000,0 - default,3139,3171,3309,10427.000000,4800.000000,2.172292,1162,1157,222,9311,5460,8,14,4981,12719,3500,12221,1157,0,17654,4,3,9,4,1.738000,1.759000,6.465000,2.458000,0.050000,0.290000,0.715000,0.791000,0.012000,0.524000,0.582000,4.305000
x448_bikel3,MLDSA87,pqc-hybrid,pqc,off,8.300000,0 - default,3139,3171,4627,10427.000000,4800.000000,2.172292,1162,1157,264,12713,7418,9,17,5023,16121,3500,15512,1157,0,21098,4,3,12,5,1.723000,1.743000,6.720000,2.562000,0.049000,0.387000,0.712000,0.789000,0.012000,0.561000,0.625000,4.392000
x448_bikel3,p256_mldsa44,pqc-hybrid,pqc-hybrid,off,8.320000,0 - default,3139,3171,2495,10006.000000,4800.000000,2.084583,1162,1157,180,7017,4064,7,12,4939,10425,3500,10001,1157,0,15318,4,3,7,3,1.734000,1.754000,6.627000,2.582000,0.060000,0.705000,0.709000,0.924000,0.017000,0.343000,0.599000,4.774000
x448_bikel3,rsa3072_mldsa44,pqc-hybrid,pqc-hybrid,off,10.170000,0 - default,3139,3171,2808,10427.000000,4800.000000,2.172292,1162,1157,222,8017,4709,8,13,4981,11425,3500,10964,1157,0,16360,4,3,8,4,1.725000,1.746000,8.521000,2.484000,0.052000,0.670000,0.715000,0.927000,0.012000,2.654000,2.905000,6.823000
x448_bikel3,p384_mldsa65,pqc-hybrid,pqc-hybrid,off,9.650000,0 - default,3139,3171,3416,10427.000000,4800.000000,2.172292,1162,1157,222,9614,5656,8,14,4981,13022,3500,12524,1157,0,17957,4,3,9,4,1.715000,1.735000,7.270000,2.464000,0.063000,1.297000,0.711000,0.926000,0.011000,1.106000,1.368000,5.323000
x448_bikel3,p521_mldsa87,pqc-hybrid,pqc-hybrid,off,11.610000,0 - default,3139,3171,4770,10427.000000,4800.000000,2.172292,1162,1157,264,13122,7684,9,17,5023,16530,3500,15921,1157,0,21507,4,3,12,5,1.717000,1.738000,8.119000,2.567000,0.054000,2.149000,0.709000,0.930000,0.012000,2.231000,2.502000,6.425000
x448_bikel3,falcon512,pqc-hybrid,pqc,off,7.870000,0 - default,3139,3171,655,5827.000000,4800.000000,1.213958,1162,1157,138,2727,1741,6,9,4841,6135,3500,5822,1101,0,10930,4,3,4,2,1.725000,1.747000,6.706000,2.530000,0.052000,0.284000,0.719000,0.933000,0.012000,0.242000,0.485000,5.625000
x448_bikel3,falcon1024,pqc-hybrid,pqc,off,8.180000,0 - default,3139,3171,1271,7961.000000,4800.000000,1.658542,1162,1157,180,4898,3253,7,10,4939,8306,3500,7956,1157,0,13199,4,3,5,3,1.734000,1.755000,6.939000,2.517000,0.054000,0.322000,0.710000,0.931000,0.012000,0.468000,0.722000,4.651000
x448_bikel3,p256_falcon512,pqc-hybrid,pqc-hybrid,off,8.250000,0 - default,3139,3171,729,6046.000000,4800.000000,1.259583,1162,1157,180,2946,1885,7,9,4939,6354,3500,6041,1157,0,11247,4,3,4,3,1.723000,1.749000,6.587000,2.678000,0.055000,0.690000,0.724000,0.937000,0.012000,0.485000,0.731000,5.718000
x448_bikel3,rsa3072_falcon512,pqc-hybrid,pqc-hybrid,off,10.540000,0 - default,3139,3171,1043,7012.000000,4800.000000,1.460833,1162,1157,180,3949,2532,7,10,4939,7357,3500,7007,1157,0,12250,4,3,5,3,1.727000,1.747000,8.905000,2.604000,0.060000,0.676000,0.716000,0.935000,0.012000,2.746000,2.996000,7.033000
x448_bikel3,falconpadded512,pqc-hybrid,pqc,off,8.120000,0 - default,3139,3171,666,5848.000000,4800.000000,1.218333,1162,1157,180,2748,1750,7,9,4939,6156,3500,5843,1157,0,11049,4,3,4,3,1.721000,1.741000,6.911000,2.563000,0.050000,0.298000,0.710000,0.924000,0.011000,0.253000,0.495000,5.264000
x448_bikel3,p256_falconpadded512,pqc-hybrid,pqc-hybrid,off,8.070000,0 - default,3139,3171,741,6068.000000,4800.000000,1.264167,1162,1157,180,2968,1895,7,9,4939,6376,3500,6063,1157,0,11269,4,3,4,3,1.731000,1.752000,6.403000,2.516000,0.051000,0.698000,0.714000,0.926000,0.011000,0.484000,0.720000,5.528000
x448_bikel3,rsa3072_falconpadded512,pqc-hybrid,pqc-hybrid,off,10.160000,0 - default,3139,3171,1054,7031.000000,4800.000000,1.464792,1162,1157,180,3968,2540,7,10,4939,7376,3500,7026,1157,0,12269,4,3,5,3,1.720000,1.740000,8.570000,2.448000,0.050000,0.668000,0.713000,0.933000,0.011000,2.763000,3.014000,6.874000
x448_bikel3,p521_falcon1024,pqc-hybrid,pqc-hybrid,off,11.610000,0 - default,3139,3171,1415,8387.000000,4800.000000,1.747292,1162,1157,180,5361,3530,7,11,4939,8769,3500,8382,1157,0,13662,4,3,6,3,1.757000,1.778000,8.440000,2.501000,0.061000,2.133000,0.710000,0.918000,0.012000,2.525000,2.776000,7.665000
x448_bikel3,falconpadded1024,pqc-hybrid,pqc,off,8.180000,0 - default,3139,3171,1280,7977.000000,4800.000000,1.661875,1162,1157,180,4914,3260,7,10,4939,8322,3500,7972,1157,0,13215,4,3,5,3,1.715000,1.735000,6.937000,2.453000,0.053000,0.320000,0.711000,0.925000,0.011000,0.469000,0.710000,4.574000
x448_bikel3,p521_falconpadded1024,pqc-hybrid,pqc-hybrid,off,11.620000,0 - default,3139,3171,1423,8404.000000,4800.000000,1.750833,1162,1157,180,5378,3539,7,11,4939,8786,3500,8399,1157,0,13679,4,3,6,3,1.724000,1.743000,8.455000,2.496000,0.053000,2.140000,0.709000,0.919000,0.012000,2.542000,2.790000,7.643000
x448_bikel3,sphincssha2128fsimple,pqc-hybrid,pqc,off,15.710000,0 - default,3139,3171,17088,10427.000000,4800.000000,2.172292,1162,1157,390,35891,17305,12,36,5149,39299,3500,37987,1157,0,44402,4,3,31,8,1.714000,1.734000,13.519000,2.530000,0.060000,0.768000,0.725000,0.940000,0.032000,7.082000,7.401000,11.320000
x448_bikel3,p256_sphincssha2128fsimple,pqc-hybrid,pqc-hybrid,off,16.700000,0 - default,3139,3171,17162,10427.000000,4800.000000,2.172292,1162,1157,390,36111,17451,12,36,5149,39519,3500,38207,1157,0,44622,4,3,31,8,1.760000,1.780000,13.970000,3.266000,0.062000,1.218000,0.714000,0.923000,0.035000,7.303000,7.616000,12.240000
x448_bikel3,rsa3072_sphincssha2128fsimple,pqc-hybrid,pqc-hybrid,off,18.230000,0 - default,3139,3171,17476,10427.000000,4800.000000,2.172292,1162,1157,390,37118,18100,12,37,5149,40526,3500,39177,1157,0,45629,4,3,32,8,1.720000,1.740000,15.589000,2.538000,0.077000,1.171000,0.716000,0.932000,0.035000,9.571000,9.901000,13.828000
x448_bikel3,sphincssha2128ssimple,pqc-hybrid,pqc,off,155.250000,0 - default,3139,3171,7856,10427.000000,4800.000000,2.172292,1162,1157,180,16722,8072,7,20,4939,20130,3500,19410,1157,0,25023,4,3,15,3,1.745000,1.765000,153.480000,2.671000,0.072000,0.454000,0.715000,0.930000,0.013000,146.703000,146.987000,151.310000
x448_bikel3,p256_sphincssha2128ssimple,pqc-hybrid,pqc-hybrid,off,155.710000,0 - default,3139,3171,7930,10427.000000,4800.000000,2.172292,1162,1157,180,16942,8218,7,20,4939,20350,3500,19630,1157,0,25243,4,3,15,3,1.720000,1.739000,153.439000,2.565000,0.064000,0.880000,0.708000,0.921000,0.012000,147.316000,147.587000,151.762000
x448_bikel3,rsa3072_sphincssha2128ssimple,pqc-hybrid,pqc-hybrid,off,157.230000,0 - default,3139,3171,8244,10427.000000,4800.000000,2.172292,1162,1157,222,17950,8868,8,21,4981,21358,3500,20601,1157,0,26293,4,3,16,4,1.712000,1.733000,154.969000,2.515000,0.085000,0.858000,0.723000,0.932000,0.012000,149.029000,149.308000,153.285000
x448_bikel3,sphincssha2192fsimple,pqc-hybrid,pqc,off,21.770000,0 - default,3139,3171,35664,10427.000000,4800.000000,2.172292,1162,1157,558,74467,35897,16,68,5317,77875,3500,75379,1157,0,83146,4,3,63,12,1.716000,1.736000,18.680000,2.616000,0.096000,1.052000,0.708000,0.926000,0.056000,11.941000,15.589000,16.313000
x448_bikel3,p384_sphincssha2192fsimple,pqc-hybrid,pqc-hybrid,off,23.100000,0 - default,3139,3171,35771,10427.000000,4800.000000,2.172292,1162,1157,558,74829,36108,16,69,5317,78237,3500,75704,1157,0,83508,4,3,64,12,1.727000,1.747000,18.824000,2.468000,0.088000,2.046000,0.713000,0.926000,0.051000,12.915000,16.383000,17.116000
x448_bikel3,sphincssha2192ssimple,pqc-hybrid,pqc,off,273.090000,0 - default,3139,3171,16224,10427.000000,4800.000000,2.172292,1162,1157,264,34135,16457,9,35,5023,37543,3500,36268,1157,0,42520,4,3,30,5,1.721000,1.742000,271.062000,2.433000,0.064000,0.585000,0.718000,0.937000,0.032000,264.535000,264.855000,268.712000
x448_bikel3,p384_sphincssha2192ssimple,pqc-hybrid,pqc-hybrid,off,274.810000,0 - default,3139,3171,16332,10427.000000,4800.000000,2.172292,1162,1157,264,34453,16667,9,35,5023,37861,3500,36586,1157,0,42838,4,3,30,5,1.716000,1.736000,271.596000,2.611000,0.068000,1.578000,0.708000,0.928000,0.036000,265.544000,265.874000,269.915000
x448_bikel3,sphincssha2256fsimple,pqc-hybrid,pqc,off,34.460000,0 - default,3139,3171,49856,10427.000000,4800.000000,2.172292,1162,1157,646,103967,50105,18,93,5405,107375,3500,103954,1157,0,112734,4,3,88,14,1.724000,1.745000,31.170000,2.609000,0.107000,1.065000,0.707000,0.925000,0.068000,24.538000,28.839000,28.905000
x448_bikel3,p521_sphincssha2256fsimple,pqc-hybrid,pqc-hybrid,off,38.010000,0 - default,3139,3171,49999,10427.000000,4800.000000,2.172292,1162,1157,690,104392,50387,19,93,5449,107800,3500,104379,1157,0,113203,4,3,88,15,1.715000,1.735000,32.480000,2.551000,0.112000,2.867000,0.713000,0.925000,0.068000,26.462000,30.480000,30.784000
x448_bikel3,sphincssha2256ssimple,pqc-hybrid,pqc,off,249.460000,0 - default,3139,3171,29792,10427.000000,4800.000000,2.172292,1162,1157,348,62299,30041,11,58,5107,65707,3500,63581,1157,0,70768,4,3,53,7,1.739000,1.759000,246.805000,2.602000,0.106000,0.722000,0.709000,0.927000,0.049000,240.209000,240.598000,244.682000
x448_bikel3,p521_sphincssha2256ssimple,pqc-hybrid,pqc-hybrid,off,253.160000,0 - default,3139,3171,29935,10427.000000,4800.000000,2.172292,1162,1157,390,62769,30324,12,59,5149,66177,3500,64014,1157,0,71280,4,3,54,8,1.736000,1.756000,248.561000,2.492000,0.091000,2.531000,0.704000,0.915000,0.048000,242.285000,242.658000,246.785000
x448_bikel3,sphincsshake128fsimple,pqc-hybrid,pqc,off,24.990000,0 - default,3139,3171,17088,10427.000000,4800.000000,2.172292,1162,1157,348,35891,17305,11,36,5107,39299,3500,37987,1157,0,44360,4,3,31,7,1.765000,1.785000,22.275000,2.946000,0.064000,1.287000,0.713000,0.931000,0.033000,15.194000,15.517000,19.852000
x448_bikel3,p256_sphincsshake128fsimple,pqc-hybrid,pqc-hybrid,off,24.760000,0 - default,3139,3171,17162,10427.000000,4800.000000,2.172292,1162,1157,390,36109,17449,12,36,5149,39517,3500,38205,1157,0,44620,4,3,31,8,1.718000,1.738000,21.516000,2.588000,0.066000,1.725000,0.713000,0.923000,0.036000,15.463000,15.786000,19.741000
x448_bikel3,rsa3072_sphincsshake128fsimple,pqc-hybrid,pqc-hybrid,off,26.890000,0 - default,3139,3171,17476,10427.000000,4800.000000,2.172292,1162,1157,390,37118,18100,12,37,5149,40526,3500,39177,1157,0,45629,4,3,32,8,1.721000,1.742000,23.705000,2.521000,0.071000,1.711000,0.711000,0.930000,0.035000,17.727000,18.048000,21.955000
x448_bikel3,sphincsshake128ssimple,pqc-hybrid,pqc,off,324.830000,0 - default,3139,3171,7856,10427.000000,4800.000000,2.172292,1162,1157,180,16723,8073,7,20,4939,20131,3500,19411,1157,0,25024,4,3,15,3,1.755000,1.775000,322.867000,2.515000,0.068000,0.670000,0.708000,0.923000,0.012000,316.230000,316.506000,320.424000
x448_bikel3,p256_sphincsshake128ssimple,pqc-hybrid,pqc-hybrid,off,324.850000,0 - default,3139,3171,7932,10427.000000,4800.000000,2.172292,1162,1157,180,16944,8218,7,20,4939,20352,3500,19632,1157,0,25245,4,3,15,3,1.719000,1.739000,322.291000,2.555000,0.087000,1.110000,0.726000,0.942000,0.012000,315.753000,316.047000,320.350000
x448_bikel3,rsa3072_sphincsshake128ssimple,pqc-hybrid,pqc-hybrid,off,326.790000,0 - default,3139,3171,8244,10427.000000,4800.000000,2.172292,1162,1157,222,17950,8868,8,21,4981,21358,3500,20601,1157,0,26293,4,3,16,4,1.724000,1.744000,324.397000,2.577000,0.068000,1.046000,0.714000,0.928000,0.013000,318.340000,318.616000,322.619000
x448_bikel3,sphincsshake192fsimple,pqc-hybrid,pqc,off,35.120000,0 - default,3139,3171,35664,10427.000000,4800.000000,2.172292,1162,1157,558,74467,35897,16,68,5317,77875,3500,75379,1157,0,83146,4,3,63,12,1.718000,1.740000,31.166000,2.569000,0.111000,1.832000,0.717000,0.932000,0.053000,24.572000,28.174000,28.911000
x448_bikel3,p384_sphincsshake192fsimple,pqc-hybrid,pqc-hybrid,off,36.710000,0 - default,3139,3171,35770,10427.000000,4800.000000,2.172292,1162,1157,516,74828,36108,15,69,5275,78236,3500,75703,1157,0,83465,4,3,64,11,1.721000,1.741000,31.754000,2.689000,0.096000,2.775000,0.710000,0.931000,0.052000,25.520000,29.210000,29.943000
x448_bikel3,sphincsshake192ssimple,pqc-hybrid,pqc,off,575.170000,0 - default,3139,3171,16224,10427.000000,4800.000000,2.172292,1162,1157,264,34135,16457,9,35,5023,37543,3500,36268,1157,0,42520,4,3,30,5,1.727000,1.747000,572.875000,2.541000,0.075000,0.822000,0.709000,0.927000,0.033000,566.353000,566.682000,570.653000
x448_bikel3,p384_sphincsshake192ssimple,pqc-hybrid,pqc-hybrid,off,577.420000,0 - default,3139,3171,16331,10427.000000,4800.000000,2.172292,1162,1157,264,34454,16669,9,35,5023,37862,3500,36587,1157,0,42839,4,3,30,5,1.723000,1.744000,573.863000,2.591000,0.089000,1.864000,0.719000,0.933000,0.036000,567.654000,567.994000,572.095000
x448_bikel3,sphincsshake256fsimple,pqc-hybrid,pqc,off,64.180000,0 - default,3139,3171,49856,10427.000000,4800.000000,2.172292,1162,1157,604,103967,50105,17,93,5363,107375,3500,103954,1157,0,112692,4,3,88,13,1.736000,1.756000,60.044000,3.932000,0.113000,1.910000,0.802000,1.091000,0.069000,51.284000,56.903000,57.158000
x448_bikel3,p521_sphincsshake256fsimple,pqc-hybrid,pqc-hybrid,off,65.580000,0 - default,3139,3171,49998,10427.000000,4800.000000,2.172292,1162,1157,690,104391,50387,19,93,5449,107799,3500,104378,1157,0,113202,4,3,88,15,1.729000,1.750000,59.290000,2.477000,0.108000,3.638000,0.706000,0.920000,0.073000,53.269000,57.219000,57.516000
x448_bikel3,sphincsshake256ssimple,pqc-hybrid,pqc,off,492.360000,0 - default,3139,3171,29792,10427.000000,4800.000000,2.172292,1162,1157,348,62299,30041,11,58,5107,65707,3500,63581,1157,0,70768,4,3,53,7,1.730000,1.751000,489.368000,2.643000,0.110000,1.061000,0.715000,0.929000,0.049000,482.398000,482.799000,487.142000
x448_bikel3,p521_sphincsshake256ssimple,pqc-hybrid,pqc-hybrid,off,495.950000,0 - default,3139,3171,29935,10427.000000,4800.000000,2.172292,1162,1157,390,62769,30324,12,59,5149,66177,3500,64014,1157,0,71280,4,3,54,8,1.715000,1.735000,490.965000,2.647000,0.123000,2.871000,0.712000,0.926000,0.055000,484.557000,484.970000,489.331000
x448_bikel3,ED25519,pqc-hybrid,classic,off,7.050000,0 - default,3139,3171,64,3756.000000,4800.000000,0.782500,1162,1157,138,582,270,6,7,4841,3990,3500,3751,1101,0,8785,4,3,2,2,1.741000,1.761000,6.014000,2.437000,0.051000,0.182000,0.723000,0.799000,0.012000,0.035000,0.071000,4.811000
x448_bikel3,ED448,pqc-hybrid,classic,off,7.290000,0 - default,3139,3171,114,3881.000000,4800.000000,0.808542,1162,1157,138,707,345,6,7,4841,4115,3500,3876,1101,0,8910,4,3,2,2,1.734000,1.754000,6.161000,2.407000,0.041000,0.292000,0.715000,0.796000,0.012000,0.212000,0.250000,5.062000
bikel5,MLDSA44,pqc,pqc,off,10.010000,0 - default,5122,5154,2420,11588.000000,7200.000000,1.609444,1162,1157,222,6809,3931,10,14,7381,12286,5493,11786,1488,0,19621,6,5,7,4,1.962000,1.982000,8.866000,4.686000,0.048000,0.206000,0.434000,0.512000,0.012000,0.457000,0.505000,6.199000
bikel5,MLDSA65,pqc,pqc,off,10.190000,0 - default,5122,5154,3309,11588.000000,7200.000000,1.609444,1162,1157,222,9311,5460,10,16,7381,14788,5493,14214,1488,0,22123,6,5,9,4,1.967000,1.987000,8.953000,4.614000,0.050000,0.277000,0.423000,0.500000,0.012000,0.818000,0.875000,6.488000
bikel5,MLDSA87,pqc,pqc,off,10.590000,0 - default,5122,5154,4627,11588.000000,7200.000000,1.609444,1162,1157,264,12713,7418,11,19,7423,18190,5493,17505,1488,0,25567,6,5,12,5,2.012000,2.032000,9.016000,4.912000,0.047000,0.385000,0.422000,0.497000,0.012000,0.564000,0.626000,6.486000
bikel5,p256_mldsa44,pqc,pqc-hybrid,off,11.110000,0 - default,5122,5154,2495,11588.000000,7200.000000,1.609444,1162,1157,222,7017,4064,10,14,7381,12494,5493,11994,1488,0,19829,6,5,7,4,1.954000,1.975000,8.977000,4.695000,0.052000,1.119000,0.415000,0.634000,0.012000,0.340000,0.587000,6.451000
bikel5,rsa3072_mldsa44,pqc,pqc-hybrid,off,13.140000,0 - default,5122,5154,2808,11588.000000,7200.000000,1.609444,1162,1157,222,8017,4709,10,15,7381,13494,5493,12957,1488,0,20829,6,5,8,4,1.958000,1.978000,11.106000,4.693000,0.054000,1.075000,0.412000,0.628000,0.012000,2.646000,2.893000,8.740000
bikel5,p384_mldsa65,pqc,pqc-hybrid,off,12.380000,0 - default,5122,5154,3417,11588.000000,7200.000000,1.609444,1162,1157,222,9615,5656,10,16,7381,15092,5493,14518,1488,0,22427,6,5,9,4,1.964000,1.984000,9.623000,4.645000,0.055000,1.697000,0.420000,0.641000,0.012000,1.111000,1.362000,7.221000
bikel5,p521_mldsa87,pqc,pqc-hybrid,off,15.080000,0 - default,5122,5154,4769,11588.000000,7200.000000,1.609444,1162,1157,264,13121,7684,11,19,7423,18598,5493,17913,1488,0,25975,6,5,12,5,1.995000,2.016000,11.107000,4.710000,0.065000,2.564000,0.425000,0.647000,0.012000,2.265000,2.521000,8.349000
bikel5,falcon512,pqc,pqc,off,9.810000,0 - default,5122,5154,653,7814.000000,7200.000000,1.085278,1162,1157,180,2684,1741,9,10,7339,8161,5493,7809,1488,0,15454,6,5,3,3,1.967000,1.987000,8.652000,4.604000,0.048000,0.298000,0.427000,0.652000,0.012000,0.250000,0.487000,6.250000
bikel5,falcon1024,pqc,pqc,off,11.200000,0 - default,5122,5154,1270,9953.000000,7200.000000,1.382361,1162,1157,180,4897,3253,9,12,7339,10374,5493,9948,1488,0,17667,6,5,5,3,2.144000,2.165000,9.971000,5.670000,0.047000,0.340000,0.428000,0.645000,0.012000,0.465000,0.699000,7.546000
bikel5,p256_falcon512,pqc,pqc-hybrid,off,10.940000,0 - default,5122,5154,731,8036.000000,7200.000000,1.116111,1162,1157,180,2906,1885,9,10,7339,8383,5493,8031,1488,0,15676,6,5,3,3,1.959000,1.980000,8.886000,4.569000,0.056000,1.109000,0.428000,0.656000,0.012000,0.495000,0.731000,6.473000
bikel5,rsa3072_falcon512,pqc,pqc-hybrid,off,13.250000,0 - default,5122,5154,1043,9000.000000,7200.000000,1.250000,1162,1157,180,3907,2532,9,11,7339,9384,5493,8995,1488,0,16677,6,5,4,3,1.957000,1.977000,11.266000,4.637000,0.051000,1.071000,0.416000,0.638000,0.012000,2.744000,2.987000,8.764000
bikel5,falconpadded512,pqc,pqc,off,9.860000,0 - default,5122,5154,666,7836.000000,7200.000000,1.088333,1162,1157,180,2706,1750,9,10,7339,8183,5493,7831,1488,0,15476,6,5,3,3,1.961000,1.981000,8.699000,4.609000,0.050000,0.286000,0.425000,0.662000,0.011000,0.251000,0.497000,6.259000
bikel5,p256_falconpadded512,pqc,pqc-hybrid,off,11.160000,0 - default,5122,5154,741,8056.000000,7200.000000,1.118889,1162,1157,180,2926,1895,9,10,7339,8403,5493,8051,1488,0,15696,6,5,3,3,1.972000,1.991000,9.113000,4.715000,0.060000,1.098000,0.414000,0.629000,0.011000,0.495000,0.730000,6.715000
bikel5,rsa3072_falconpadded512,pqc,pqc-hybrid,off,13.230000,0 - default,5122,5154,1054,9019.000000,7200.000000,1.252639,1162,1157,180,3926,2540,9,11,7339,9403,5493,9014,1488,0,16696,6,5,4,3,1.959000,1.979000,11.226000,4.608000,0.048000,1.088000,0.420000,0.638000,0.012000,2.750000,2.989000,8.725000
bikel5,p521_falcon1024,pqc,pqc-hybrid,off,14.440000,0 - default,5122,5154,1414,10374.000000,7200.000000,1.440833,1162,1157,180,5318,3530,9,12,7339,10795,5493,10369,1488,0,18088,6,5,5,3,1.955000,1.976000,10.874000,4.536000,0.054000,2.538000,0.414000,0.634000,0.012000,2.525000,2.766000,8.498000
bikel5,falconpadded1024,pqc,pqc,off,10.290000,0 - default,5122,5154,1280,9970.000000,7200.000000,1.384722,1162,1157,180,4914,3260,9,12,7339,10391,5493,9965,1488,0,17684,6,5,5,3,1.979000,1.999000,9.038000,4.637000,0.053000,0.335000,0.418000,0.635000,0.012000,0.478000,0.723000,6.515000
bikel5,p521_falconpadded1024,pqc,pqc-hybrid,off,14.540000,0 - default,5122,5154,1423,10392.000000,7200.000000,1.443333,1162,1157,180,5336,3539,9,12,7339,10813,5493,10387,1488,0,18106,6,5,5,3,1.992000,2.011000,11.007000,4.607000,0.054000,2.541000,0.417000,0.632000,0.012000,2.525000,2.762000,8.583000
bikel5,sphincssha2128fsimple,pqc,pqc,off,17.950000,0 - default,5122,5154,17088,11588.000000,7200.000000,1.609444,1162,1157,390,35891,17305,14,38,7549,41368,5493,39980,1488,0,48871,6,5,31,8,1.971000,1.992000,15.811000,4.748000,0.069000,0.784000,0.414000,0.632000,0.034000,7.077000,7.397000,13.248000
bikel5,p256_sphincssha2128fsimple,pqc,pqc-hybrid,off,19.240000,0 - default,5122,5154,17164,11588.000000,7200.000000,1.609444,1162,1157,348,36113,17451,13,38,7507,41590,5493,40202,1488,0,49051,6,5,31,7,1.992000,2.013000,16.132000,4.983000,0.072000,1.636000,0.417000,0.648000,0.036000,7.318000,7.630000,13.716000
bikel5,rsa3072_sphincssha2128fsimple,pqc,pqc-hybrid,off,21.030000,0 - default,5122,5154,17476,11588.000000,7200.000000,1.609444,1162,1157,348,37118,18100,13,39,7507,42595,5493,41170,1488,0,50056,6,5,32,7,2.000000,2.021000,17.945000,4.531000,0.071000,1.593000,0.417000,0.639000,0.035000,9.596000,9.921000,15.551000
bikel5,sphincssha2128ssimple,pqc,pqc,off,156.790000,0 - default,5122,5154,7856,11588.000000,7200.000000,1.609444,1162,1157,222,16722,8072,10,22,7381,22199,5493,21403,1488,0,29534,6,5,15,4,1.987000,2.006000,154.987000,4.610000,0.078000,0.470000,0.424000,0.645000,0.012000,146.496000,146.777000,152.616000
bikel5,p256_sphincssha2128ssimple,pqc,pqc-hybrid,off,158.140000,0 - default,5122,5154,7931,11588.000000,7200.000000,1.609444,1162,1157,222,16943,8218,10,22,7381,22420,5493,21624,1488,0,29755,6,5,15,4,1.974000,1.994000,155.392000,4.679000,0.076000,1.328000,0.420000,0.642000,0.012000,146.735000,147.015000,152.884000
bikel5,rsa3072_sphincssha2128ssimple,pqc,pqc-hybrid,off,159.970000,0 - default,5122,5154,8244,11588.000000,7200.000000,1.609444,1162,1157,222,17950,8868,10,23,7381,23427,5493,22594,1488,0,30762,6,5,16,4,1.961000,1.980000,157.396000,4.679000,0.068000,1.253000,0.419000,0.633000,0.013000,148.820000,149.085000,154.899000
bikel5,sphincssha2192fsimple,pqc,pqc,off,23.560000,0 - default,5122,5154,35664,11588.000000,7200.000000,1.609444,1162,1157,516,74467,35897,17,70,7675,79944,5493,77372,1488,0,87573,6,5,63,11,1.973000,1.993000,20.408000,4.632000,0.107000,1.047000,0.425000,0.650000,0.051000,11.964000,17.600000,18.074000
bikel5,p384_sphincssha2192fsimple,pqc,pqc-hybrid,off,26.230000,0 - default,5122,5154,35771,11588.000000,7200.000000,1.609444,1162,1157,558,74785,36108,18,70,7717,80262,5493,77690,1488,0,87933,6,5,63,12,1.966000,1.987000,21.450000,4.685000,0.108000,2.502000,0.416000,0.644000,0.057000,12.918000,18.648000,19.105000
bikel5,sphincssha2192ssimple,pqc,pqc,off,274.980000,0 - default,5122,5154,16224,11588.000000,7200.000000,1.609444,1162,1157,264,34091,16457,11,36,7423,39568,5493,38254,1488,0,46945,6,5,29,5,1.977000,1.998000,272.924000,4.604000,0.093000,0.583000,0.423000,0.641000,0.032000,264.261000,264.592000,270.421000
bikel5,p384_sphincssha2192ssimple,pqc,pqc-hybrid,off,278.370000,0 - default,5122,5154,16332,11588.000000,7200.000000,1.609444,1162,1157,264,34453,16667,11,37,7423,39930,5493,38579,1488,0,47307,6,5,30,5,2.162000,2.183000,274.658000,4.761000,0.096000,2.029000,0.421000,0.651000,0.035000,265.283000,265.633000,271.642000
bikel5,sphincssha2256fsimple,pqc,pqc,off,36.970000,0 - default,5122,5154,49856,11588.000000,7200.000000,1.609444,1162,1157,604,103967,50105,19,95,7763,109444,5493,105947,1488,0,117161,6,5,88,13,2.095000,2.115000,33.787000,5.440000,0.104000,1.060000,0.421000,0.647000,0.067000,24.490000,31.479000,31.450000
bikel5,p521_sphincssha2256fsimple,pqc,pqc-hybrid,off,41.010000,0 - default,5122,5154,49999,11588.000000,7200.000000,1.609444,1162,1157,646,104392,50387,20,95,7805,109869,5493,106372,1488,0,117628,6,5,88,14,2.013000,2.033000,35.067000,4.644000,0.114000,3.280000,0.418000,0.633000,0.069000,26.471000,33.004000,32.632000
bikel5,sphincssha2256ssimple,pqc,pqc,off,251.350000,0 - default,5122,5154,29792,11588.000000,7200.000000,1.609444,1162,1157,390,62299,30041,14,60,7549,67776,5493,65574,1488,0,75279,6,5,53,8,1.974000,1.994000,248.769000,4.669000,0.111000,0.706000,0.415000,0.633000,0.045000,239.951000,240.340000,246.254000
bikel5,p521_sphincssha2256ssimple,pqc,pqc-hybrid,off,255.500000,0 - default,5122,5154,29933,11588.000000,7200.000000,1.609444,1162,1157,390,62723,30324,14,60,7549,68200,5493,65998,1488,0,75703,6,5,53,8,1.996000,2.016000,250.474000,4.580000,0.102000,2.989000,0.419000,0.641000,0.047000,241.873000,242.260000,248.107000
bikel5,sphincsshake128fsimple,pqc,pqc,off,26.460000,0 - default,5122,5154,17088,11588.000000,7200.000000,1.609444,1162,1157,348,35891,17305,13,38,7507,41368,5493,39980,1488,0,48829,6,5,31,7,2.009000,2.031000,23.654000,4.583000,0.074000,1.343000,0.418000,0.643000,0.035000,15.196000,15.514000,21.224000
bikel5,p256_sphincsshake128fsimple,pqc,pqc-hybrid,off,27.930000,0 - default,5122,5154,17164,11588.000000,7200.000000,1.609444,1162,1157,348,36111,17449,13,38,7507,41588,5493,40200,1488,0,49049,6,5,31,7,1.953000,1.973000,24.211000,4.812000,0.076000,2.155000,0.418000,0.634000,0.037000,15.459000,15.773000,21.689000
bikel5,rsa3072_sphincsshake128fsimple,pqc,pqc-hybrid,off,29.820000,0 - default,5122,5154,17476,11588.000000,7200.000000,1.609444,1162,1157,348,37118,18100,13,39,7507,42595,5493,41170,1488,0,50056,6,5,32,7,1.953000,1.973000,26.224000,4.618000,0.077000,2.082000,0.418000,0.638000,0.035000,17.708000,18.028000,23.743000
bikel5,sphincsshake128ssimple,pqc,pqc,off,326.590000,0 - default,5122,5154,7856,11588.000000,7200.000000,1.609444,1162,1157,222,16723,8073,10,22,7381,22200,5493,21404,1488,0,29535,6,5,15,4,2.002000,2.023000,324.604000,4.681000,0.076000,0.668000,0.422000,0.646000,0.012000,315.676000,315.949000,321.825000
bikel5,p256_sphincsshake128ssimple,pqc,pqc-hybrid,off,327.500000,0 - default,5122,5154,7930,11588.000000,7200.000000,1.609444,1162,1157,222,16942,8218,10,22,7381,22419,5493,21623,1488,0,29754,6,5,15,4,1.958000,1.978000,324.530000,4.662000,0.079000,1.536000,0.426000,0.641000,0.012000,315.963000,316.245000,322.126000
bikel5,rsa3072_sphincsshake128ssimple,pqc,pqc-hybrid,off,330.560000,0 - default,5122,5154,8244,11588.000000,7200.000000,1.609444,1162,1157,222,17950,8868,10,23,7381,23427,5493,22594,1488,0,30762,6,5,16,4,1.982000,2.002000,327.695000,4.734000,0.081000,1.518000,0.423000,0.659000,0.014000,318.851000,319.147000,325.122000
bikel5,sphincsshake192fsimple,pqc,pqc,off,37.080000,0 - default,5122,5154,35664,11588.000000,7200.000000,1.609444,1162,1157,516,74467,35897,17,70,7675,79944,5493,77372,1488,0,87573,6,5,63,11,1.961000,1.982000,33.151000,4.673000,0.106000,1.860000,0.416000,0.634000,0.050000,24.545000,30.202000,30.663000
bikel5,p384_sphincsshake192fsimple,pqc,pqc-hybrid,off,39.580000,0 - default,5122,5154,35771,11588.000000,7200.000000,1.609444,1162,1157,516,74785,36108,17,70,7675,80262,5493,77690,1488,0,87891,6,5,63,11,1.965000,1.986000,34.060000,4.636000,0.113000,3.273000,0.413000,0.629000,0.057000,25.510000,31.184000,31.641000
bikel5,sphincsshake192ssimple,pqc,pqc,off,577.260000,0 - default,5122,5154,16224,11588.000000,7200.000000,1.609444,1162,1157,264,34091,16457,11,36,7423,39568,5493,38254,1488,0,46945,6,5,29,5,1.963000,1.983000,574.955000,4.765000,0.106000,0.818000,0.414000,0.629000,0.032000,566.122000,566.461000,572.440000
bikel5,p384_sphincsshake192ssimple,pqc,pqc-hybrid,off,580.480000,0 - default,5122,5154,16330,11588.000000,7200.000000,1.609444,1162,1157,264,34453,16669,11,37,7423,39930,5493,38579,1488,0,47307,6,5,30,5,1.970000,1.990000,576.520000,4.636000,0.098000,2.283000,0.416000,0.635000,0.036000,567.844000,568.183000,574.051000
bikel5,sphincsshake256fsimple,pqc,pqc,off,64.090000,0 - default,5122,5154,49856,11588.000000,7200.000000,1.609444,1162,1157,604,103967,50105,19,95,7763,109444,5493,105947,1488,0,117161,6,5,88,13,1.985000,2.006000,60.010000,4.582000,0.124000,1.900000,0.414000,0.635000,0.074000,51.303000,57.459000,57.424000
bikel5,p521_sphincsshake256fsimple,pqc,pqc-hybrid,off,68.590000,0 - default,5122,5154,49998,11588.000000,7200.000000,1.609444,1162,1157,646,104391,50387,20,95,7805,109868,5493,106371,1488,0,117627,6,5,88,14,1.983000,2.004000,61.928000,4.632000,0.134000,4.151000,0.413000,0.634000,0.070000,53.341000,59.826000,59.646000
bikel5,sphincsshake256ssimple,pqc,pqc,off,494.790000,0 - default,5122,5154,29792,11588.000000,7200.000000,1.609444,1162,1157,390,62299,30041,14,60,7549,67776,5493,65574,1488,0,75279,6,5,53,8,2.009000,2.029000,491.800000,4.730000,0.110000,1.076000,0.424000,0.648000,0.047000,482.914000,483.304000,489.342000
bikel5,p521_sphincsshake256ssimple,pqc,pqc-hybrid,off,498.930000,0 - default,5122,5154,29935,11588.000000,7200.000000,1.609444,1162,1157,390,62725,30324,14,60,7549,68202,5493,66000,1488,0,75705,6,5,53,8,1.971000,1.991000,493.499000,4.774000,0.109000,3.353000,0.415000,0.635000,0.047000,484.656000,485.065000,491.117000
bikel5,ED25519,pqc,classic,off,9.260000,0 - default,5122,5154,64,5773.000000,7200.000000,0.801806,1162,1157,138,540,270,8,8,7241,6046,5493,5739,1432,29,13241,6,5,1,2,1.977000,1.996000,8.264000,4.645000,0.051000,0.188000,0.431000,0.507000,0.011000,0.036000,0.074000,6.731000
bikel5,ED448,pqc,classic,off,9.540000,0 - default,5122,5154,114,5874.000000,7200.000000,0.815833,1162,1157,138,707,345,8,9,7241,6184,5493,5869,1432,0,13379,6,5,2,2,1.961000,1.982000,8.441000,4.678000,0.044000,0.295000,0.434000,0.509000,0.011000,0.211000,0.246000,7.046000
p521_bikel5,MLDSA44,pqc-hybrid,pqc,off,22.650000,0 - default,5255,5287,2420,11588.000000,7200.000000,1.609444,1162,1157,222,6809,3931,10,14,7381,12419,5626,11919,1355,0,19754,6,5,7,4,8.322000,8.343000,21.484000,7.338000,0.048000,0.203000,3.961000,4.040000,0.011000,0.783000,0.834000,12.721000
p521_bikel5,MLDSA65,pqc-hybrid,pqc,off,25.350000,0 - default,5255,5287,3309,11588.000000,7200.000000,1.609444,1162,1157,222,9311,5460,10,16,7381,14921,5626,14347,1355,0,22256,6,5,9,4,8.335000,8.355000,24.103000,7.310000,0.047000,0.278000,3.986000,4.065000,0.010000,3.332000,3.387000,15.265000
p521_bikel5,MLDSA87,pqc-hybrid,pqc,off,22.760000,0 - default,5255,5287,4627,11588.000000,7200.000000,1.609444,1162,1157,264,12713,7418,11,19,7423,18323,5626,17638,1355,0,25700,6,5,12,5,8.389000,8.410000,21.188000,7.328000,0.052000,0.391000,3.981000,4.060000,0.011000,0.559000,0.623000,12.477000
p521_bikel5,p256_mldsa44,pqc-hybrid,pqc-hybrid,off,21.170000,0 - default,5255,5287,2494,11588.000000,7200.000000,1.609444,1162,1157,222,7016,4064,10,14,7381,12626,5626,12126,1355,0,19961,6,5,7,4,8.345000,8.365000,19.620000,7.268000,0.050000,0.545000,3.991000,4.210000,0.011000,0.301000,0.555000,12.562000
p521_bikel5,rsa3072_mldsa44,pqc-hybrid,pqc-hybrid,off,24.300000,0 - default,5255,5287,2808,11588.000000,7200.000000,1.609444,1162,1157,222,8017,4709,10,15,7381,13627,5626,13090,1355,0,20962,6,5,8,4,8.317000,8.337000,22.688000,7.339000,0.050000,0.652000,3.963000,4.186000,0.011000,2.581000,2.840000,14.882000
p521_bikel5,p384_mldsa65,pqc-hybrid,pqc-hybrid,off,22.770000,0 - default,5255,5287,3415,11588.000000,7200.000000,1.609444,1162,1157,222,9613,5656,10,16,7381,15223,5626,14649,1355,0,22558,6,5,9,4,8.303000,8.323000,20.563000,7.305000,0.055000,1.141000,3.949000,4.177000,0.011000,1.142000,1.399000,13.443000
p521_bikel5,p521_mldsa87,pqc-hybrid,pqc-hybrid,off,24.890000,0 - default,5255,5287,4768,11588.000000,7200.000000,1.609444,1162,1157,264,13120,7684,11,19,7423,18730,5626,18045,1355,0,26107,6,5,12,5,8.363000,8.383000,21.568000,7.345000,0.054000,1.988000,3.971000,4.197000,0.011000,2.190000,2.458000,14.455000
p521_bikel5,falcon512,pqc-hybrid,pqc,off,22.530000,0 - default,5255,5287,656,7950.000000,7200.000000,1.104167,1162,1157,180,2687,1741,9,10,7339,8297,5626,7945,1355,0,15590,6,5,3,3,8.404000,8.425000,21.350000,7.399000,0.050000,0.286000,3.970000,4.194000,0.010000,0.257000,0.500000,12.570000
p521_bikel5,falcon1024,pqc-hybrid,pqc,off,22.900000,0 - default,5255,5287,1268,12409.000000,8400.000000,1.477262,1162,1157,138,4933,3253,9,15,8441,12943,5626,10079,2456,2322,21338,7,7,6,2,8.342000,8.362000,21.704000,7.356000,0.050000,0.331000,3.984000,4.222000,0.011000,0.481000,0.730000,14.068000
p521_bikel5,p256_falcon512,pqc-hybrid,pqc-hybrid,off,21.380000,0 - default,5255,5287,729,8172.000000,7200.000000,1.135000,1162,1157,180,2946,1885,9,11,7339,8556,5626,8167,1355,0,15849,6,5,4,3,8.325000,8.346000,19.853000,7.255000,0.051000,0.564000,3.972000,4.187000,0.010000,0.450000,0.698000,12.661000
p521_bikel5,rsa3072_falcon512,pqc-hybrid,pqc-hybrid,off,24.320000,0 - default,5255,5287,1042,9132.000000,7200.000000,1.268333,1162,1157,180,3906,2532,9,11,7339,9516,5626,9127,1355,0,16809,6,5,4,3,8.353000,8.373000,22.711000,7.334000,0.050000,0.689000,3.967000,4.187000,0.012000,2.729000,2.982000,14.992000
p521_bikel5,falconpadded512,pqc-hybrid,pqc,off,22.810000,0 - default,5255,5287,666,7969.000000,7200.000000,1.106806,1162,1157,180,2706,1750,9,10,7339,8316,5626,7964,1355,0,15609,6,5,3,3,8.406000,8.426000,21.636000,7.505000,0.048000,0.285000,4.028000,4.259000,0.010000,0.255000,0.498000,12.750000
p521_bikel5,p256_falconpadded512,pqc-hybrid,pqc-hybrid,off,21.310000,0 - default,5255,5287,741,8194.000000,7200.000000,1.138056,1162,1157,180,2968,1895,9,11,7339,8578,5626,8189,1355,0,15871,6,5,4,3,8.313000,8.333000,19.796000,7.285000,0.051000,0.560000,3.965000,4.177000,0.011000,0.472000,0.717000,12.695000
p521_bikel5,rsa3072_falconpadded512,pqc-hybrid,pqc-hybrid,off,24.400000,0 - default,5255,5287,1054,9152.000000,7200.000000,1.271111,1162,1157,180,3926,2540,9,11,7339,9536,5626,9147,1355,0,16829,6,5,4,3,8.293000,8.313000,22.778000,7.266000,0.057000,0.680000,3.984000,4.208000,0.011000,2.734000,2.993000,14.974000
p521_bikel5,p521_falcon1024,pqc-hybrid,pqc-hybrid,off,24.990000,0 - default,5255,5287,1406,10504.000000,7200.000000,1.458889,1162,1157,180,5352,3530,9,13,7339,10962,5626,10499,1355,0,18255,6,5,6,3,8.376000,8.397000,21.991000,7.403000,0.048000,1.988000,3.951000,4.183000,0.011000,2.494000,2.745000,14.907000
p521_bikel5,falconpadded1024,pqc-hybrid,pqc,off,23.090000,0 - default,5255,5287,1280,10103.000000,7200.000000,1.403194,1162,1157,180,4914,3260,9,12,7339,10524,5626,10098,1355,0,17817,6,5,5,3,8.444000,8.464000,21.819000,7.433000,0.053000,0.335000,3.969000,4.205000,0.011000,0.464000,0.709000,12.856000
p521_bikel5,p521_falconpadded1024,pqc-hybrid,pqc-hybrid,off,24.800000,0 - default,5255,5287,1423,10530.000000,7200.000000,1.462500,1162,1157,180,5378,3539,9,13,7339,10988,5626,10525,1355,0,18281,6,5,6,3,8.342000,8.364000,21.784000,7.212000,0.055000,1.988000,3.954000,4.183000,0.010000,2.497000,2.748000,14.697000
p521_bikel5,sphincssha2128fsimple,pqc-hybrid,pqc,off,30.400000,0 - default,5255,5287,17088,11588.000000,7200.000000,1.609444,1162,1157,348,35891,17305,13,38,7507,41501,5626,40113,1355,0,48962,6,5,31,7,8.317000,8.337000,28.262000,7.407000,0.077000,0.770000,3.971000,4.201000,0.037000,7.076000,7.411000,19.479000
p521_bikel5,p256_sphincssha2128fsimple,pqc-hybrid,pqc-hybrid,off,29.370000,0 - default,5255,5287,17163,11588.000000,7200.000000,1.609444,1162,1157,348,36112,17451,13,38,7507,41722,5626,40334,1355,0,49183,6,5,31,7,8.338000,8.359000,26.737000,7.295000,0.074000,1.074000,3.960000,4.193000,0.034000,7.282000,7.609000,19.572000
p521_bikel5,rsa3072_sphincssha2128fsimple,pqc-hybrid,pqc-hybrid,off,32.420000,0 - default,5255,5287,17476,11588.000000,7200.000000,1.609444,1162,1157,348,37118,18100,13,39,7507,42728,5626,41303,1355,0,50189,6,5,32,7,8.315000,8.334000,29.743000,7.357000,0.080000,1.165000,3.989000,4.201000,0.035000,9.557000,9.895000,21.929000
p521_bikel5,sphincssha2128ssimple,pqc-hybrid,pqc,off,169.270000,0 - default,5255,5287,7856,11588.000000,7200.000000,1.609444,1162,1157,222,16722,8072,10,22,7381,22332,5626,21536,1355,0,29667,6,5,15,4,8.372000,8.392000,167.548000,7.428000,0.065000,0.449000,3.961000,4.189000,0.011000,146.369000,146.640000,158.771000
p521_bikel5,p256_sphincssha2128ssimple,pqc-hybrid,pqc-hybrid,off,168.170000,0 - default,5255,5287,7932,11588.000000,7200.000000,1.609444,1162,1157,222,16944,8218,10,22,7381,22554,5626,21758,1355,0,29889,6,5,15,4,8.326000,8.348000,166.052000,7.407000,0.077000,0.742000,3.976000,4.194000,0.011000,146.418000,146.709000,158.904000
p521_bikel5,rsa3072_sphincssha2128ssimple,pqc-hybrid,pqc-hybrid,off,171.230000,0 - default,5255,5287,8244,11588.000000,7200.000000,1.609444,1162,1157,222,17950,8868,10,23,7381,23560,5626,22727,1355,0,30895,6,5,16,4,8.393000,8.414000,169.048000,7.429000,0.082000,0.849000,3.975000,4.208000,0.013000,148.697000,148.997000,161.245000
p521_bikel5,sphincssha2192fsimple,pqc-hybrid,pqc,off,36.080000,0 - default,5255,5287,35664,11588.000000,7200.000000,1.609444,1162,1157,558,74467,35897,18,70,7717,80077,5626,77505,1355,0,87748,6,5,63,12,8.309000,8.330000,32.965000,7.390000,0.096000,1.058000,3.967000,4.197000,0.057000,11.908000,20.332000,24.342000
p521_bikel5,p384_sphincssha2192fsimple,pqc-hybrid,pqc-hybrid,off,36.470000,0 - default,5255,5287,35770,11588.000000,7200.000000,1.609444,1162,1157,516,74784,36108,17,70,7675,80394,5626,77822,1355,0,88023,6,5,63,11,8.336000,8.357000,32.438000,7.409000,0.092000,1.868000,3.969000,4.200000,0.054000,12.896000,21.297000,25.326000
p521_bikel5,sphincssha2192ssimple,pqc-hybrid,pqc,off,287.710000,0 - default,5255,5287,16224,11588.000000,7200.000000,1.609444,1162,1157,264,34134,16457,11,37,7423,39744,5626,38393,1355,0,47121,6,5,30,5,8.312000,8.332000,285.663000,7.481000,0.088000,0.575000,4.001000,4.239000,0.042000,264.289000,264.638000,276.937000
p521_bikel5,p384_sphincssha2192ssimple,pqc-hybrid,pqc-hybrid,off,288.480000,0 - default,5255,5287,16332,11588.000000,7200.000000,1.609444,1162,1157,264,34453,16667,11,37,7423,40063,5626,38712,1355,0,47440,6,5,30,5,8.337000,8.357000,285.396000,7.357000,0.088000,1.457000,3.965000,4.214000,0.035000,265.687000,266.027000,278.212000
p521_bikel5,sphincssha2256fsimple,pqc-hybrid,pqc,off,48.850000,0 - default,5255,5287,49856,11588.000000,7200.000000,1.609444,1162,1157,562,103967,50105,18,95,7721,109577,5626,106080,1355,0,117252,6,5,88,12,8.332000,8.352000,45.618000,7.368000,0.128000,1.073000,3.967000,4.203000,0.068000,24.447000,33.360000,36.917000
p521_bikel5,p521_sphincssha2256fsimple,pqc-hybrid,pqc-hybrid,off,51.650000,0 - default,5255,5287,49998,11588.000000,7200.000000,1.609444,1162,1157,646,104391,50387,20,95,7805,110001,5626,106504,1355,0,117760,6,5,88,14,8.384000,8.404000,46.555000,7.439000,0.129000,2.739000,3.962000,4.219000,0.076000,26.632000,35.758000,39.248000
p521_bikel5,sphincssha2256ssimple,pqc-hybrid,pqc,off,263.790000,0 - default,5255,5287,29792,11588.000000,7200.000000,1.609444,1162,1157,390,62299,30041,14,60,7549,67909,5626,65707,1355,0,75412,6,5,53,8,8.359000,8.379000,261.235000,7.296000,0.100000,0.696000,3.971000,4.199000,0.050000,240.095000,240.475000,252.533000
p521_bikel5,p521_sphincssha2256ssimple,pqc-hybrid,pqc-hybrid,off,266.680000,0 - default,5255,5287,29935,11588.000000,7200.000000,1.609444,1162,1157,390,62725,30324,14,60,7549,68335,5626,66133,1355,0,75838,6,5,53,8,8.314000,8.334000,262.191000,7.421000,0.107000,2.404000,3.968000,4.195000,0.044000,242.419000,242.814000,255.069000
p521_bikel5,sphincsshake128fsimple,pqc-hybrid,pqc,off,39.400000,0 - default,5255,5287,17088,11588.000000,7200.000000,1.609444,1162,1157,348,35891,17305,13,38,7507,41501,5626,40113,1355,0,48962,6,5,31,7,8.319000,8.339000,36.654000,7.328000,0.075000,1.361000,3.966000,4.196000,0.035000,15.251000,15.595000,27.591000
p521_bikel5,p256_sphincsshake128fsimple,pqc-hybrid,pqc-hybrid,off,37.940000,0 - default,5255,5287,17163,11588.000000,7200.000000,1.609444,1162,1157,348,36110,17449,13,38,7507,41720,5626,40332,1355,0,49181,6,5,31,7,8.272000,8.293000,34.780000,7.251000,0.078000,1.588000,3.968000,4.203000,0.035000,15.418000,15.738000,27.667000
p521_bikel5,rsa3072_sphincsshake128fsimple,pqc-hybrid,pqc-hybrid,off,41.150000,0 - default,5255,5287,17476,11588.000000,7200.000000,1.609444,1162,1157,348,37118,18100,13,39,7507,42728,5626,41303,1355,0,50189,6,5,32,7,8.289000,8.309000,37.793000,7.318000,0.099000,1.777000,3.966000,4.187000,0.033000,17.697000,18.037000,30.059000
p521_bikel5,sphincsshake128ssimple,pqc-hybrid,pqc,off,338.670000,0 - default,5255,5287,7856,11588.000000,7200.000000,1.609444,1162,1157,222,16723,8073,10,22,7381,22333,5626,21537,1355,0,29668,6,5,15,4,8.291000,8.313000,336.706000,7.406000,0.069000,0.680000,3.964000,4.188000,0.011000,315.631000,315.905000,328.005000
p521_bikel5,p256_sphincsshake128ssimple,pqc-hybrid,pqc-hybrid,off,338.030000,0 - default,5255,5287,7931,11588.000000,7200.000000,1.609444,1162,1157,222,16943,8218,10,22,7381,22553,5626,21757,1355,0,29888,6,5,15,4,8.332000,8.353000,335.589000,7.519000,0.086000,0.988000,3.986000,4.199000,0.011000,315.708000,316.005000,328.346000
p521_bikel5,rsa3072_sphincsshake128ssimple,pqc-hybrid,pqc-hybrid,off,340.710000,0 - default,5255,5287,8244,11588.000000,7200.000000,1.609444,1162,1157,222,17950,8868,10,23,7381,23560,5626,22727,1355,0,30895,6,5,16,4,8.373000,8.394000,338.319000,7.387000,0.073000,1.051000,3.969000,4.193000,0.012000,317.978000,318.258000,330.554000
p521_bikel5,sphincsshake192fsimple,pqc-hybrid,pqc,off,49.490000,0 - default,5255,5287,35664,11588.000000,7200.000000,1.609444,1162,1157,516,74467,35897,17,70,7675,80077,5626,77505,1355,0,87706,6,5,63,11,8.417000,8.437000,45.565000,7.286000,0.096000,1.845000,3.975000,4.205000,0.058000,24.534000,32.853000,36.896000
p521_bikel5,p384_sphincsshake192fsimple,pqc-hybrid,pqc-hybrid,off,49.800000,0 - default,5255,5287,35771,11588.000000,7200.000000,1.609444,1162,1157,516,74785,36108,17,70,7675,80395,5626,77823,1355,0,88024,6,5,63,11,8.364000,8.384000,44.953000,7.412000,0.108000,2.667000,3.979000,4.218000,0.049000,25.466000,33.886000,37.936000
p521_bikel5,sphincsshake192ssimple,pqc-hybrid,pqc,off,590.180000,0 - default,5255,5287,16224,11588.000000,7200.000000,1.609444,1162,1157,348,34134,16457,13,37,7507,39744,5626,38393,1355,0,47205,6,5,30,7,8.400000,8.421000,587.785000,7.463000,0.096000,0.834000,3.971000,4.202000,0.034000,566.334000,566.677000,578.955000
p521_bikel5,p384_sphincsshake192ssimple,pqc-hybrid,pqc-hybrid,off,591.090000,0 - default,5255,5287,16331,11588.000000,7200.000000,1.609444,1162,1157,264,34454,16669,11,37,7423,40064,5626,38713,1355,0,47441,6,5,30,5,8.361000,8.381000,587.679000,7.490000,0.093000,1.753000,3.963000,4.198000,0.033000,567.913000,568.257000,580.560000
p521_bikel5,sphincsshake256fsimple,pqc-hybrid,pqc,off,76.830000,0 - default,5255,5287,49856,11588.000000,7200.000000,1.609444,1162,1157,688,103967,50105,21,95,7847,109577,5626,106080,1355,0,117378,6,5,88,15,8.348000,8.368000,72.411000,7.356000,0.120000,1.897000,3.969000,4.196000,0.069000,51.290000,60.165000,63.723000
p521_bikel5,p521_sphincsshake256fsimple,pqc-hybrid,pqc-hybrid,off,78.890000,0 - default,5255,5287,49999,11588.000000,7200.000000,1.609444,1162,1157,646,104392,50387,20,95,7805,110002,5626,106505,1355,0,117761,6,5,88,14,8.506000,8.526000,72.673000,7.275000,0.133000,3.490000,3.956000,4.189000,0.078000,53.300000,62.104000,65.655000
p521_bikel5,sphincsshake256ssimple,pqc-hybrid,pqc,off,506.760000,0 - default,5255,5287,29792,11588.000000,7200.000000,1.609444,1162,1157,390,62299,30041,14,60,7549,67909,5626,65707,1355,0,75412,6,5,53,8,8.285000,8.305000,503.810000,7.419000,0.113000,1.071000,3.970000,4.199000,0.049000,482.416000,482.818000,495.031000
p521_bikel5,p521_sphincsshake256ssimple,pqc-hybrid,pqc-hybrid,off,508.710000,0 - default,5255,5287,29933,11588.000000,7200.000000,1.609444,1162,1157,390,62723,30324,14,60,7549,68333,5626,66131,1355,0,75836,6,5,53,8,8.373000,8.394000,503.882000,7.457000,0.113000,2.751000,3.957000,4.187000,0.042000,484.239000,484.630000,496.902000
p521_bikel5,ED25519,pqc-hybrid,classic,off,21.770000,0 - default,5255,5287,64,5882.000000,7200.000000,0.816944,1162,1157,180,582,270,9,9,7339,6192,5626,5877,1355,0,13485,6,5,2,3,8.337000,8.358000,20.719000,7.232000,0.053000,0.172000,4.043000,4.120000,0.010000,0.036000,0.070000,12.661000
p521_bikel5,ED448,pqc-hybrid,classic,off,22.140000,0 - default,5255,5287,114,6007.000000,7200.000000,0.834306,1162,1157,138,707,345,8,9,7241,6317,5626,6002,1299,0,13512,6,5,2,2,8.311000,8.331000,21.005000,7.427000,0.047000,0.292000,3.990000,4.068000,0.011000,0.211000,0.246000,13.390000
hqc128,MLDSA44,pqc,pqc,off,34.040000,0 - default,2249,4433,2420,10426.000000,4800.000000,2.172083,1162,1157,222,6809,3931,8,13,4981,11522,2610,11060,2047,0,16457,4,4,7,4,4.836000,4.856000,32.638000,15.714000,0.069000,0.217000,9.502000,9.593000,0.016000,1.391000,1.452000,28.304000
hqc128,MLDSA65,pqc,pqc,off,32.820000,0 - default,2249,4433,3309,10426.000000,4800.000000,2.172083,1162,1157,222,9311,5460,8,15,4981,14024,2610,13488,2047,0,18959,4,4,9,4,4.802000,4.823000,31.525000,15.733000,0.059000,0.284000,9.483000,9.555000,0.013000,0.384000,0.445000,26.234000
hqc128,MLDSA87,pqc,pqc,off,33.420000,0 - default,2249,4433,4627,10426.000000,4800.000000,2.172083,1162,1157,264,12713,7418,9,18,5023,17426,2610,16779,2047,0,22403,4,4,12,5,4.797000,4.817000,31.830000,15.594000,0.051000,0.391000,9.461000,9.534000,0.012000,0.980000,1.046000,26.595000
hqc128,p256_mldsa44,pqc,pqc-hybrid,off,33.740000,0 - default,2249,4433,2495,10426.000000,4800.000000,2.172083,1162,1157,222,7017,4064,8,13,4981,11730,2610,11268,2047,0,16665,4,4,7,4,4.793000,4.813000,31.609000,15.639000,0.058000,1.100000,9.463000,9.676000,0.012000,0.348000,0.593000,26.423000
hqc128,rsa3072_mldsa44,pqc,pqc-hybrid,off,35.780000,0 - default,2249,4433,2808,10426.000000,4800.000000,2.172083,1162,1157,222,8017,4709,8,14,4981,12730,2610,12231,2047,0,17665,4,4,8,4,4.802000,4.823000,33.745000,15.556000,0.050000,1.076000,9.464000,9.673000,0.013000,2.602000,2.850000,28.582000
hqc128,p384_mldsa65,pqc,pqc-hybrid,off,35.340000,0 - default,2249,4433,3416,10426.000000,4800.000000,2.172083,1162,1157,222,9614,5656,8,15,4981,14327,2610,13791,2047,0,19262,4,4,9,4,4.818000,4.838000,32.533000,15.685000,0.055000,1.734000,9.466000,9.681000,0.012000,1.137000,1.398000,27.292000
hqc128,p521_mldsa87,pqc,pqc-hybrid,off,37.450000,0 - default,2249,4433,4769,10426.000000,4800.000000,2.172083,1162,1157,264,13121,7684,9,18,5023,17834,2610,17187,2047,0,22811,4,4,12,5,4.811000,4.833000,33.538000,15.581000,0.057000,2.533000,9.493000,9.701000,0.012000,2.264000,2.523000,28.233000
hqc128,falcon512,pqc,pqc,off,32.860000,0 - default,2249,4433,655,7095.000000,4800.000000,1.478125,1162,1157,180,2728,1741,7,10,4939,7441,2610,7090,2047,0,12334,4,4,4,3,4.814000,4.834000,31.684000,15.741000,0.049000,0.293000,9.491000,9.701000,0.011000,0.238000,0.473000,26.386000
hqc128,falcon1024,pqc,pqc,off,33.100000,0 - default,2249,4433,1275,9232.000000,4800.000000,1.923333,1162,1157,180,4902,3253,7,11,4939,9615,2610,9227,2047,0,14508,4,4,5,3,4.802000,4.822000,31.857000,15.643000,0.053000,0.328000,9.471000,9.688000,0.013000,0.491000,0.737000,26.546000
hqc128,p256_falcon512,pqc,pqc-hybrid,off,33.900000,0 - default,2249,4433,730,7314.000000,4800.000000,1.523750,1162,1157,180,2947,1885,7,10,4939,7660,2610,7309,2047,0,12553,4,4,4,3,4.808000,4.828000,31.846000,15.635000,0.050000,1.116000,9.462000,9.677000,0.012000,0.498000,0.737000,26.550000
hqc128,rsa3072_falcon512,pqc,pqc-hybrid,off,36.190000,0 - default,2249,4433,1044,8280.000000,4800.000000,1.725000,1162,1157,180,3950,2532,7,11,4939,8663,2610,8275,2047,0,13556,4,4,5,3,4.806000,4.826000,34.058000,15.650000,0.061000,1.144000,9.449000,9.665000,0.012000,2.747000,2.989000,28.814000
hqc128,falconpadded512,pqc,pqc,off,32.950000,0 - default,2249,4433,666,7115.000000,4800.000000,1.482292,1162,1157,180,2748,1750,7,10,4939,7461,2610,7110,2047,0,12354,4,4,4,3,4.808000,4.828000,31.737000,15.759000,0.051000,0.299000,9.490000,9.701000,0.012000,0.253000,0.488000,27.235000
hqc128,p256_falconpadded512,pqc,pqc-hybrid,off,33.990000,0 - default,2249,4433,741,7335.000000,4800.000000,1.528125,1162,1157,180,2968,1895,7,10,4939,7681,2610,7330,2047,0,12574,4,4,4,3,4.816000,4.836000,31.802000,15.581000,0.060000,1.184000,9.484000,9.712000,0.012000,0.501000,0.747000,27.468000
hqc128,rsa3072_falconpadded512,pqc,pqc-hybrid,off,36.030000,0 - default,2249,4433,1054,8298.000000,4800.000000,1.728750,1162,1157,180,3968,2540,7,11,4939,8681,2610,8293,2047,0,13574,4,4,5,3,4.805000,4.826000,33.958000,15.578000,0.056000,1.136000,9.454000,9.666000,0.012000,2.763000,3.006000,28.741000
hqc128,p521_falcon1024,pqc,pqc-hybrid,off,37.700000,0 - default,2249,4433,1414,9653.000000,4800.000000,2.011042,1162,1157,180,5360,3530,7,12,4939,10073,2610,9648,2047,0,14966,4,4,6,3,4.795000,4.816000,34.055000,15.697000,0.059000,2.583000,9.456000,9.672000,0.012000,2.550000,2.797000,28.721000
hqc128,falconpadded1024,pqc,pqc,off,32.990000,0 - default,2249,4433,1280,9244.000000,4800.000000,1.925833,1162,1157,180,4914,3260,7,11,4939,9627,2610,9239,2047,0,14520,4,4,5,3,4.803000,4.823000,31.761000,15.631000,0.052000,0.327000,9.469000,9.685000,0.012000,0.480000,0.724000,26.512000
hqc128,p521_falconpadded1024,pqc,pqc-hybrid,off,37.320000,0 - default,2249,4433,1423,9671.000000,4800.000000,2.014792,1162,1157,180,5378,3539,7,12,4939,10091,2610,9666,2047,0,14984,4,4,6,3,4.801000,4.822000,33.742000,15.548000,0.060000,2.554000,9.458000,9.673000,0.011000,2.545000,2.791000,28.559000
hqc128,sphincssha2128fsimple,pqc,pqc,off,40.580000,0 - default,2249,4433,17088,10426.000000,4800.000000,2.172083,1162,1157,390,35889,17305,12,37,5149,40602,2610,39252,2047,0,45705,4,4,31,8,4.816000,4.836000,38.373000,15.542000,0.081000,0.783000,9.475000,9.689000,0.032000,7.067000,7.379000,33.048000
hqc128,p256_sphincssha2128fsimple,pqc,pqc-hybrid,off,41.790000,0 - default,2249,4433,17163,10426.000000,4800.000000,2.172083,1162,1157,348,36110,17451,11,37,5107,40823,2610,39473,2047,0,45884,4,4,31,7,4.803000,4.823000,38.613000,15.649000,0.080000,1.578000,9.484000,9.701000,0.036000,7.302000,7.619000,33.403000
hqc128,rsa3072_sphincssha2128fsimple,pqc,pqc-hybrid,off,43.960000,0 - default,2249,4433,17476,10426.000000,4800.000000,2.172083,1162,1157,348,37116,18100,11,38,5107,41829,2610,40442,2047,0,46890,4,4,32,7,4.825000,4.845000,40.820000,15.601000,0.082000,1.618000,9.478000,9.695000,0.034000,9.595000,9.918000,35.664000
hqc128,sphincssha2128ssimple,pqc,pqc,off,179.640000,0 - default,2249,4433,7856,10426.000000,4800.000000,2.172083,1162,1157,222,16722,8072,8,21,4981,21435,2610,20677,2047,0,26370,4,4,15,4,4.800000,4.820000,177.976000,15.535000,0.063000,0.442000,9.460000,9.671000,0.012000,146.485000,146.751000,172.606000
hqc128,p256_sphincssha2128ssimple,pqc,pqc-hybrid,off,180.600000,0 - default,2249,4433,7931,10426.000000,4800.000000,2.172083,1162,1157,222,16984,8218,8,22,4981,21697,2610,20902,2047,0,26632,4,4,16,4,4.809000,4.828000,177.886000,15.585000,0.073000,1.315000,9.467000,9.682000,0.011000,146.532000,146.801000,172.759000
hqc128,rsa3072_sphincssha2128ssimple,pqc,pqc-hybrid,off,183.150000,0 - default,2249,4433,8244,10426.000000,4800.000000,2.172083,1162,1157,222,17948,8868,8,22,4981,22661,2610,21866,2047,0,27596,4,4,16,4,4.800000,4.821000,180.570000,15.687000,0.073000,1.272000,9.911000,10.125000,0.013000,148.826000,149.105000,175.414000
hqc128,sphincssha2192fsimple,pqc,pqc,off,46.380000,0 - default,2249,4433,35664,10426.000000,4800.000000,2.172083,1162,1157,516,74465,35897,15,69,5275,79178,2610,76644,2047,0,84407,4,4,63,11,4.793000,4.813000,43.328000,15.710000,0.096000,1.049000,9.452000,9.668000,0.052000,11.942000,28.619000,38.107000
hqc128,p384_sphincssha2192fsimple,pqc,pqc-hybrid,off,49.070000,0 - default,2249,4433,35772,10426.000000,4800.000000,2.172083,1162,1157,558,74828,36108,16,70,5317,79541,2610,76970,2047,0,84812,4,4,64,12,4.824000,4.844000,44.468000,15.780000,0.095000,2.441000,9.484000,9.697000,0.060000,12.977000,29.777000,39.290000
hqc128,sphincssha2192ssimple,pqc,pqc,off,298.140000,0 - default,2249,4433,16224,10426.000000,4800.000000,2.172083,1162,1157,348,34133,16457,11,36,5107,38846,2610,37533,2047,0,43907,4,4,30,7,4.796000,4.822000,296.118000,15.697000,0.083000,0.571000,9.504000,9.718000,0.035000,264.665000,264.985000,290.868000
hqc128,p384_sphincssha2192ssimple,pqc,pqc-hybrid,off,300.550000,0 - default,2249,4433,16331,10426.000000,4800.000000,2.172083,1162,1157,348,34450,16667,11,36,5107,39163,2610,37850,2047,0,44224,4,4,30,7,4.808000,4.829000,296.953000,15.760000,0.085000,1.978000,9.506000,9.722000,0.036000,265.440000,265.765000,291.725000
hqc128,sphincssha2256fsimple,pqc,pqc,off,59.720000,0 - default,2249,4433,49856,10426.000000,4800.000000,2.172083,1162,1157,688,103965,50105,19,94,5447,108678,2610,105219,2047,0,114079,4,4,88,15,4.814000,4.845000,56.149000,15.689000,0.109000,1.083000,9.490000,9.712000,0.067000,24.526000,41.644000,50.749000
hqc128,p521_sphincssha2256fsimple,pqc,pqc-hybrid,off,64.090000,0 - default,2249,4433,49999,10426.000000,4800.000000,2.172083,1162,1157,688,104390,50387,19,94,5447,109103,2610,105644,2047,0,114504,4,4,88,15,4.799000,4.819000,58.168000,15.703000,0.106000,3.265000,9.501000,9.713000,0.075000,26.605000,43.764000,52.865000
hqc128,sphincssha2256ssimple,pqc,pqc,off,274.560000,0 - default,2249,4433,29792,10426.000000,4800.000000,2.172083,1162,1157,474,62297,30041,14,59,5233,67010,2610,64846,2047,0,72197,4,4,53,10,4.804000,4.824000,272.105000,15.592000,0.093000,0.692000,9.468000,9.682000,0.047000,240.608000,240.989000,266.792000
hqc128,p521_sphincssha2256ssimple,pqc,pqc-hybrid,off,278.530000,0 - default,2249,4433,29935,10426.000000,4800.000000,2.172083,1162,1157,474,62767,30324,14,60,5233,67480,2610,65279,2047,0,72667,4,4,54,10,4.793000,4.813000,273.477000,15.663000,0.102000,2.963000,9.500000,9.715000,0.046000,241.949000,242.340000,268.322000
hqc128,sphincsshake128fsimple,pqc,pqc,off,49.550000,0 - default,2249,4433,17088,10426.000000,4800.000000,2.172083,1162,1157,348,35889,17305,11,37,5107,40602,2610,39252,2047,0,45663,4,4,31,7,4.818000,4.838000,46.670000,15.559000,0.087000,1.368000,9.516000,9.733000,0.032000,15.223000,15.544000,41.287000
hqc128,p256_sphincsshake128fsimple,pqc,pqc-hybrid,off,50.690000,0 - default,2249,4433,17163,10426.000000,4800.000000,2.172083,1162,1157,348,36108,17449,11,37,5107,40821,2610,39471,2047,0,45882,4,4,31,7,4.809000,4.829000,46.843000,15.664000,0.101000,2.180000,9.465000,9.677000,0.036000,15.468000,15.789000,41.596000
hqc128,rsa3072_sphincsshake128fsimple,pqc,pqc-hybrid,off,52.750000,0 - default,2249,4433,17476,10426.000000,4800.000000,2.172083,1162,1157,348,37116,18100,11,38,5107,41829,2610,40442,2047,0,46890,4,4,32,7,4.811000,4.830000,49.118000,15.754000,0.085000,2.106000,9.468000,9.682000,0.034000,17.733000,18.059000,43.948000
hqc128,sphincsshake128ssimple,pqc,pqc,off,348.960000,0 - default,2249,4433,7856,10426.000000,4800.000000,2.172083,1162,1157,222,16723,8073,8,21,4981,21436,2610,20678,2047,0,26371,4,4,15,4,4.806000,4.826000,347.002000,15.640000,0.082000,0.644000,9.467000,9.683000,0.012000,315.505000,315.794000,341.668000
hqc128,p256_sphincsshake128ssimple,pqc,pqc-hybrid,off,349.720000,0 - default,2249,4433,7931,10426.000000,4800.000000,2.172083,1162,1157,222,16984,8218,8,22,4981,21697,2610,20902,2047,0,26632,4,4,16,4,4.789000,4.810000,346.841000,15.751000,0.075000,1.490000,9.475000,9.692000,0.012000,315.471000,315.751000,341.674000
hqc128,rsa3072_sphincsshake128ssimple,pqc,pqc-hybrid,off,352.310000,0 - default,2249,4433,8244,10426.000000,4800.000000,2.172083,1162,1157,222,17948,8868,8,22,4981,22661,2610,21866,2047,0,27596,4,4,16,4,4.793000,4.814000,349.429000,15.586000,0.082000,1.526000,9.466000,9.677000,0.012000,317.978000,318.273000,344.278000
hqc128,sphincsshake192fsimple,pqc,pqc,off,59.780000,0 - default,2249,4433,35664,10426.000000,4800.000000,2.172083,1162,1157,600,74465,35897,17,69,5359,79178,2610,76644,2047,0,84491,4,4,63,13,4.791000,4.811000,55.907000,15.673000,0.095000,1.825000,9.451000,9.663000,0.053000,24.507000,41.139000,50.617000
hqc128,p384_sphincsshake192fsimple,pqc,pqc-hybrid,off,62.120000,0 - default,2249,4433,35772,10426.000000,4800.000000,2.172083,1162,1157,558,74828,36108,16,70,5317,79541,2610,76970,2047,0,84812,4,4,64,12,4.812000,4.832000,56.658000,15.583000,0.099000,3.228000,9.465000,9.676000,0.049000,25.465000,42.032000,51.527000
hqc128,sphincsshake192ssimple,pqc,pqc,off,600.190000,0 - default,2249,4433,16224,10426.000000,4800.000000,2.172083,1162,1157,306,34133,16457,10,36,5065,38846,2610,37533,2047,0,43865,4,4,30,6,4.815000,4.835000,597.831000,15.728000,0.114000,0.843000,9.505000,9.722000,0.051000,566.220000,566.567000,592.561000
hqc128,p384_sphincsshake192ssimple,pqc,pqc-hybrid,off,605.160000,0 - default,2249,4433,16331,10426.000000,4800.000000,2.172083,1162,1157,306,34452,16669,10,36,5065,39165,2610,37852,2047,0,44184,4,4,30,6,4.808000,4.828000,601.100000,15.682000,0.117000,2.319000,9.484000,9.700000,0.035000,569.538000,569.877000,595.836000
hqc128,sphincsshake256fsimple,pqc,pqc,off,87.000000,0 - default,2249,4433,49856,10426.000000,4800.000000,2.172083,1162,1157,646,103965,50105,18,94,5405,108678,2610,105219,2047,0,114037,4,4,88,14,4.793000,4.813000,82.597000,15.702000,0.118000,1.876000,9.461000,9.672000,0.068000,51.180000,68.373000,77.411000
hqc128,p521_sphincsshake256fsimple,pqc,pqc-hybrid,off,91.640000,0 - default,2249,4433,49999,10426.000000,4800.000000,2.172083,1162,1157,606,104390,50387,17,94,5365,109103,2610,105644,2047,0,114422,4,4,88,13,4.814000,4.836000,85.088000,15.710000,0.130000,4.057000,9.487000,9.730000,0.094000,53.320000,70.937000,79.851000
hqc128,sphincsshake256ssimple,pqc,pqc,off,517.280000,0 - default,2249,4433,29792,10426.000000,4800.000000,2.172083,1162,1157,432,62297,30041,13,59,5191,67010,2610,64846,2047,0,72155,4,4,53,9,4.805000,4.825000,514.432000,15.730000,0.106000,1.041000,9.464000,9.680000,0.047000,482.859000,483.252000,509.265000
hqc128,p521_sphincsshake256ssimple,pqc,pqc-hybrid,off,521.990000,0 - default,2249,4433,29935,10426.000000,4800.000000,2.172083,1162,1157,390,62767,30324,12,60,5149,67480,2610,65279,2047,0,72583,4,4,54,8,4.800000,4.820000,516.560000,15.684000,0.109000,3.322000,9.466000,9.690000,0.047000,484.898000,485.297000,511.302000
hqc128,ED25519,pqc,classic,off,31.850000,0 - default,2249,4433,64,5023.000000,4800.000000,1.046458,1162,1157,138,582,270,6,8,4841,5295,2610,5018,1991,0,10090,4,4,2,2,4.786000,4.806000,30.840000,15.563000,0.042000,0.196000,9.488000,9.559000,0.013000,0.035000,0.071000,26.679000
hqc128,ED448,pqc,classic,off,32.460000,0 - default,2249,4433,114,7474.000000,6000.000000,1.245667,1162,1157,138,783,345,7,12,6041,7896,2610,5143,3148,2322,13891,5,6,4,2,4.821000,4.840000,31.340000,15.611000,0.044000,0.303000,9.472000,9.548000,0.012000,0.214000,0.249000,27.044000
p256_hqc128,MLDSA44,pqc-hybrid,pqc,off,38.260000,0 - default,2314,4498,2420,10427.000000,4800.000000,2.172292,1162,1157,222,6807,3931,8,13,4981,11586,2675,11123,1982,1,16521,4,4,7,4,9.379000,9.399000,37.110000,16.686000,0.047000,0.201000,9.643000,9.715000,0.011000,0.262000,0.315000,27.198000
p256_hqc128,MLDSA65,pqc-hybrid,pqc,off,38.470000,0 - default,2314,4498,3309,10427.000000,4800.000000,2.172292,1162,1157,222,9309,5460,8,15,4981,14088,2675,13551,1982,1,19023,4,4,9,4,9.416000,9.436000,37.233000,16.658000,0.048000,0.271000,9.622000,9.697000,0.011000,0.376000,0.432000,27.262000
p256_hqc128,MLDSA87,pqc-hybrid,pqc,off,40.230000,0 - default,2314,4498,4627,10427.000000,4800.000000,2.172292,1162,1157,264,12711,7418,9,18,5023,17490,2675,16842,1982,1,22467,4,4,12,5,9.435000,9.456000,38.625000,16.664000,0.061000,0.386000,9.598000,9.672000,0.011000,2.019000,2.085000,28.863000
p256_hqc128,p256_mldsa44,pqc-hybrid,pqc-hybrid,off,37.320000,0 - default,2314,4498,2496,10427.000000,4800.000000,2.172292,1162,1157,222,7016,4064,8,13,4981,11795,2675,11332,1982,1,16730,4,4,7,4,9.385000,9.405000,35.779000,16.592000,0.049000,0.546000,9.585000,9.821000,0.011000,0.303000,0.555000,27.486000
p256_hqc128,rsa3072_mldsa44,pqc-hybrid,pqc-hybrid,off,40.270000,0 - default,2314,4498,2808,10427.000000,4800.000000,2.172292,1162,1157,222,8015,4709,8,14,4981,12794,2675,12294,1982,1,17729,4,4,8,4,9.437000,9.457000,38.645000,16.580000,0.051000,0.651000,9.629000,9.847000,0.012000,2.633000,2.892000,29.808000
p256_hqc128,p384_mldsa65,pqc-hybrid,pqc-hybrid,off,38.690000,0 - default,2314,4498,3417,10427.000000,4800.000000,2.172292,1162,1157,222,9613,5656,8,15,4981,14392,2675,13855,1982,1,19327,4,4,9,4,9.381000,9.402000,36.457000,16.518000,0.057000,1.163000,9.570000,9.791000,0.011000,1.175000,1.437000,28.274000
p256_hqc128,p521_mldsa87,pqc-hybrid,pqc-hybrid,off,41.070000,0 - default,2314,4498,4769,10427.000000,4800.000000,2.172292,1162,1157,264,13119,7684,9,18,5023,17898,2675,17250,1982,1,22875,4,4,12,5,9.390000,9.410000,37.683000,16.712000,0.057000,2.021000,9.627000,9.847000,0.011000,2.246000,2.508000,29.514000
p256_hqc128,falcon512,pqc-hybrid,pqc,off,38.610000,0 - default,2314,4498,655,7159.000000,4800.000000,1.491458,1162,1157,180,2726,1741,7,10,4939,7505,2675,7153,1982,1,12398,4,4,4,3,9.378000,9.398000,37.424000,16.682000,0.045000,0.292000,9.563000,9.803000,0.010000,0.253000,0.512000,28.254000
p256_hqc128,falcon1024,pqc-hybrid,pqc,off,38.850000,0 - default,2314,4498,1272,9297.000000,4800.000000,1.936875,1162,1157,180,4938,3253,7,12,4939,9717,2675,9291,1982,1,14610,4,4,6,3,9.381000,9.401000,37.581000,16.658000,0.056000,0.330000,9.582000,9.818000,0.010000,0.484000,0.742000,27.702000
p256_hqc128,p256_falcon512,pqc-hybrid,pqc-hybrid,off,37.330000,0 - default,2314,4498,732,7380.000000,4800.000000,1.537500,1162,1157,180,2947,1885,7,10,4939,7726,2675,7374,1982,1,12619,4,4,4,3,9.377000,9.397000,35.787000,16.563000,0.057000,0.561000,9.584000,9.805000,0.011000,0.452000,0.710000,28.475000
p256_hqc128,rsa3072_falcon512,pqc-hybrid,pqc-hybrid,off,40.260000,0 - default,2314,4498,1046,8346.000000,4800.000000,1.738750,1162,1157,180,3950,2532,7,11,4939,8729,2675,8340,1982,1,13622,4,4,5,3,9.433000,9.454000,38.676000,16.648000,0.050000,0.664000,9.572000,9.779000,0.010000,2.712000,2.964000,29.880000
p256_hqc128,falconpadded512,pqc-hybrid,pqc,off,38.400000,0 - default,2314,4498,666,7179.000000,4800.000000,1.495625,1162,1157,180,2746,1750,7,10,4939,7525,2675,7173,1982,1,12418,4,4,4,3,9.415000,9.435000,37.189000,16.643000,0.051000,0.303000,9.559000,9.795000,0.011000,0.259000,0.511000,28.229000
p256_hqc128,p256_falconpadded512,pqc-hybrid,pqc-hybrid,off,37.290000,0 - default,2314,4498,740,7398.000000,4800.000000,1.541250,1162,1157,180,2965,1895,7,10,4939,7744,2675,7392,1982,1,12637,4,4,4,3,9.392000,9.412000,35.769000,16.622000,0.050000,0.564000,9.595000,9.814000,0.010000,0.455000,0.698000,28.498000
p256_hqc128,rsa3072_falconpadded512,pqc-hybrid,pqc-hybrid,off,40.500000,0 - default,2314,4498,1054,8362.000000,4800.000000,1.742083,1162,1157,180,3966,2540,7,11,4939,8745,2675,8356,1982,1,13638,4,4,5,3,9.391000,9.412000,38.881000,16.714000,0.062000,0.673000,9.584000,9.800000,0.012000,2.725000,2.974000,30.005000
p256_hqc128,p521_falcon1024,pqc-hybrid,pqc-hybrid,off,41.070000,0 - default,2314,4498,1413,9716.000000,4800.000000,2.024167,1162,1157,180,5357,3530,7,12,4939,10136,2675,9710,1982,1,15029,4,4,6,3,9.402000,9.422000,38.038000,16.655000,0.060000,1.988000,9.599000,9.831000,0.012000,2.530000,2.784000,29.827000
p256_hqc128,falconpadded1024,pqc-hybrid,pqc,off,38.800000,0 - default,2314,4498,1280,9312.000000,4800.000000,1.940000,1162,1157,180,4953,3260,7,12,4939,9732,2675,9306,1982,1,14625,4,4,6,3,9.426000,9.445000,37.555000,16.648000,0.052000,0.324000,9.606000,9.847000,0.011000,0.483000,0.742000,27.718000
p256_hqc128,p521_falconpadded1024,pqc-hybrid,pqc-hybrid,off,41.020000,0 - default,2314,4498,1423,9735.000000,4800.000000,2.028125,1162,1157,180,5376,3539,7,12,4939,10155,2675,9729,1982,1,15048,4,4,6,3,9.372000,9.393000,37.806000,16.584000,0.075000,2.044000,9.562000,9.797000,0.010000,2.532000,2.789000,29.777000
p256_hqc128,sphincssha2128fsimple,pqc-hybrid,pqc,off,46.380000,0 - default,2314,4498,17088,10427.000000,4800.000000,2.172292,1162,1157,348,35887,17305,11,37,5107,40666,2675,39315,1982,1,45727,4,4,31,7,9.453000,9.473000,44.144000,16.714000,0.071000,0.773000,9.630000,9.856000,0.033000,7.093000,7.414000,34.429000
p256_hqc128,p256_sphincssha2128fsimple,pqc-hybrid,pqc-hybrid,off,45.720000,0 - default,2314,4498,17162,10427.000000,4800.000000,2.172292,1162,1157,348,36150,17451,11,38,5107,40929,2675,39541,1982,1,45990,4,4,32,7,9.411000,9.434000,42.890000,16.695000,0.097000,1.099000,9.582000,9.845000,0.041000,7.310000,7.665000,34.833000
p256_hqc128,rsa3072_sphincssha2128fsimple,pqc-hybrid,pqc-hybrid,off,48.350000,0 - default,2314,4498,17476,10427.000000,4800.000000,2.172292,1162,1157,348,37114,18100,11,38,5107,41893,2675,40505,1982,1,46954,4,4,32,7,9.465000,9.486000,45.645000,16.705000,0.079000,1.182000,9.587000,9.806000,0.037000,9.537000,9.868000,36.842000
p256_hqc128,sphincssha2128ssimple,pqc-hybrid,pqc,off,185.650000,0 - default,2314,4498,7856,10427.000000,4800.000000,2.172292,1162,1157,222,16720,8072,8,21,4981,21499,2675,20740,1982,1,26434,4,4,15,4,9.497000,9.518000,183.784000,16.763000,0.081000,0.466000,9.575000,9.828000,0.013000,146.448000,146.759000,173.963000
p256_hqc128,p256_sphincssha2128ssimple,pqc-hybrid,pqc-hybrid,off,184.480000,0 - default,2314,4498,7931,10427.000000,4800.000000,2.172292,1162,1157,222,16983,8218,8,22,4981,21762,2675,20966,1982,1,26697,4,4,16,4,9.402000,9.422000,182.412000,16.659000,0.063000,0.747000,9.652000,9.869000,0.011000,146.916000,147.188000,174.194000
p256_hqc128,rsa3072_sphincssha2128ssimple,pqc-hybrid,pqc-hybrid,off,187.700000,0 - default,2314,4498,8244,10427.000000,4800.000000,2.172292,1162,1157,222,17946,8868,8,22,4981,22725,2675,21929,1982,1,27660,4,4,16,4,9.478000,9.500000,185.338000,16.764000,0.076000,0.913000,9.603000,9.829000,0.015000,148.964000,149.276000,176.521000
p256_hqc128,sphincssha2192fsimple,pqc-hybrid,pqc,off,53.170000,0 - default,2314,4498,35664,10427.000000,4800.000000,2.172292,1162,1157,558,74463,35897,16,69,5317,79242,2675,76707,1982,1,84513,4,4,63,12,9.637000,9.661000,49.679000,16.684000,0.114000,1.069000,9.611000,9.904000,0.058000,11.980000,29.868000,39.571000
p256_hqc128,p384_sphincssha2192fsimple,pqc-hybrid,pqc-hybrid,off,52.880000,0 - default,2314,4498,35771,10427.000000,4800.000000,2.172292,1162,1157,558,74825,36108,16,70,5317,79604,2675,77032,1982,1,84875,4,4,64,12,9.405000,9.425000,48.627000,16.745000,0.110000,1.914000,9.586000,9.856000,0.060000,12.905000,30.736000,40.405000
p256_hqc128,sphincssha2192ssimple,pqc-hybrid,pqc,off,303.880000,0 - default,2314,4498,16224,10427.000000,4800.000000,2.172292,1162,1157,306,34131,16457,10,36,5065,38910,2675,37596,1982,1,43929,4,4,30,6,9.483000,9.505000,301.630000,16.681000,0.089000,0.597000,9.592000,9.848000,0.040000,264.209000,264.555000,291.719000
p256_hqc128,p384_sphincssha2192ssimple,pqc-hybrid,pqc-hybrid,off,304.120000,0 - default,2314,4498,16331,10427.000000,4800.000000,2.172292,1162,1157,306,34448,16667,10,36,5065,39227,2675,37913,1982,1,44246,4,4,30,6,9.411000,9.432000,300.745000,16.663000,0.095000,1.462000,9.575000,9.815000,0.038000,265.128000,265.499000,292.705000
p256_hqc128,sphincssha2256fsimple,pqc-hybrid,pqc,off,65.350000,0 - default,2314,4498,49856,10427.000000,4800.000000,2.172292,1162,1157,688,103963,50105,19,94,5447,108742,2675,105282,1982,1,114143,4,4,88,15,9.457000,9.479000,61.652000,16.733000,0.149000,1.075000,9.579000,9.804000,0.071000,24.406000,42.714000,51.884000
p256_hqc128,p521_sphincssha2256fsimple,pqc-hybrid,pqc-hybrid,off,67.630000,0 - default,2314,4498,49999,10427.000000,4800.000000,2.172292,1162,1157,646,104388,50387,18,94,5405,109167,2675,105707,1982,1,114526,4,4,88,14,9.418000,9.438000,62.091000,16.672000,0.137000,2.761000,9.577000,9.830000,0.073000,26.536000,44.823000,54.008000
p256_hqc128,sphincssha2256ssimple,pqc-hybrid,pqc,off,279.870000,0 - default,2314,4498,29792,10427.000000,4800.000000,2.172292,1162,1157,474,62295,30041,14,59,5233,67074,2675,64909,1982,1,72261,4,4,53,10,9.415000,9.435000,277.160000,16.750000,0.118000,0.719000,9.569000,9.817000,0.047000,239.870000,240.274000,267.473000
p256_hqc128,p521_sphincssha2256ssimple,pqc-hybrid,pqc-hybrid,off,281.780000,0 - default,2314,4498,29934,10427.000000,4800.000000,2.172292,1162,1157,432,62764,30324,13,60,5191,67543,2675,65341,1982,1,72688,4,4,54,9,9.470000,9.491000,277.240000,16.784000,0.101000,2.391000,9.587000,9.841000,0.053000,241.450000,241.865000,269.112000
p256_hqc128,sphincsshake128fsimple,pqc-hybrid,pqc,off,55.380000,0 - default,2314,4498,17088,10427.000000,4800.000000,2.172292,1162,1157,306,35887,17305,10,37,5065,40666,2675,39315,1982,1,45685,4,4,31,6,9.384000,9.404000,52.476000,16.641000,0.094000,1.311000,9.573000,9.813000,0.040000,15.231000,15.579000,42.652000
p256_hqc128,p256_sphincsshake128fsimple,pqc-hybrid,pqc-hybrid,off,53.990000,0 - default,2314,4498,17163,10427.000000,4800.000000,2.172292,1162,1157,348,36149,17449,11,38,5107,40928,2675,39540,1982,1,45989,4,4,32,7,9.413000,9.434000,50.732000,16.620000,0.089000,1.625000,9.569000,9.789000,0.033000,15.401000,15.735000,42.694000
p256_hqc128,rsa3072_sphincsshake128fsimple,pqc-hybrid,pqc-hybrid,off,57.290000,0 - default,2314,4498,17476,10427.000000,4800.000000,2.172292,1162,1157,348,37114,18100,11,38,5107,41893,2675,40505,1982,1,46954,4,4,32,7,9.434000,9.455000,53.964000,16.753000,0.095000,1.740000,9.575000,9.795000,0.038000,17.711000,18.051000,45.165000
p256_hqc128,sphincsshake128ssimple,pqc-hybrid,pqc,off,355.330000,0 - default,2314,4498,7856,10427.000000,4800.000000,2.172292,1162,1157,222,16721,8073,8,21,4981,21500,2675,20741,1982,1,26435,4,4,15,4,9.413000,9.434000,353.261000,16.747000,0.089000,0.702000,9.572000,9.828000,0.013000,315.972000,316.278000,343.442000
p256_hqc128,p256_sphincsshake128ssimple,pqc-hybrid,pqc-hybrid,off,354.110000,0 - default,2314,4498,7931,10427.000000,4800.000000,2.172292,1162,1157,222,16983,8218,8,22,4981,21762,2675,20966,1982,1,26697,4,4,16,4,9.405000,9.425000,351.620000,16.803000,0.086000,0.974000,9.601000,9.835000,0.012000,315.907000,316.216000,343.486000
p256_hqc128,rsa3072_sphincsshake128ssimple,pqc-hybrid,pqc-hybrid,off,356.680000,0 - default,2314,4498,8244,10427.000000,4800.000000,2.172292,1162,1157,222,17946,8868,8,22,4981,22725,2675,21929,1982,1,27660,4,4,16,4,9.428000,9.449000,354.166000,16.670000,0.085000,1.102000,9.582000,9.810000,0.013000,318.092000,318.406000,345.484000
p256_hqc128,sphincsshake192fsimple,pqc-hybrid,pqc,off,65.350000,0 - default,2314,4498,35664,10427.000000,4800.000000,2.172292,1162,1157,558,74463,35897,16,69,5317,79242,2675,76707,1982,1,84513,4,4,63,12,9.447000,9.468000,61.448000,16.560000,0.099000,1.804000,9.560000,9.783000,0.055000,24.507000,42.076000,51.672000
p256_hqc128,p384_sphincsshake192fsimple,pqc-hybrid,pqc-hybrid,off,65.780000,0 - default,2314,4498,35771,10427.000000,4800.000000,2.172292,1162,1157,516,74825,36108,15,70,5275,79604,2675,77032,1982,1,84833,4,4,64,11,9.398000,9.418000,60.922000,16.699000,0.100000,2.697000,9.563000,9.799000,0.054000,25.469000,43.154000,52.772000
p256_hqc128,sphincsshake192ssimple,pqc-hybrid,pqc,off,605.940000,0 - default,2314,4498,16224,10427.000000,4800.000000,2.172292,1162,1157,306,34131,16457,10,36,5065,38910,2675,37596,1982,1,43929,4,4,30,6,9.442000,9.462000,603.234000,16.683000,0.107000,0.842000,9.580000,9.811000,0.033000,565.969000,566.330000,593.566000
p256_hqc128,p384_sphincsshake192ssimple,pqc-hybrid,pqc-hybrid,off,606.560000,0 - default,2314,4498,16331,10427.000000,4800.000000,2.172292,1162,1157,306,34450,16669,10,36,5065,39229,2675,37915,1982,1,44248,4,4,30,6,9.426000,9.447000,603.160000,16.761000,0.104000,1.713000,9.597000,9.834000,0.039000,567.408000,567.764000,594.957000
p256_hqc128,sphincsshake256fsimple,pqc-hybrid,pqc,off,92.810000,0 - default,2314,4498,49856,10427.000000,4800.000000,2.172292,1162,1157,690,103963,50105,19,94,5449,108742,2675,105282,1982,1,114145,4,4,88,15,9.431000,9.451000,88.339000,16.689000,0.131000,1.863000,9.578000,9.810000,0.079000,51.195000,69.404000,78.584000
p256_hqc128,p521_sphincsshake256fsimple,pqc-hybrid,pqc-hybrid,off,94.900000,0 - default,2314,4498,49998,10427.000000,4800.000000,2.172292,1162,1157,606,104387,50387,17,94,5365,109166,2675,105706,1982,1,114485,4,4,88,13,9.368000,9.389000,88.864000,16.735000,0.137000,3.545000,9.575000,9.812000,0.070000,53.297000,71.823000,80.806000
p256_hqc128,sphincsshake256ssimple,pqc-hybrid,pqc,off,522.340000,0 - default,2314,4498,29792,10427.000000,4800.000000,2.172292,1162,1157,390,62295,30041,12,59,5149,67074,2675,64909,1982,1,72177,4,4,53,8,9.398000,9.418000,519.325000,16.642000,0.109000,1.070000,9.572000,9.808000,0.048000,482.046000,482.451000,509.547000
p256_hqc128,p521_sphincsshake256ssimple,pqc-hybrid,pqc-hybrid,off,524.840000,0 - default,2314,4498,29935,10427.000000,4800.000000,2.172292,1162,1157,390,62765,30324,12,60,5149,67544,2675,65342,1982,1,72647,4,4,54,8,9.379000,9.400000,519.981000,16.811000,0.118000,2.710000,9.581000,9.829000,0.040000,483.974000,484.379000,511.653000
p256_hqc128,ED25519,pqc-hybrid,classic,off,37.870000,0 - default,2314,4498,64,5087.000000,4800.000000,1.059792,1162,1157,138,580,270,6,8,4841,5359,2675,5081,1926,1,10154,4,4,2,2,9.378000,9.399000,36.789000,16.592000,0.059000,0.180000,9.609000,9.691000,0.014000,0.035000,0.076000,27.993000
p256_hqc128,ED448,pqc-hybrid,classic,off,38.370000,0 - default,2314,4498,114,5212.000000,4800.000000,1.085833,1162,1157,138,705,345,6,8,4841,5484,2675,5206,1926,1,10279,4,4,2,2,9.398000,9.418000,37.060000,16.697000,0.083000,0.302000,9.615000,9.697000,0.014000,0.211000,0.251000,28.581000
x25519_hqc128,MLDSA44,pqc-hybrid,pqc,off,33.950000,0 - default,2281,4465,2420,10426.000000,4800.000000,2.172083,1162,1157,222,6807,3931,8,13,4981,11552,2642,11090,2015,0,16487,4,4,7,4,5.458000,5.480000,32.739000,15.712000,0.053000,0.212000,9.572000,9.649000,0.013000,0.974000,1.028000,26.885000
x25519_hqc128,MLDSA65,pqc-hybrid,pqc,off,34.200000,0 - default,2281,4465,3309,10426.000000,4800.000000,2.172083,1162,1157,222,9309,5460,8,15,4981,14054,2642,13518,2015,0,18989,4,4,9,4,5.428000,5.449000,32.857000,15.717000,0.068000,0.284000,9.561000,9.641000,0.014000,0.959000,1.018000,26.930000
x25519_hqc128,MLDSA87,pqc-hybrid,pqc,off,36.090000,0 - default,2281,4465,4627,10426.000000,4800.000000,2.172083,1162,1157,264,12711,7418,9,18,5023,17456,2642,16809,2015,0,22433,4,4,12,5,5.411000,5.432000,34.378000,15.631000,0.065000,0.391000,9.563000,9.645000,0.013000,2.649000,2.716000,28.484000
x25519_hqc128,p256_mldsa44,pqc-hybrid,pqc-hybrid,off,34.170000,0 - default,2281,4465,2495,10426.000000,4800.000000,2.172083,1162,1157,180,7015,4064,7,13,4939,11760,2642,11298,2015,0,16653,4,4,7,3,5.422000,5.443000,32.256000,15.673000,0.066000,0.729000,9.564000,9.791000,0.018000,0.362000,0.647000,27.710000
x25519_hqc128,rsa3072_mldsa44,pqc-hybrid,pqc-hybrid,off,36.250000,0 - default,2281,4465,2808,10426.000000,4800.000000,2.172083,1162,1157,222,8015,4709,8,14,4981,12760,2642,12261,2015,0,17695,4,4,8,4,5.453000,5.474000,34.497000,15.673000,0.068000,0.684000,9.551000,9.775000,0.013000,2.730000,2.987000,29.009000
x25519_hqc128,p384_mldsa65,pqc-hybrid,pqc-hybrid,off,35.340000,0 - default,2281,4465,3416,10426.000000,4800.000000,2.172083,1162,1157,222,9612,5656,8,15,4981,14357,2642,13821,2015,0,19292,4,4,9,4,5.419000,5.439000,32.808000,15.679000,0.072000,1.342000,9.555000,9.765000,0.013000,1.097000,1.371000,27.439000
x25519_hqc128,p521_mldsa87,pqc-hybrid,pqc-hybrid,off,37.540000,0 - default,2281,4465,4769,10426.000000,4800.000000,2.172083,1162,1157,264,13119,7684,9,18,5023,17864,2642,17217,2015,0,22841,4,4,12,5,5.435000,5.455000,33.816000,15.659000,0.074000,2.225000,9.553000,9.772000,0.013000,2.260000,2.527000,28.448000
x25519_hqc128,falcon512,pqc-hybrid,pqc,off,33.940000,0 - default,2281,4465,656,7126.000000,4800.000000,1.484583,1162,1157,138,2727,1741,6,10,4841,7472,2642,7121,1959,0,12267,4,4,4,2,5.391000,5.411000,32.640000,15.710000,0.065000,0.298000,9.563000,9.795000,0.016000,0.261000,0.548000,28.006000
x25519_hqc128,falcon1024,pqc-hybrid,pqc,off,34.120000,0 - default,2281,4465,1272,9259.000000,4800.000000,1.928958,1162,1157,180,4897,3253,7,11,4939,9642,2642,9254,2015,0,14535,4,4,5,3,5.420000,5.442000,32.804000,15.794000,0.060000,0.334000,9.549000,9.769000,0.013000,0.489000,0.744000,27.701000
x25519_hqc128,p256_falcon512,pqc-hybrid,pqc-hybrid,off,34.300000,0 - default,2281,4465,729,7343.000000,4800.000000,1.529792,1162,1157,180,2944,1885,7,10,4939,7689,2642,7338,2015,0,12582,4,4,4,3,5.398000,5.420000,32.390000,15.663000,0.073000,0.748000,9.580000,9.810000,0.014000,0.499000,0.752000,27.890000
x25519_hqc128,rsa3072_falcon512,pqc-hybrid,pqc-hybrid,off,36.010000,0 - default,2281,4465,1044,8310.000000,4800.000000,1.731250,1162,1157,180,3948,2532,7,11,4939,8693,2642,8305,2015,0,13586,4,4,5,3,5.478000,5.499000,34.368000,15.611000,0.060000,0.681000,9.555000,9.772000,0.012000,2.739000,2.992000,28.869000
x25519_hqc128,falconpadded512,pqc-hybrid,pqc,off,33.960000,0 - default,2281,4465,666,7145.000000,4800.000000,1.488542,1162,1157,138,2746,1750,6,10,4841,7491,2642,7140,1959,0,12286,4,4,4,2,5.423000,5.443000,32.711000,15.758000,0.071000,0.299000,9.579000,9.808000,0.014000,0.258000,0.516000,27.956000
x25519_hqc128,p256_falconpadded512,pqc-hybrid,pqc-hybrid,off,34.070000,0 - default,2281,4465,741,7365.000000,4800.000000,1.534375,1162,1157,138,2966,1895,6,10,4841,7711,2642,7360,1959,0,12506,4,4,4,2,5.428000,5.450000,32.302000,15.648000,0.074000,0.733000,9.587000,9.806000,0.014000,0.498000,0.754000,28.589000
x25519_hqc128,rsa3072_falconpadded512,pqc-hybrid,pqc-hybrid,off,36.250000,0 - default,2281,4465,1054,8328.000000,4800.000000,1.735000,1162,1157,138,3966,2540,6,11,4841,8711,2642,8323,1959,0,13506,4,4,5,2,5.417000,5.438000,34.597000,15.769000,0.066000,0.706000,9.554000,9.777000,0.014000,2.770000,3.030000,30.830000
x25519_hqc128,p521_falcon1024,pqc-hybrid,pqc-hybrid,off,37.630000,0 - default,2281,4465,1408,9677.000000,4800.000000,2.016042,1162,1157,180,5352,3530,7,12,4939,10097,2642,9672,2015,0,14990,4,4,6,3,5.448000,5.469000,34.394000,15.694000,0.064000,2.164000,9.555000,9.773000,0.012000,2.557000,2.807000,28.840000
x25519_hqc128,falconpadded1024,pqc-hybrid,pqc,off,34.000000,0 - default,2281,4465,1280,9278.000000,4800.000000,1.932917,1162,1157,180,4953,3260,7,12,4939,9698,2642,9273,2015,0,14591,4,4,6,3,5.414000,5.435000,32.677000,15.694000,0.066000,0.333000,9.551000,9.766000,0.013000,0.495000,0.755000,26.760000
x25519_hqc128,p521_falconpadded1024,pqc-hybrid,pqc-hybrid,off,37.490000,0 - default,2281,4465,1423,9701.000000,4800.000000,2.021042,1162,1157,180,5376,3539,7,12,4939,10121,2642,9696,2015,0,15014,4,4,6,3,5.387000,5.407000,34.269000,15.732000,0.058000,2.167000,9.553000,9.762000,0.012000,2.555000,2.813000,28.896000
x25519_hqc128,sphincssha2128fsimple,pqc-hybrid,pqc,off,41.820000,0 - default,2281,4465,17088,10426.000000,4800.000000,2.172083,1162,1157,390,35887,17305,12,37,5149,40632,2642,39282,2015,0,45735,4,4,31,8,5.396000,5.416000,39.447000,15.814000,0.085000,0.792000,9.571000,9.814000,0.037000,7.084000,7.444000,33.625000
x25519_hqc128,p256_sphincssha2128fsimple,pqc-hybrid,pqc-hybrid,off,42.090000,0 - default,2281,4465,17163,10426.000000,4800.000000,2.172083,1162,1157,348,36151,17451,11,38,5107,40896,2642,39509,2015,0,45957,4,4,32,7,5.428000,5.450000,39.137000,15.662000,0.084000,1.236000,9.576000,9.793000,0.049000,7.339000,7.713000,33.742000
x25519_hqc128,rsa3072_sphincssha2128fsimple,pqc-hybrid,pqc-hybrid,off,44.100000,0 - default,2281,4465,17476,10426.000000,4800.000000,2.172083,1162,1157,348,37114,18100,11,38,5107,41859,2642,40472,2015,0,46920,4,4,32,7,5.443000,5.464000,41.297000,15.668000,0.078000,1.203000,9.549000,9.760000,0.039000,9.579000,9.907000,35.825000
x25519_hqc128,sphincssha2128ssimple,pqc-hybrid,pqc,off,180.470000,0 - default,2281,4465,7856,10426.000000,4800.000000,2.172083,1162,1157,222,16720,8072,8,21,4981,21465,2642,20707,2015,0,26400,4,4,15,4,5.418000,5.438000,178.602000,15.703000,0.080000,0.466000,9.545000,9.771000,0.013000,146.285000,146.603000,172.744000
x25519_hqc128,p256_sphincssha2128ssimple,pqc-hybrid,pqc-hybrid,off,181.020000,0 - default,2281,4465,7932,10426.000000,4800.000000,2.172083,1162,1157,222,16983,8218,8,22,4981,21728,2642,20933,2015,0,26663,4,4,16,4,5.414000,5.434000,178.611000,15.802000,0.082000,0.902000,9.545000,9.760000,0.012000,146.852000,147.138000,173.290000
x25519_hqc128,rsa3072_sphincssha2128ssimple,pqc-hybrid,pqc-hybrid,off,183.150000,0 - default,2281,4465,8244,10426.000000,4800.000000,2.172083,1162,1157,222,17946,8868,8,22,4981,22691,2642,21896,2015,0,27626,4,4,16,4,5.417000,5.437000,180.871000,15.868000,0.082000,0.847000,9.559000,9.772000,0.013000,148.959000,149.258000,175.506000
x25519_hqc128,sphincssha2192fsimple,pqc-hybrid,pqc,off,47.420000,0 - default,2281,4465,35664,10426.000000,4800.000000,2.172083,1162,1157,558,74463,35897,16,69,5317,79208,2642,76674,2015,0,84479,4,4,63,12,5.429000,5.449000,44.272000,15.672000,0.102000,1.033000,9.627000,9.849000,0.054000,11.937000,28.666000,38.336000
x25519_hqc128,p384_sphincssha2192fsimple,pqc-hybrid,pqc-hybrid,off,48.830000,0 - default,2281,4465,35771,10426.000000,4800.000000,2.172083,1162,1157,558,74825,36108,16,70,5317,79570,2642,76999,2015,0,84841,4,4,64,12,5.406000,5.427000,44.652000,15.780000,0.096000,2.031000,9.543000,9.751000,0.052000,12.883000,29.670000,39.224000
x25519_hqc128,sphincssha2192ssimple,pqc-hybrid,pqc,off,299.240000,0 - default,2281,4465,16224,10426.000000,4800.000000,2.172083,1162,1157,306,34131,16457,10,36,5065,38876,2642,37563,2015,0,43895,4,4,30,6,5.432000,5.453000,297.013000,15.761000,0.079000,0.580000,9.549000,9.766000,0.034000,264.503000,264.843000,291.003000
x25519_hqc128,p384_sphincssha2192ssimple,pqc-hybrid,pqc-hybrid,off,300.620000,0 - default,2281,4465,16331,10426.000000,4800.000000,2.172083,1162,1157,306,34448,16667,10,36,5065,39193,2642,37880,2015,0,44212,4,4,30,6,5.427000,5.447000,297.258000,15.853000,0.088000,1.594000,9.585000,9.814000,0.038000,265.146000,265.514000,291.851000
x25519_hqc128,sphincssha2256fsimple,pqc-hybrid,pqc,off,60.270000,0 - default,2281,4465,49856,10426.000000,4800.000000,2.172083,1162,1157,648,103963,50105,18,94,5407,108708,2642,105249,2015,0,114069,4,4,88,14,5.417000,5.437000,56.626000,15.750000,0.118000,1.078000,9.563000,9.782000,0.069000,24.404000,41.674000,50.845000
x25519_hqc128,p521_sphincssha2256fsimple,pqc-hybrid,pqc-hybrid,off,64.040000,0 - default,2281,4465,49997,10426.000000,4800.000000,2.172083,1162,1157,652,104386,50387,18,94,5411,109131,2642,105672,2015,0,114496,4,4,88,14,5.421000,5.441000,58.475000,15.827000,0.133000,2.901000,9.553000,9.776000,0.083000,26.466000,44.235000,53.173000
x25519_hqc128,sphincssha2256ssimple,pqc-hybrid,pqc,off,281.110000,0 - default,2281,4465,0,10426.000000,4800.000000,2.172083,1162,1157,390,62295,30041,12,59,5149,67040,2642,64876,2015,0,72143,4,4,53,8,5.430000,5.450000,271.930000,15.718000,0.095000,0.761000,9.558000,9.770000,0.046000,239.530000,239.923000,266.010000
x25519_hqc128,p521_sphincssha2256ssimple,pqc-hybrid,pqc-hybrid,off,277.850000,0 - default,2281,4465,29935,10426.000000,4800.000000,2.172083,1162,1157,432,62765,30324,13,60,5191,67510,2642,65309,2015,0,72655,4,4,54,9,5.401000,5.421000,273.203000,15.686000,0.108000,2.528000,9.539000,9.752000,0.059000,241.393000,241.805000,267.877000
x25519_hqc128,sphincsshake128fsimple,pqc-hybrid,pqc,off,50.550000,0 - default,2281,4465,17088,10426.000000,4800.000000,2.172083,1162,1157,390,35887,17305,12,37,5149,40632,2642,39282,2015,0,45735,4,4,31,8,5.447000,5.469000,47.574000,15.821000,0.082000,1.309000,9.549000,9.766000,0.033000,15.207000,15.528000,41.699000
x25519_hqc128,p256_sphincsshake128fsimple,pqc-hybrid,pqc-hybrid,off,51.030000,0 - default,2281,4465,17163,10426.000000,4800.000000,2.172083,1162,1157,348,36149,17449,11,38,5107,40894,2642,39507,2015,0,45955,4,4,32,7,5.441000,5.461000,47.637000,15.633000,0.085000,1.740000,9.565000,9.787000,0.040000,15.837000,16.173000,42.136000
x25519_hqc128,rsa3072_sphincsshake128fsimple,pqc-hybrid,pqc-hybrid,off,52.890000,0 - default,2281,4465,17476,10426.000000,4800.000000,2.172083,1162,1157,348,37114,18100,11,38,5107,41859,2642,40472,2015,0,46920,4,4,32,7,5.385000,5.405000,49.510000,15.704000,0.082000,1.703000,9.535000,9.745000,0.037000,17.907000,18.235000,44.195000
x25519_hqc128,sphincsshake128ssimple,pqc-hybrid,pqc,off,349.870000,0 - default,2281,4465,7856,10426.000000,4800.000000,2.172083,1162,1157,222,16721,8073,8,21,4981,21466,2642,20708,2015,0,26401,4,4,15,4,5.413000,5.434000,347.776000,15.744000,0.086000,0.677000,9.579000,9.801000,0.013000,315.434000,315.734000,341.894000
x25519_hqc128,p256_sphincsshake128ssimple,pqc-hybrid,pqc-hybrid,off,350.940000,0 - default,2281,4465,7931,10426.000000,4800.000000,2.172083,1162,1157,222,16982,8218,8,22,4981,21727,2642,20932,2015,0,26662,4,4,16,4,5.428000,5.447000,348.277000,15.839000,0.086000,1.123000,9.577000,9.787000,0.012000,316.356000,316.646000,342.887000
x25519_hqc128,rsa3072_sphincsshake128ssimple,pqc-hybrid,pqc-hybrid,off,352.360000,0 - default,2281,4465,8244,10426.000000,4800.000000,2.172083,1162,1157,222,17946,8868,8,22,4981,22691,2642,21896,2015,0,27626,4,4,16,4,5.416000,5.436000,349.906000,15.800000,0.085000,1.074000,9.563000,9.781000,0.012000,318.153000,318.448000,344.580000
x25519_hqc128,sphincsshake192fsimple,pqc-hybrid,pqc,off,60.730000,0 - default,2281,4465,35664,10426.000000,4800.000000,2.172083,1162,1157,558,74463,35897,16,69,5317,79208,2642,76674,2015,0,84479,4,4,63,12,5.400000,5.421000,56.665000,15.734000,0.118000,1.842000,9.552000,9.768000,0.051000,24.510000,41.393000,50.936000
x25519_hqc128,p384_sphincsshake192fsimple,pqc-hybrid,pqc-hybrid,off,62.700000,0 - default,2281,4465,35771,10426.000000,4800.000000,2.172083,1162,1157,558,74825,36108,16,70,5317,79570,2642,76999,2015,0,84841,4,4,64,12,5.407000,5.428000,57.495000,15.672000,0.117000,2.865000,9.581000,9.809000,0.065000,25.598000,42.417000,52.024000
x25519_hqc128,sphincsshake192ssimple,pqc-hybrid,pqc,off,601.700000,0 - default,2281,4465,16224,10426.000000,4800.000000,2.172083,1162,1157,306,34131,16457,10,36,5065,38876,2642,37563,2015,0,43895,4,4,30,6,5.405000,5.425000,599.232000,15.732000,0.088000,0.844000,9.545000,9.760000,0.032000,566.891000,567.230000,593.355000
x25519_hqc128,p384_sphincsshake192ssimple,pqc-hybrid,pqc-hybrid,off,602.140000,0 - default,2281,4465,16331,10426.000000,4800.000000,2.172083,1162,1157,306,34450,16669,10,36,5065,39195,2642,37882,2015,0,44214,4,4,30,6,5.419000,5.439000,598.536000,15.661000,0.094000,1.860000,9.540000,9.759000,0.043000,566.687000,567.050000,593.092000
x25519_hqc128,sphincsshake256fsimple,pqc-hybrid,pqc,off,88.070000,0 - default,2281,4465,49856,10426.000000,4800.000000,2.172083,1162,1157,688,103963,50105,19,94,5447,108708,2642,105249,2015,0,114109,4,4,88,15,5.403000,5.424000,83.567000,15.811000,0.131000,1.870000,9.563000,9.783000,0.072000,51.201000,68.622000,77.764000
x25519_hqc128,p521_sphincsshake256fsimple,pqc-hybrid,pqc-hybrid,off,91.580000,0 - default,2281,4465,49999,10426.000000,4800.000000,2.172083,1162,1157,646,104388,50387,18,94,5405,109133,2642,105674,2015,0,114492,4,4,88,14,5.416000,5.436000,85.193000,15.677000,0.131000,3.714000,9.560000,9.770000,0.070000,53.306000,70.553000,79.705000
x25519_hqc128,sphincsshake256ssimple,pqc-hybrid,pqc,off,524.680000,0 - default,2281,4465,0,10426.000000,4800.000000,2.172083,1162,1157,390,62295,30041,12,59,5149,67040,2642,64876,2015,0,72143,4,4,53,8,5.425000,5.445000,515.410000,15.677000,0.097000,1.100000,9.548000,9.762000,0.046000,482.908000,483.301000,509.561000
x25519_hqc128,p521_sphincsshake256ssimple,pqc-hybrid,pqc-hybrid,off,521.060000,0 - default,2281,4465,29935,10426.000000,4800.000000,2.172083,1162,1157,390,62765,30324,12,60,5149,67510,2642,65309,2015,0,72613,4,4,54,8,5.421000,5.441000,515.921000,15.734000,0.111000,2.912000,9.593000,9.806000,0.048000,483.953000,484.369000,510.579000
x25519_hqc128,ED25519,pqc-hybrid,classic,off,32.820000,0 - default,2281,4465,64,5053.000000,4800.000000,1.052708,1162,1157,138,580,270,6,8,4841,5325,2642,5048,1959,0,10120,4,4,2,2,5.407000,5.429000,31.772000,15.706000,0.052000,0.193000,9.553000,9.631000,0.012000,0.034000,0.071000,26.953000
x25519_hqc128,ED448,pqc-hybrid,classic,off,33.150000,0 - default,2281,4465,114,5178.000000,4800.000000,1.078750,1162,1157,138,705,345,6,8,4841,5450,2642,5173,1959,0,10245,4,4,2,2,5.410000,5.431000,31.870000,15.669000,0.065000,0.319000,9.553000,9.624000,0.012000,0.215000,0.257000,27.359000
hqc192,MLDSA44,pqc,pqc,off,89.980000,0 - default,4522,8978,2420,11585.000000,7200.000000,1.609028,1162,1157,264,6809,3931,11,17,7423,16239,4893,15625,2088,0,23616,6,8,7,5,14.199000,14.220000,88.468000,44.372000,0.064000,0.215000,28.299000,28.391000,0.016000,0.358000,0.417000,73.815000
hqc192,MLDSA65,pqc,pqc,off,90.320000,0 - default,4522,8978,3309,21546.000000,8400.000000,2.565000,1162,1157,180,9387,5460,11,24,8569,22422,4893,18053,3245,3483,30910,7,11,11,3,14.239000,14.258000,89.070000,44.188000,0.054000,0.274000,28.387000,28.463000,0.012000,1.108000,1.164000,74.320000
hqc192,MLDSA87,pqc,pqc,off,90.010000,0 - default,4522,8978,4627,21554.000000,8400.000000,2.565952,1162,1157,222,12865,7418,12,27,8611,23003,4893,21344,3245,664,31533,7,9,16,4,14.199000,14.219000,88.519000,44.343000,0.063000,0.391000,28.308000,28.384000,0.012000,0.556000,0.619000,73.896000
hqc192,p256_mldsa44,pqc,pqc-hybrid,off,91.530000,0 - default,4522,8978,2495,11585.000000,7200.000000,1.609028,1162,1157,264,7017,4064,11,17,7423,16447,4893,15833,2088,0,23824,6,8,7,5,14.199000,14.219000,88.959000,44.347000,0.066000,1.180000,28.368000,28.605000,0.017000,0.352000,0.644000,74.234000
hqc192,rsa3072_mldsa44,pqc,pqc-hybrid,off,93.220000,0 - default,4522,8978,2808,20289.000000,8400.000000,2.415357,1162,1157,180,8093,4709,11,23,8569,21128,4893,16796,3245,3483,29616,7,11,10,3,14.219000,14.239000,91.064000,44.327000,0.066000,1.138000,28.331000,28.558000,0.012000,2.591000,2.845000,76.280000
hqc192,p384_mldsa65,pqc,pqc-hybrid,off,93.250000,0 - default,4522,8978,3416,11585.000000,7200.000000,1.609028,1162,1157,264,9614,5656,11,19,7423,19044,4893,18356,2088,0,26421,6,8,9,5,14.198000,14.220000,89.886000,44.407000,0.079000,1.786000,28.363000,28.625000,0.017000,1.113000,1.421000,75.152000
hqc192,p521_mldsa87,pqc,pqc-hybrid,off,94.510000,0 - default,4522,8978,4770,21145.000000,8400.000000,2.517262,1162,1157,222,13274,7684,12,27,8611,23003,4893,21753,3245,255,31533,7,9,16,4,14.205000,14.226000,90.626000,44.301000,0.078000,2.629000,28.333000,28.560000,0.014000,2.220000,2.498000,75.971000
hqc192,falcon512,pqc,pqc,off,90.050000,0 - default,4522,8978,658,15151.000000,8400.000000,1.803690,1162,1157,180,2807,1741,11,19,8569,15842,4893,11658,3245,3483,24330,7,11,6,3,14.223000,14.243000,88.701000,44.358000,0.070000,0.304000,28.353000,28.593000,0.014000,0.248000,0.490000,75.017000
hqc192,falcon1024,pqc,pqc,off,90.450000,0 - default,4522,8978,1268,17278.000000,8400.000000,2.056905,1162,1157,180,4971,3253,11,20,8569,18006,4893,13785,3245,3483,26494,7,11,7,3,14.204000,14.225000,89.115000,44.518000,0.061000,0.340000,28.303000,28.521000,0.013000,0.465000,0.707000,74.281000
hqc192,p256_falcon512,pqc,pqc-hybrid,off,91.030000,0 - default,4522,8978,729,15366.000000,8400.000000,1.829286,1162,1157,180,3022,1885,11,19,8569,16057,4893,11873,3245,3483,24545,7,11,6,3,14.224000,14.245000,88.924000,44.434000,0.053000,1.121000,28.267000,28.492000,0.012000,0.497000,0.740000,75.134000
hqc192,rsa3072_falcon512,pqc,pqc-hybrid,off,93.350000,0 - default,4522,8978,1039,16328.000000,8400.000000,1.943810,1162,1157,180,4021,2532,11,20,8569,17056,4893,12835,3245,3483,25544,7,11,7,3,14.184000,14.204000,91.192000,44.281000,0.065000,1.141000,28.329000,28.575000,0.015000,2.758000,3.030000,76.479000
hqc192,falconpadded512,pqc,pqc,off,90.170000,0 - default,4522,8978,666,15168.000000,8400.000000,1.805714,1162,1157,180,2824,1750,11,19,8569,15859,4893,11675,3245,3483,24347,7,11,6,3,14.244000,14.264000,88.876000,44.380000,0.059000,0.296000,28.329000,28.545000,0.014000,0.259000,0.512000,74.949000
hqc192,p256_falconpadded512,pqc,pqc-hybrid,off,91.410000,0 - default,4522,8978,741,11585.000000,7200.000000,1.609028,1162,1157,222,2968,1895,10,14,7381,12398,4893,11895,2088,0,19733,6,8,4,4,14.186000,14.207000,89.080000,44.296000,0.068000,1.189000,28.315000,28.568000,0.016000,0.510000,0.787000,74.386000
hqc192,rsa3072_falconpadded512,pqc,pqc-hybrid,off,93.120000,0 - default,4522,8978,1054,16351.000000,8400.000000,1.946548,1162,1157,180,4044,2540,11,20,8569,17079,4893,12858,3245,3483,25567,7,11,7,3,14.228000,14.249000,91.011000,44.366000,0.060000,1.124000,28.295000,28.515000,0.012000,2.757000,3.000000,76.412000
hqc192,p521_falcon1024,pqc,pqc-hybrid,off,94.440000,0 - default,4522,8978,1412,17704.000000,8400.000000,2.107619,1162,1157,180,5434,3530,11,21,8569,18469,4893,14211,3245,3483,26957,7,11,8,3,14.216000,14.236000,90.788000,44.185000,0.063000,2.580000,28.318000,28.535000,0.012000,2.531000,2.781000,76.028000
hqc192,falconpadded1024,pqc,pqc,off,90.020000,0 - default,4522,8978,1280,17297.000000,8400.000000,2.059167,1162,1157,180,4990,3260,11,20,8569,18025,4893,13804,3245,3483,26513,7,11,7,3,14.234000,14.254000,88.754000,44.274000,0.055000,0.338000,28.304000,28.520000,0.013000,0.469000,0.706000,74.013000
hqc192,p521_falconpadded1024,pqc,pqc-hybrid,off,94.590000,0 - default,4522,8978,1422,17723.000000,8400.000000,2.109881,1162,1157,180,5453,3539,11,21,8569,18488,4893,14230,3245,3483,26976,7,11,8,3,14.239000,14.259000,90.811000,44.231000,0.077000,2.612000,28.313000,28.544000,0.015000,2.546000,2.802000,76.163000
hqc192,sphincssha2128fsimple,pqc,pqc,off,97.740000,0 - default,4522,8978,17088,20891.000000,8400.000000,2.487024,1162,1157,306,35889,17305,13,42,8665,45359,4893,43817,3245,1,53978,7,9,31,6,14.227000,14.247000,95.489000,44.374000,0.086000,0.794000,28.313000,28.528000,0.012000,7.062000,7.361000,80.823000
hqc192,p256_sphincssha2128fsimple,pqc,pqc-hybrid,off,99.310000,0 - default,4522,8978,17162,11585.000000,7200.000000,1.609028,1162,1157,390,36111,17451,14,41,7549,45541,4893,44039,2088,0,53044,6,8,31,8,14.196000,14.216000,95.848000,44.313000,0.094000,1.690000,28.310000,28.558000,0.017000,7.347000,7.669000,81.183000
hqc192,rsa3072_sphincssha2128fsimple,pqc,pqc-hybrid,off,101.000000,0 - default,4522,8978,17476,20891.000000,8400.000000,2.487024,1162,1157,306,37116,18100,13,43,8665,46586,4893,45007,3245,1,55205,7,9,32,6,14.216000,14.236000,98.000000,44.351000,0.081000,1.598000,28.280000,28.502000,0.035000,9.541000,9.867000,83.253000
hqc192,sphincssha2128ssimple,pqc,pqc,off,236.960000,0 - default,4522,8978,7856,11585.000000,7200.000000,1.609028,1162,1157,222,16722,8072,10,25,7381,26152,4893,25242,2088,0,33487,6,8,15,4,14.221000,14.243000,235.099000,44.427000,0.086000,0.451000,28.293000,28.546000,0.015000,146.371000,146.665000,220.307000
hqc192,p256_sphincssha2128ssimple,pqc,pqc-hybrid,off,238.090000,0 - default,4522,8978,7931,11585.000000,7200.000000,1.609028,1162,1157,222,16943,8218,10,25,7381,26373,4893,25463,2088,0,33708,6,8,15,4,14.234000,14.254000,235.361000,44.425000,0.080000,1.321000,28.275000,28.495000,0.012000,146.848000,147.124000,220.615000
hqc192,rsa3072_sphincssha2128ssimple,pqc,pqc-hybrid,off,240.330000,0 - default,4522,8978,8244,11585.000000,7200.000000,1.609028,1162,1157,264,17950,8868,11,26,7423,27380,4893,26433,2088,0,34757,6,8,16,5,14.328000,14.349000,237.612000,44.441000,0.080000,1.305000,28.332000,28.588000,0.018000,148.842000,149.173000,222.877000
hqc192,sphincssha2192fsimple,pqc,pqc,off,103.500000,0 - default,4522,8978,35664,11585.000000,7200.000000,1.609028,1162,1157,558,74467,35897,18,73,7717,83897,4893,81211,2088,0,91568,6,8,63,12,14.189000,14.209000,100.301000,44.355000,0.119000,1.058000,28.292000,28.516000,0.052000,11.913000,57.556000,85.754000
hqc192,p384_sphincssha2192fsimple,pqc,pqc-hybrid,off,106.250000,0 - default,4522,8978,35770,20891.000000,8400.000000,2.487024,1162,1157,432,74826,36108,16,75,8791,84296,4893,81533,3245,1,93041,7,9,64,9,14.224000,14.244000,101.511000,44.420000,0.122000,2.512000,28.318000,28.541000,0.052000,12.942000,58.516000,86.869000
hqc192,sphincssha2192ssimple,pqc,pqc,off,354.590000,0 - default,4522,8978,16224,11585.000000,7200.000000,1.609028,1162,1157,306,34135,16457,12,40,7465,43565,4893,42100,2088,0,50984,6,8,30,6,14.214000,14.236000,352.462000,44.309000,0.094000,0.589000,28.283000,28.504000,0.014000,263.966000,264.283000,337.745000
hqc192,p384_sphincssha2192ssimple,pqc,pqc-hybrid,off,357.260000,0 - default,4522,8978,16330,11585.000000,7200.000000,1.609028,1162,1157,348,34451,16667,13,40,7507,43881,4893,42416,2088,0,51342,6,8,30,7,14.185000,14.206000,353.442000,44.311000,0.095000,2.037000,28.275000,28.500000,0.018000,265.004000,265.364000,338.859000
hqc192,sphincssha2256fsimple,pqc,pqc,off,116.970000,0 - default,4522,8978,49856,11585.000000,7200.000000,1.609028,1162,1157,646,103967,50105,20,98,7805,113397,4893,109786,2088,0,121156,6,8,88,14,14.186000,14.207000,113.211000,44.276000,0.128000,1.077000,28.357000,28.597000,0.072000,24.541000,70.560000,98.511000
hqc192,p521_sphincssha2256fsimple,pqc,pqc-hybrid,off,120.850000,0 - default,4522,8978,49999,20891.000000,8400.000000,2.487024,1162,1157,562,104390,50387,19,99,8921,113860,4893,110209,3245,1,122735,7,9,88,12,14.192000,14.213000,115.057000,44.402000,0.126000,3.317000,28.277000,28.503000,0.072000,26.456000,72.825000,100.410000
hqc192,sphincssha2256ssimple,pqc,pqc,off,330.890000,0 - default,4522,8978,29792,11585.000000,7200.000000,1.609028,1162,1157,432,62299,30041,15,63,7591,71729,4893,69413,2088,0,79274,6,8,53,9,14.187000,14.209000,328.170000,44.226000,0.108000,0.707000,28.296000,28.526000,0.052000,239.687000,240.104000,313.592000
hqc192,p521_sphincssha2256ssimple,pqc,pqc-hybrid,off,335.630000,0 - default,4522,8978,29935,11585.000000,7200.000000,1.609028,1162,1157,432,62769,30324,15,64,7591,72199,4893,69846,2088,0,79744,6,8,54,9,14.218000,14.239000,330.445000,44.316000,0.106000,2.989000,28.331000,28.577000,0.050000,241.681000,242.091000,315.711000
hqc192,sphincsshake128fsimple,pqc,pqc,off,106.750000,0 - default,4522,8978,17088,11585.000000,7200.000000,1.609028,1162,1157,390,35891,17305,14,41,7549,45321,4893,43819,2088,0,52824,6,8,31,8,14.229000,14.249000,103.817000,44.310000,0.093000,1.298000,28.345000,28.574000,0.017000,15.308000,15.653000,89.168000
hqc192,p256_sphincsshake128fsimple,pqc,pqc-hybrid,off,107.940000,0 - default,4522,8978,17163,11585.000000,7200.000000,1.609028,1162,1157,390,36110,17449,14,41,7549,45540,4893,44038,2088,0,53043,6,8,31,8,14.235000,14.258000,103.988000,44.279000,0.097000,2.201000,28.283000,28.534000,0.017000,15.550000,15.884000,89.330000
hqc192,rsa3072_sphincsshake128fsimple,pqc,pqc-hybrid,off,110.190000,0 - default,4522,8978,17476,11585.000000,7200.000000,1.609028,1162,1157,390,37118,18100,14,42,7549,46548,4893,45009,2088,0,54051,6,8,32,8,14.209000,14.230000,106.340000,44.398000,0.096000,2.174000,28.306000,28.543000,0.038000,17.733000,18.101000,91.711000
hqc192,sphincsshake128ssimple,pqc,pqc,off,406.480000,0 - default,4522,8978,7856,11585.000000,7200.000000,1.609028,1162,1157,222,16723,8073,10,25,7381,26153,4893,25243,2088,0,33488,6,8,15,4,14.226000,14.247000,404.377000,44.314000,0.081000,0.682000,28.375000,28.595000,0.020000,315.850000,316.164000,389.755000
hqc192,p256_sphincsshake128ssimple,pqc,pqc-hybrid,off,407.350000,0 - default,4522,8978,7932,11585.000000,7200.000000,1.609028,1162,1157,222,16944,8218,10,25,7381,26374,4893,25464,2088,0,33709,6,8,15,4,14.237000,14.258000,404.224000,44.439000,0.099000,1.575000,28.284000,28.526000,0.016000,315.589000,315.904000,389.572000
hqc192,rsa3072_sphincsshake128ssimple,pqc,pqc-hybrid,off,410.080000,0 - default,4522,8978,8244,11585.000000,7200.000000,1.609028,1162,1157,222,17950,8868,10,26,7381,27380,4893,26433,2088,0,34715,6,8,16,4,14.218000,14.238000,407.089000,44.291000,0.090000,1.539000,28.334000,28.577000,0.015000,318.467000,318.787000,392.353000
hqc192,sphincsshake192fsimple,pqc,pqc,off,117.100000,0 - default,4522,8978,35664,20891.000000,8400.000000,2.487024,1162,1157,474,74465,35897,17,74,8833,83935,4893,81209,3245,1,92722,7,9,63,10,14.195000,14.216000,113.183000,44.340000,0.132000,1.866000,28.320000,28.568000,0.058000,24.574000,70.127000,98.520000
hqc192,p384_sphincsshake192fsimple,pqc,pqc-hybrid,off,119.840000,0 - default,4522,8978,35772,11585.000000,7200.000000,1.609028,1162,1157,474,74830,36108,16,74,7633,84260,4893,81537,2088,0,91847,6,8,64,10,14.225000,14.247000,114.083000,44.277000,0.131000,3.284000,28.338000,28.577000,0.055000,25.567000,71.106000,99.497000
hqc192,sphincsshake192ssimple,pqc,pqc,off,656.670000,0 - default,4522,8978,16224,11585.000000,7200.000000,1.609028,1162,1157,306,34135,16457,12,40,7465,43565,4893,42100,2088,0,50984,6,8,30,6,14.212000,14.233000,654.374000,44.343000,0.096000,0.823000,28.304000,28.549000,0.016000,565.846000,566.186000,639.705000
hqc192,p384_sphincsshake192ssimple,pqc,pqc-hybrid,off,661.920000,0 - default,4522,8978,16331,11585.000000,7200.000000,1.609028,1162,1157,348,34454,16669,13,40,7507,43884,4893,42419,2088,0,51345,6,8,30,7,14.265000,14.285000,657.789000,44.427000,0.100000,2.313000,28.304000,28.526000,0.012000,569.127000,569.444000,643.104000
hqc192,sphincsshake256fsimple,pqc,pqc,off,144.270000,0 - default,4522,8978,49856,11585.000000,7200.000000,1.609028,1162,1157,604,103967,50105,19,98,7763,113397,4893,109786,2088,0,121114,6,8,88,13,14.225000,14.246000,139.962000,44.392000,0.131000,1.873000,28.331000,28.569000,0.075000,51.199000,97.551000,125.278000
hqc192,p521_sphincsshake256fsimple,pqc,pqc-hybrid,off,148.510000,0 - default,4522,8978,49999,20891.000000,8400.000000,2.487024,1162,1157,562,104390,50387,19,99,8921,113860,4893,110209,3245,1,122735,7,9,88,12,14.211000,14.232000,141.884000,44.329000,0.133000,4.142000,28.290000,28.513000,0.071000,53.333000,99.648000,127.219000
hqc192,sphincsshake256ssimple,pqc,pqc,off,573.740000,0 - default,4522,8978,29792,11585.000000,7200.000000,1.609028,1162,1157,432,62299,30041,15,63,7591,71729,4893,69413,2088,0,79274,6,8,53,9,14.206000,14.227000,570.707000,44.412000,0.115000,1.055000,28.285000,28.501000,0.046000,482.011000,482.405000,556.022000
hqc192,p521_sphincsshake256ssimple,pqc,pqc-hybrid,off,579.320000,0 - default,4522,8978,29935,11585.000000,7200.000000,1.609028,1162,1157,432,62769,30324,15,64,7591,72199,4893,69846,2088,0,79744,6,8,54,9,14.261000,14.280000,573.817000,44.206000,0.116000,3.315000,28.366000,28.590000,0.046000,485.251000,485.657000,559.161000
hqc192,ED25519,pqc,classic,off,89.220000,0 - default,4522,8978,64,13076.000000,8400.000000,1.556667,1162,1157,138,658,270,9,17,8441,13688,4893,9583,3189,3483,22083,7,11,4,2,14.200000,14.220000,88.191000,44.438000,0.054000,0.178000,28.341000,28.422000,0.014000,0.036000,0.077000,74.579000
hqc192,ED448,pqc,classic,off,89.920000,0 - default,4522,8978,114,9713.000000,7200.000000,1.349028,1162,1157,180,707,345,9,12,7339,10137,4893,9708,2088,0,17430,6,8,2,3,14.186000,14.206000,88.615000,44.438000,0.066000,0.305000,28.398000,28.485000,0.016000,0.213000,0.257000,73.851000
p384_hqc192,MLDSA44,pqc-hybrid,pqc,off,98.200000,0 - default,4619,9075,2420,19215.000000,8400.000000,2.287500,1162,1157,180,6885,3931,11,22,8569,20017,4990,15722,3148,3483,28505,7,11,9,3,19.536000,19.556000,96.993000,46.020000,0.063000,0.205000,29.785000,29.864000,0.011000,0.574000,0.625000,77.069000
p384_hqc192,MLDSA65,pqc-hybrid,pqc,off,101.100000,0 - default,4619,9075,3309,20481.000000,8400.000000,2.438214,1162,1157,180,9387,5460,11,23,8569,21320,4990,18150,3148,2322,29807,7,10,11,3,19.610000,19.631000,99.692000,46.032000,0.062000,0.288000,29.795000,29.890000,0.015000,3.005000,3.081000,79.679000
p384_hqc192,MLDSA87,pqc-hybrid,pqc,off,98.630000,0 - default,4619,9075,4627,21446.000000,8400.000000,2.553095,1162,1157,180,12713,7418,10,22,8539,22241,4990,21441,3148,0,30733,7,8,12,3,19.560000,19.580000,97.214000,45.967000,0.057000,0.396000,29.841000,29.920000,0.012000,0.768000,0.832000,77.241000
p384_hqc192,p256_mldsa44,pqc-hybrid,pqc-hybrid,off,97.380000,0 - default,4619,9075,2495,11585.000000,7200.000000,1.609028,1162,1157,264,7017,4064,11,17,7423,16544,4990,15930,1991,0,23921,6,8,7,5,19.547000,19.567000,95.536000,45.955000,0.064000,0.571000,29.812000,30.056000,0.013000,0.351000,0.614000,77.173000
p384_hqc192,rsa3072_mldsa44,pqc-hybrid,pqc-hybrid,off,100.130000,0 - default,4619,9075,2808,20386.000000,8400.000000,2.426905,1162,1157,180,8093,4709,11,23,8569,21225,4990,16893,3148,3483,29713,7,11,10,3,19.500000,19.522000,98.467000,46.017000,0.055000,0.678000,29.764000,29.985000,0.012000,2.658000,2.924000,79.476000
p384_hqc192,p384_mldsa65,pqc-hybrid,pqc-hybrid,off,98.780000,0 - default,4619,9075,3415,20783.000000,8400.000000,2.474167,1162,1157,180,9689,5656,11,23,8569,21622,4990,18452,3148,2322,30109,7,10,11,3,19.514000,19.534000,96.384000,46.047000,0.075000,1.198000,29.794000,30.028000,0.015000,1.166000,1.434000,78.111000
p384_hqc192,p521_mldsa87,pqc-hybrid,pqc-hybrid,off,100.830000,0 - default,4619,9075,4770,21048.000000,8400.000000,2.505714,1162,1157,222,13274,7684,12,27,8611,23003,4990,21850,3148,158,31533,7,9,16,4,19.522000,19.541000,97.535000,45.959000,0.077000,2.047000,29.834000,30.058000,0.011000,2.313000,2.585000,79.198000
p384_hqc192,falcon512,pqc-hybrid,pqc,off,98.360000,0 - default,4619,9075,654,15244.000000,8400.000000,1.814762,1162,1157,180,2803,1741,11,19,8569,15935,4990,11751,3148,3483,24423,7,11,6,3,19.567000,19.587000,97.165000,46.051000,0.052000,0.287000,29.762000,30.001000,0.012000,0.263000,0.516000,77.933000
p384_hqc192,falcon1024,pqc-hybrid,pqc,off,98.550000,0 - default,4619,9075,1274,17381.000000,8400.000000,2.069167,1162,1157,180,4977,3253,11,20,8569,18109,4990,13888,3148,3483,26597,7,11,7,3,19.573000,19.598000,97.286000,45.928000,0.053000,0.330000,29.784000,30.022000,0.011000,0.464000,0.716000,77.178000
p384_hqc192,p256_falcon512,pqc-hybrid,pqc-hybrid,off,97.270000,0 - default,4619,9075,730,15464.000000,8400.000000,1.840952,1162,1157,180,3023,1885,11,19,8569,16155,4990,11971,3148,3483,24643,7,11,6,3,19.547000,19.566000,95.739000,46.036000,0.055000,0.561000,29.805000,30.042000,0.011000,0.455000,0.707000,78.257000
p384_hqc192,rsa3072_falcon512,pqc-hybrid,pqc-hybrid,off,100.150000,0 - default,4619,9075,1041,16427.000000,8400.000000,1.955595,1162,1157,180,4023,2532,11,20,8569,17155,4990,12934,3148,3483,25643,7,11,7,3,19.676000,19.697000,98.502000,46.015000,0.058000,0.691000,29.831000,30.052000,0.010000,2.721000,2.974000,79.569000
p384_hqc192,falconpadded512,pqc-hybrid,pqc,off,98.360000,0 - default,4619,9075,666,15265.000000,8400.000000,1.817262,1162,1157,180,2824,1750,11,19,8569,15956,4990,11772,3148,3483,24444,7,11,6,3,19.539000,19.560000,97.086000,45.972000,0.053000,0.300000,29.771000,30.006000,0.011000,0.255000,0.498000,77.917000
p384_hqc192,p256_falconpadded512,pqc-hybrid,pqc-hybrid,off,97.230000,0 - default,4619,9075,741,15485.000000,8400.000000,1.843452,1162,1157,180,3044,1895,11,19,8569,16176,4990,11992,3148,3483,24664,7,11,6,3,19.480000,19.500000,95.679000,45.933000,0.056000,0.574000,29.857000,30.078000,0.011000,0.464000,0.717000,78.184000
p384_hqc192,rsa3072_falconpadded512,pqc-hybrid,pqc-hybrid,off,100.420000,0 - default,4619,9075,1054,16448.000000,8400.000000,1.958095,1162,1157,180,4044,2540,11,20,8569,17176,4990,12955,3148,3483,25664,7,11,7,3,19.538000,19.558000,98.630000,45.969000,0.068000,0.722000,29.811000,30.059000,0.015000,2.752000,3.020000,79.674000
p384_hqc192,p521_falcon1024,pqc-hybrid,pqc-hybrid,off,100.920000,0 - default,4619,9075,1414,17803.000000,8400.000000,2.119405,1162,1157,180,5436,3530,11,21,8569,18568,4990,14310,3148,3483,27056,7,11,8,3,19.580000,19.600000,97.818000,46.015000,0.064000,2.016000,29.831000,30.068000,0.011000,2.522000,2.777000,79.424000
p384_hqc192,falconpadded1024,pqc-hybrid,pqc,off,99.030000,0 - default,4619,9075,1280,11585.000000,7200.000000,1.609028,1162,1157,222,4914,3260,10,15,7381,14441,4990,13901,1991,0,21776,6,8,5,4,19.602000,19.623000,97.448000,45.966000,0.073000,0.346000,29.794000,30.053000,0.015000,0.475000,0.760000,77.405000
p384_hqc192,p521_falconpadded1024,pqc-hybrid,pqc-hybrid,off,100.690000,0 - default,4619,9075,1422,17820.000000,8400.000000,2.121429,1162,1157,180,5453,3539,11,21,8569,18585,4990,14327,3148,3483,27073,7,11,8,3,19.566000,19.586000,97.597000,45.863000,0.065000,2.004000,29.830000,30.073000,0.012000,2.540000,2.794000,79.290000
p384_hqc192,sphincssha2128fsimple,pqc-hybrid,pqc,off,106.110000,0 - default,4619,9075,17088,20891.000000,8400.000000,2.487024,1162,1157,306,35889,17305,13,42,8665,45456,4990,43914,3148,1,54075,7,9,31,6,19.556000,19.575000,103.930000,45.946000,0.088000,0.777000,29.783000,30.023000,0.012000,7.098000,7.398000,83.924000
p384_hqc192,p256_sphincssha2128fsimple,pqc-hybrid,pqc-hybrid,off,105.250000,0 - default,4619,9075,17164,20891.000000,8400.000000,2.487024,1162,1157,306,36111,17451,13,42,8665,45678,4990,44136,3148,1,54297,7,9,31,6,19.584000,19.604000,102.483000,45.912000,0.094000,1.107000,29.784000,30.039000,0.012000,7.310000,7.618000,84.208000
p384_hqc192,rsa3072_sphincssha2128fsimple,pqc-hybrid,pqc-hybrid,off,107.930000,0 - default,4619,9075,17476,20891.000000,8400.000000,2.487024,1162,1157,306,37116,18100,13,43,8665,46683,4990,45104,3148,1,55302,7,9,32,6,19.520000,19.540000,105.269000,45.985000,0.081000,1.212000,29.790000,30.010000,0.012000,9.552000,9.859000,86.424000
p384_hqc192,sphincssha2128ssimple,pqc-hybrid,pqc,off,245.510000,0 - default,4619,9075,7856,11585.000000,7200.000000,1.609028,1162,1157,222,16722,8072,10,25,7381,26249,4990,25339,1991,0,33584,6,8,15,4,19.514000,19.535000,243.639000,45.987000,0.081000,0.441000,29.909000,30.202000,0.017000,146.389000,146.748000,223.672000
p384_hqc192,p256_sphincssha2128ssimple,pqc-hybrid,pqc-hybrid,off,244.370000,0 - default,4619,9075,7931,11585.000000,7200.000000,1.609028,1162,1157,222,16984,8218,10,26,7381,26511,4990,25564,1991,0,33846,6,8,16,4,19.524000,19.543000,241.912000,46.086000,0.092000,0.784000,29.795000,30.049000,0.015000,146.456000,146.773000,223.668000
p384_hqc192,rsa3072_sphincssha2128ssimple,pqc-hybrid,pqc-hybrid,off,247.560000,0 - default,4619,9075,8244,11585.000000,7200.000000,1.609028,1162,1157,222,17948,8868,10,26,7381,27475,4990,26528,1991,0,34810,6,8,16,4,19.549000,19.571000,245.167000,46.112000,0.088000,0.880000,29.895000,30.133000,0.016000,148.957000,149.292000,226.282000
p384_hqc192,sphincssha2192fsimple,pqc-hybrid,pqc,off,112.030000,0 - default,4619,9075,35664,20891.000000,8400.000000,2.487024,1162,1157,474,74465,35897,17,74,8833,84032,4990,81306,3148,1,92819,7,9,63,10,19.542000,19.563000,108.995000,46.149000,0.095000,1.062000,29.819000,30.048000,0.054000,11.970000,59.168000,89.050000
p384_hqc192,p384_sphincssha2192fsimple,pqc-hybrid,pqc-hybrid,off,112.000000,0 - default,4619,9075,35771,20891.000000,8400.000000,2.487024,1162,1157,474,74827,36108,17,75,8833,84394,4990,81631,3148,1,93181,7,9,64,10,19.467000,19.487000,108.012000,45.952000,0.092000,1.901000,29.786000,30.040000,0.050000,12.874000,59.875000,89.745000
p384_hqc192,sphincssha2192ssimple,pqc-hybrid,pqc,off,364.020000,0 - default,4619,9075,16224,11585.000000,7200.000000,1.609028,1162,1157,348,34133,16457,13,40,7507,43660,4990,42195,1991,0,51121,6,8,30,7,19.571000,19.591000,361.862000,46.034000,0.087000,0.576000,29.837000,30.080000,0.013000,264.825000,265.142000,341.894000
p384_hqc192,p384_sphincssha2192ssimple,pqc-hybrid,pqc-hybrid,off,365.090000,0 - default,4619,9075,16330,11585.000000,7200.000000,1.609028,1162,1157,348,34449,16667,13,40,7507,43976,4990,42511,1991,0,51437,6,8,30,7,19.612000,19.633000,361.825000,46.135000,0.093000,1.458000,29.963000,30.218000,0.016000,265.946000,266.312000,343.445000
p384_hqc192,sphincssha2256fsimple,pqc-hybrid,pqc,off,124.820000,0 - default,4619,9075,49856,20891.000000,8400.000000,2.487024,1162,1157,562,103965,50105,19,99,8921,113532,4990,109881,3148,1,122407,7,9,88,12,19.588000,19.609000,121.532000,46.057000,0.118000,1.074000,29.855000,30.086000,0.069000,24.508000,72.275000,101.591000
p384_hqc192,p521_sphincssha2256fsimple,pqc-hybrid,pqc-hybrid,off,126.900000,0 - default,4619,9075,49999,20891.000000,8400.000000,2.487024,1162,1157,562,104390,50387,19,99,8921,113957,4990,110306,3148,1,122832,7,9,88,12,19.585000,19.604000,121.833000,45.934000,0.134000,2.716000,29.812000,30.062000,0.076000,26.456000,74.144000,103.458000
p384_hqc192,sphincssha2256ssimple,pqc-hybrid,pqc,off,340.190000,0 - default,4619,9075,29792,11585.000000,7200.000000,1.609028,1162,1157,390,62297,30041,14,63,7549,71824,4990,69508,1991,0,79327,6,8,53,8,19.577000,19.599000,337.330000,45.983000,0.115000,0.727000,29.770000,30.007000,0.048000,240.189000,240.580000,317.290000
p384_hqc192,p521_sphincssha2256ssimple,pqc-hybrid,pqc-hybrid,off,341.890000,0 - default,4619,9075,29935,11585.000000,7200.000000,1.609028,1162,1157,432,62767,30324,15,64,7591,72294,4990,69941,1991,0,79839,6,8,54,9,19.567000,19.589000,337.400000,46.064000,0.106000,2.376000,29.778000,30.042000,0.054000,241.719000,242.167000,318.991000
p384_hqc192,sphincsshake128fsimple,pqc-hybrid,pqc,off,115.440000,0 - default,4619,9075,17088,11585.000000,7200.000000,1.609028,1162,1157,348,35889,17305,13,41,7507,45416,4990,43914,1991,0,52877,6,8,31,7,19.556000,19.577000,112.455000,46.024000,0.094000,1.330000,29.865000,30.114000,0.017000,15.323000,15.697000,92.521000
p384_hqc192,p256_sphincsshake128fsimple,pqc-hybrid,pqc-hybrid,off,114.270000,0 - default,4619,9075,17162,20891.000000,8400.000000,2.487024,1162,1157,306,36107,17449,13,42,8665,45674,4990,44132,3148,1,54293,7,9,31,6,19.611000,19.634000,110.955000,46.086000,0.094000,1.635000,29.792000,30.070000,0.015000,15.452000,15.769000,92.611000
p384_hqc192,rsa3072_sphincsshake128fsimple,pqc-hybrid,pqc-hybrid,off,117.280000,0 - default,4619,9075,17476,11585.000000,7200.000000,1.609028,1162,1157,348,37116,18100,13,42,7507,46643,4990,45104,1991,0,54104,6,8,32,7,19.542000,19.564000,113.898000,45.977000,0.093000,1.721000,29.856000,30.106000,0.016000,17.757000,18.131000,94.888000
p384_hqc192,sphincsshake128ssimple,pqc-hybrid,pqc,off,415.090000,0 - default,4619,9075,7856,11585.000000,7200.000000,1.609028,1162,1157,222,16723,8073,10,25,7381,26250,4990,25340,1991,0,33585,6,8,15,4,19.487000,19.507000,412.861000,45.983000,0.086000,0.703000,29.773000,30.014000,0.012000,315.899000,316.208000,392.962000
p384_hqc192,p256_sphincsshake128ssimple,pqc-hybrid,pqc-hybrid,off,414.000000,0 - default,4619,9075,7931,11585.000000,7200.000000,1.609028,1162,1157,222,16984,8218,10,26,7381,26511,4990,25564,1991,0,33846,6,8,16,4,19.563000,19.583000,411.287000,46.109000,0.091000,0.996000,29.820000,30.053000,0.015000,315.693000,316.033000,392.992000
p384_hqc192,rsa3072_sphincsshake128ssimple,pqc-hybrid,pqc-hybrid,off,417.420000,0 - default,4619,9075,8244,11585.000000,7200.000000,1.609028,1162,1157,222,17948,8868,10,26,7381,27475,4990,26528,1991,0,34810,6,8,16,4,19.523000,19.544000,414.847000,46.025000,0.087000,1.082000,29.800000,30.050000,0.016000,318.823000,319.172000,395.977000
p384_hqc192,sphincsshake192fsimple,pqc-hybrid,pqc,off,125.840000,0 - default,4619,9075,35664,11585.000000,7200.000000,1.609028,1162,1157,516,74465,35897,17,73,7675,83992,4990,81306,1991,0,91621,6,8,63,11,19.523000,19.544000,121.643000,46.014000,0.118000,1.841000,29.802000,30.046000,0.059000,24.555000,71.940000,101.735000
p384_hqc192,p384_sphincsshake192fsimple,pqc-hybrid,pqc-hybrid,off,126.870000,0 - default,4619,9075,35771,20891.000000,8400.000000,2.487024,1162,1157,432,74827,36108,16,75,8791,84394,4990,81631,3148,1,93139,7,9,64,9,19.657000,19.680000,121.702000,46.206000,0.114000,2.717000,29.913000,30.238000,0.059000,25.567000,73.115000,103.229000
p384_hqc192,sphincsshake192ssimple,pqc-hybrid,pqc,off,666.500000,0 - default,4619,9075,16224,11585.000000,7200.000000,1.609028,1162,1157,306,34133,16457,12,40,7465,43660,4990,42195,1991,0,51079,6,8,30,6,19.550000,19.571000,663.930000,46.062000,0.096000,0.839000,29.834000,30.101000,0.018000,566.494000,566.867000,643.858000
p384_hqc192,p384_sphincsshake192ssimple,pqc-hybrid,pqc-hybrid,off,668.710000,0 - default,4619,9075,16331,11585.000000,7200.000000,1.609028,1162,1157,306,34452,16669,12,40,7465,43979,4990,42514,1991,0,51398,6,8,30,6,19.516000,19.536000,665.049000,46.141000,0.103000,1.719000,29.886000,30.138000,0.014000,569.337000,569.693000,646.759000
p384_hqc192,sphincsshake256fsimple,pqc-hybrid,pqc,off,153.150000,0 - default,4619,9075,49856,11585.000000,7200.000000,1.609028,1162,1157,562,103965,50105,18,98,7721,113492,4990,109881,1991,0,121167,6,8,88,12,19.500000,19.521000,148.477000,46.204000,0.147000,1.909000,29.787000,30.024000,0.071000,51.281000,99.522000,128.728000
p384_hqc192,p521_sphincsshake256fsimple,pqc-hybrid,pqc-hybrid,off,155.060000,0 - default,4619,9075,49998,11585.000000,7200.000000,1.609028,1162,1157,562,104389,50387,18,98,7721,113916,4990,110305,1991,0,121591,6,8,88,12,19.529000,19.550000,148.928000,46.113000,0.145000,3.505000,29.857000,30.127000,0.082000,53.337000,101.342000,130.622000
p384_hqc192,sphincsshake256ssimple,pqc-hybrid,pqc,off,583.750000,0 - default,4619,9075,29792,11585.000000,7200.000000,1.609028,1162,1157,432,62297,30041,15,63,7591,71824,4990,69508,1991,0,79369,6,8,53,9,19.500000,19.520000,580.660000,45.985000,0.117000,1.082000,29.844000,30.093000,0.050000,483.485000,483.896000,560.691000
p384_hqc192,p521_sphincsshake256ssimple,pqc-hybrid,pqc-hybrid,off,585.250000,0 - default,4619,9075,29934,11585.000000,7200.000000,1.609028,1162,1157,390,62766,30324,14,64,7549,72293,4990,69940,1991,0,79796,6,8,54,8,19.499000,19.519000,580.257000,46.059000,0.115000,2.754000,29.803000,30.043000,0.038000,484.556000,484.953000,561.863000
p384_hqc192,ED25519,pqc-hybrid,classic,off,98.050000,0 - default,4619,9075,64,9685.000000,7200.000000,1.345139,1162,1157,138,582,270,8,12,7241,10109,4990,9680,1935,0,17304,6,8,2,2,19.568000,19.589000,96.870000,46.028000,0.069000,0.185000,29.843000,29.942000,0.015000,0.037000,0.081000,77.957000
p384_hqc192,ED448,pqc-hybrid,classic,off,98.150000,0 - default,4619,9075,114,13298.000000,8400.000000,1.583095,1162,1157,138,783,345,9,17,8441,13910,4990,9805,3092,3483,22305,7,11,4,2,19.492000,19.513000,96.931000,46.109000,0.059000,0.298000,29.857000,29.948000,0.012000,0.217000,0.257000,78.208000
x448_hqc192,MLDSA44,pqc-hybrid,pqc,off,91.680000,0 - default,4578,9034,2420,19174.000000,8400.000000,2.282619,1162,1157,180,6885,3931,11,22,8569,19976,4949,15681,3189,3483,28464,7,11,9,3,15.028000,15.048000,90.344000,44.581000,0.064000,0.210000,28.675000,28.757000,0.012000,0.669000,0.720000,74.680000
x448_hqc192,MLDSA65,pqc-hybrid,pqc,off,91.330000,0 - default,4578,9034,3309,20440.000000,8400.000000,2.433333,1162,1157,180,9387,5460,11,23,8569,21279,4949,18109,3189,2322,29766,7,10,11,3,15.023000,15.043000,89.995000,44.610000,0.055000,0.277000,28.696000,28.775000,0.012000,0.525000,0.579000,74.538000
x448_hqc192,MLDSA87,pqc-hybrid,pqc,off,94.160000,0 - default,4578,9034,4627,21405.000000,8400.000000,2.548214,1162,1157,180,12713,7418,10,22,8539,22200,4949,21400,3189,0,30692,7,8,12,3,15.110000,15.133000,92.651000,44.565000,0.066000,0.379000,28.681000,28.760000,0.013000,3.061000,3.127000,77.061000
x448_hqc192,p256_mldsa44,pqc-hybrid,pqc-hybrid,off,91.710000,0 - default,4578,9034,2495,19382.000000,8400.000000,2.307381,1162,1157,180,7093,4064,11,22,8569,20184,4949,15889,3189,3483,28672,7,11,9,3,15.058000,15.078000,89.904000,44.700000,0.056000,0.704000,28.665000,28.886000,0.012000,0.357000,0.609000,74.789000
x448_hqc192,rsa3072_mldsa44,pqc-hybrid,pqc-hybrid,off,93.850000,0 - default,4578,9034,2808,20345.000000,8400.000000,2.422024,1162,1157,180,8093,4709,11,23,8569,21184,4949,16852,3189,3483,29672,7,11,10,3,14.975000,15.003000,91.974000,44.617000,0.081000,0.711000,28.674000,28.889000,0.013000,2.608000,2.866000,77.044000
x448_hqc192,p384_mldsa65,pqc-hybrid,pqc-hybrid,off,94.030000,0 - default,4578,9034,3416,11585.000000,7200.000000,1.609028,1162,1157,264,9614,5656,11,19,7423,19100,4949,18412,2032,0,26477,6,8,9,5,15.076000,15.100000,91.120000,44.651000,0.075000,1.351000,28.814000,29.100000,0.015000,1.120000,1.410000,75.822000
x448_hqc192,p521_mldsa87,pqc-hybrid,pqc-hybrid,off,95.490000,0 - default,4578,9034,4769,21090.000000,8400.000000,2.510714,1162,1157,222,13273,7684,12,27,8611,23003,4949,21808,3189,200,31533,7,9,16,4,15.001000,15.021000,91.874000,44.754000,0.080000,2.260000,28.658000,28.870000,0.013000,2.313000,2.574000,76.870000
x448_hqc192,falcon512,pqc-hybrid,pqc,off,91.790000,0 - default,4578,9034,654,15203.000000,8400.000000,1.809881,1162,1157,180,2803,1741,11,19,8569,15894,4949,11710,3189,3483,24382,7,11,6,3,15.015000,15.036000,90.460000,44.630000,0.068000,0.307000,28.728000,28.985000,0.014000,0.250000,0.514000,75.701000
x448_hqc192,falcon1024,pqc-hybrid,pqc,off,91.970000,0 - default,4578,9034,1273,17339.000000,8400.000000,2.064167,1162,1157,180,4976,3253,11,20,8569,18067,4949,13846,3189,3483,26555,7,11,7,3,15.049000,15.069000,90.570000,44.609000,0.071000,0.347000,28.692000,28.917000,0.012000,0.456000,0.706000,74.826000
x448_hqc192,p256_falcon512,pqc-hybrid,pqc-hybrid,off,92.020000,0 - default,4578,9034,729,15422.000000,8400.000000,1.835952,1162,1157,180,3022,1885,11,19,8569,16113,4949,11929,3189,3483,24601,7,11,6,3,15.012000,15.033000,90.140000,44.697000,0.070000,0.741000,28.674000,28.887000,0.013000,0.481000,0.729000,75.985000
x448_hqc192,rsa3072_falcon512,pqc-hybrid,pqc-hybrid,off,94.370000,0 - default,4578,9034,1044,16389.000000,8400.000000,1.951071,1162,1157,180,4026,2532,11,20,8569,17117,4949,12896,3189,3483,25605,7,11,7,3,14.980000,15.000000,92.531000,44.703000,0.068000,0.708000,28.726000,28.954000,0.017000,2.767000,3.066000,77.410000
x448_hqc192,falconpadded512,pqc-hybrid,pqc,off,91.880000,0 - default,4578,9034,666,15224.000000,8400.000000,1.812381,1162,1157,180,2824,1750,11,19,8569,15915,4949,11731,3189,3483,24403,7,11,6,3,14.999000,15.019000,90.469000,44.699000,0.070000,0.315000,28.714000,28.951000,0.015000,0.260000,0.521000,75.822000
x448_hqc192,p256_falconpadded512,pqc-hybrid,pqc-hybrid,off,92.320000,0 - default,4578,9034,740,15443.000000,8400.000000,1.838452,1162,1157,180,3043,1895,11,19,8569,16134,4949,11950,3189,3483,24622,7,11,6,3,15.015000,15.036000,90.398000,44.664000,0.075000,0.746000,28.694000,28.932000,0.015000,0.502000,0.774000,76.146000
x448_hqc192,rsa3072_falconpadded512,pqc-hybrid,pqc-hybrid,off,94.160000,0 - default,4578,9034,1054,16407.000000,8400.000000,1.953214,1162,1157,180,4044,2540,11,20,8569,17135,4949,12914,3189,3483,25623,7,11,7,3,15.017000,15.039000,92.421000,44.650000,0.065000,0.692000,28.750000,28.975000,0.012000,2.749000,3.005000,77.223000
x448_hqc192,p521_falcon1024,pqc-hybrid,pqc-hybrid,off,95.330000,0 - default,4578,9034,1413,17761.000000,8400.000000,2.114405,1162,1157,180,5435,3530,11,21,8569,18526,4949,14268,3189,3483,27014,7,11,8,3,15.002000,15.022000,92.010000,44.647000,0.061000,2.171000,28.692000,28.907000,0.012000,2.526000,2.775000,76.923000
x448_hqc192,falconpadded1024,pqc-hybrid,pqc,off,91.800000,0 - default,4578,9034,1280,17353.000000,8400.000000,2.065833,1162,1157,180,4990,3260,11,20,8569,18081,4949,13860,3189,3483,26569,7,11,7,3,14.975000,14.995000,90.452000,44.679000,0.054000,0.348000,28.726000,28.950000,0.019000,0.473000,0.728000,74.939000
x448_hqc192,p521_falconpadded1024,pqc-hybrid,pqc-hybrid,off,95.670000,0 - default,4578,9034,1422,17779.000000,8400.000000,2.116548,1162,1157,180,5453,3539,11,21,8569,18544,4949,14286,3189,3483,27032,7,11,8,3,14.975000,14.996000,92.277000,44.768000,0.073000,2.178000,28.685000,28.932000,0.015000,2.549000,2.806000,77.164000
x448_hqc192,sphincssha2128fsimple,pqc-hybrid,pqc,off,99.610000,0 - default,4578,9034,17088,20891.000000,8400.000000,2.487024,1162,1157,306,35889,17305,13,42,8665,45415,4949,43873,3189,1,54034,7,9,31,6,15.043000,15.064000,97.277000,44.714000,0.074000,0.797000,28.746000,28.972000,0.013000,7.075000,7.378000,81.682000
x448_hqc192,p256_sphincssha2128fsimple,pqc-hybrid,pqc-hybrid,off,99.710000,0 - default,4578,9034,17162,20891.000000,8400.000000,2.487024,1162,1157,306,36109,17451,13,42,8665,45635,4949,44093,3189,1,54254,7,9,31,6,14.969000,14.989000,96.943000,44.742000,0.065000,1.193000,28.665000,28.889000,0.012000,7.315000,7.617000,81.857000
x448_hqc192,rsa3072_sphincssha2128fsimple,pqc-hybrid,pqc-hybrid,off,101.810000,0 - default,4578,9034,17476,20891.000000,8400.000000,2.487024,1162,1157,306,37116,18100,13,43,8665,46642,4949,45063,3189,1,55261,7,9,32,6,14.984000,15.004000,99.100000,44.603000,0.071000,1.196000,28.752000,28.968000,0.034000,9.562000,9.885000,84.057000
x448_hqc192,sphincssha2128ssimple,pqc-hybrid,pqc,off,238.400000,0 - default,4578,9034,7856,11585.000000,7200.000000,1.609028,1162,1157,222,16722,8072,10,25,7381,26208,4949,25298,2032,0,33543,6,8,15,4,14.981000,15.004000,236.488000,44.743000,0.078000,0.462000,28.728000,28.951000,0.012000,146.300000,146.578000,220.918000
x448_hqc192,p256_sphincssha2128ssimple,pqc-hybrid,pqc-hybrid,off,239.120000,0 - default,4578,9034,7931,11585.000000,7200.000000,1.609028,1162,1157,222,16943,8218,10,25,7381,26429,4949,25519,2032,0,33764,6,8,15,4,14.990000,15.011000,236.603000,44.788000,0.082000,0.911000,28.727000,28.951000,0.014000,146.740000,147.052000,221.489000
x448_hqc192,rsa3072_sphincssha2128ssimple,pqc-hybrid,pqc-hybrid,off,240.710000,0 - default,4578,9034,8244,11585.000000,7200.000000,1.609028,1162,1157,222,17948,8868,10,26,7381,27434,4949,26487,2032,0,34769,6,8,16,4,14.968000,14.988000,238.433000,44.687000,0.072000,0.844000,28.715000,28.934000,0.013000,148.838000,149.116000,223.351000
x448_hqc192,sphincssha2192fsimple,pqc-hybrid,pqc,off,106.040000,0 - default,4578,9034,35664,20891.000000,8400.000000,2.487024,1162,1157,432,74465,35897,16,74,8791,83991,4949,81265,3189,1,92736,7,9,63,9,14.998000,15.020000,102.772000,45.041000,0.123000,1.060000,28.832000,29.069000,0.054000,11.996000,58.247000,87.182000
x448_hqc192,p384_sphincssha2192fsimple,pqc-hybrid,pqc-hybrid,off,106.940000,0 - default,4578,9034,35771,20891.000000,8400.000000,2.487024,1162,1157,432,74827,36108,16,75,8791,84353,4949,81590,3189,1,93098,7,9,64,9,15.042000,15.061000,102.685000,44.703000,0.093000,2.047000,28.749000,28.972000,0.053000,12.914000,58.685000,87.535000
x448_hqc192,sphincssha2192ssimple,pqc-hybrid,pqc,off,358.330000,0 - default,4578,9034,16224,11585.000000,7200.000000,1.609028,1162,1157,306,34133,16457,12,40,7465,43619,4949,42154,2032,0,51038,6,8,30,6,14.971000,14.991000,356.086000,44.750000,0.081000,0.573000,28.741000,28.960000,0.013000,265.810000,266.133000,340.505000
x448_hqc192,p384_sphincssha2192ssimple,pqc-hybrid,pqc-hybrid,off,358.550000,0 - default,4578,9034,16332,11585.000000,7200.000000,1.609028,1162,1157,306,34451,16667,12,40,7465,43937,4949,42472,2032,0,51356,6,8,30,6,14.984000,15.005000,355.040000,44.655000,0.084000,1.612000,28.724000,28.952000,0.023000,265.194000,265.568000,339.900000
x448_hqc192,sphincssha2256fsimple,pqc-hybrid,pqc,off,117.870000,0 - default,4578,9034,49856,20891.000000,8400.000000,2.487024,1162,1157,520,103965,50105,18,99,8879,113491,4949,109840,3189,1,122324,7,9,88,11,14.986000,15.007000,114.423000,44.625000,0.120000,1.092000,28.679000,28.906000,0.069000,24.394000,70.665000,98.954000
x448_hqc192,p521_sphincssha2256fsimple,pqc-hybrid,pqc-hybrid,off,121.770000,0 - default,4578,9034,49997,20891.000000,8400.000000,2.487024,1162,1157,520,104388,50387,18,99,8879,113914,4949,110263,3189,1,122747,7,9,88,11,14.969000,14.989000,116.304000,44.679000,0.118000,2.962000,28.679000,28.902000,0.069000,26.548000,72.991000,101.166000
x448_hqc192,sphincssha2256ssimple,pqc-hybrid,pqc,off,332.600000,0 - default,4578,9034,29792,11585.000000,7200.000000,1.609028,1162,1157,390,62297,30041,14,63,7549,71783,4949,69467,2032,0,79286,6,8,53,8,15.060000,15.081000,329.877000,44.718000,0.102000,0.721000,28.685000,28.919000,0.048000,239.519000,239.933000,314.274000
x448_hqc192,p521_sphincssha2256ssimple,pqc-hybrid,pqc-hybrid,off,336.720000,0 - default,4578,9034,29935,11585.000000,7200.000000,1.609028,1162,1157,432,62767,30324,15,64,7591,72253,4949,69900,2032,0,79798,6,8,54,9,14.981000,15.002000,331.944000,44.725000,0.110000,2.513000,28.700000,28.931000,0.051000,242.037000,242.454000,316.868000
x448_hqc192,sphincsshake128fsimple,pqc-hybrid,pqc,off,108.390000,0 - default,4578,9034,17088,20891.000000,8400.000000,2.487024,1162,1157,306,35889,17305,13,42,8665,45415,4949,43873,3189,1,54034,7,9,31,6,14.985000,15.005000,105.420000,44.666000,0.092000,1.340000,28.729000,28.952000,0.014000,15.250000,15.556000,89.852000
x448_hqc192,p256_sphincsshake128fsimple,pqc-hybrid,pqc-hybrid,off,108.250000,0 - default,4578,9034,17162,20891.000000,8400.000000,2.487024,1162,1157,306,36107,17449,13,42,8665,45633,4949,44091,3189,1,54252,7,9,31,6,14.968000,14.988000,104.940000,44.654000,0.080000,1.732000,28.688000,28.908000,0.013000,15.452000,15.755000,89.925000
x448_hqc192,rsa3072_sphincsshake128fsimple,pqc-hybrid,pqc-hybrid,off,110.770000,0 - default,4578,9034,17476,20891.000000,8400.000000,2.487024,1162,1157,306,37116,18100,13,43,8665,46642,4949,45063,3189,1,55261,7,9,32,6,15.049000,15.069000,107.446000,44.788000,0.095000,1.751000,28.668000,28.894000,0.036000,17.738000,18.059000,92.356000
x448_hqc192,sphincsshake128ssimple,pqc-hybrid,pqc,off,408.680000,0 - default,4578,9034,7856,11585.000000,7200.000000,1.609028,1162,1157,222,16723,8073,10,25,7381,26209,4949,25299,2032,0,33544,6,8,15,4,14.990000,15.010000,406.546000,44.770000,0.085000,0.704000,28.778000,29.019000,0.016000,316.130000,316.465000,390.923000
x448_hqc192,p256_sphincsshake128ssimple,pqc-hybrid,pqc-hybrid,off,408.510000,0 - default,4578,9034,7931,11585.000000,7200.000000,1.609028,1162,1157,222,16943,8218,10,25,7381,26429,4949,25519,2032,0,33764,6,8,15,4,14.994000,15.014000,405.850000,44.798000,0.085000,1.120000,28.698000,28.928000,0.015000,315.933000,316.262000,390.674000
x448_hqc192,rsa3072_sphincsshake128ssimple,pqc-hybrid,pqc-hybrid,off,410.290000,0 - default,4578,9034,8244,11585.000000,7200.000000,1.609028,1162,1157,222,17948,8868,10,26,7381,27434,4949,26487,2032,0,34769,6,8,16,4,14.971000,14.991000,407.696000,44.691000,0.088000,1.086000,28.668000,28.896000,0.015000,318.124000,318.443000,392.703000
x448_hqc192,sphincsshake192fsimple,pqc-hybrid,pqc,off,118.900000,0 - default,4578,9034,35664,20891.000000,8400.000000,2.487024,1162,1157,432,74465,35897,16,74,8791,83991,4949,81265,3189,1,92736,7,9,63,9,15.037000,15.057000,114.945000,44.754000,0.102000,1.851000,28.750000,28.968000,0.050000,24.656000,70.508000,99.354000
x448_hqc192,p384_sphincsshake192fsimple,pqc-hybrid,pqc-hybrid,off,120.120000,0 - default,4578,9034,35772,20891.000000,8400.000000,2.487024,1162,1157,432,74828,36108,16,75,8791,84354,4949,81591,3189,1,93099,7,9,64,9,15.057000,15.078000,115.080000,44.621000,0.100000,2.799000,28.699000,28.921000,0.053000,25.564000,71.265000,100.058000
x448_hqc192,sphincsshake192ssimple,pqc-hybrid,pqc,off,659.660000,0 - default,4578,9034,16224,11585.000000,7200.000000,1.609028,1162,1157,306,34133,16457,12,40,7465,43619,4949,42154,2032,0,51038,6,8,30,6,15.016000,15.037000,657.049000,44.863000,0.089000,0.871000,28.718000,28.946000,0.014000,566.661000,566.989000,641.533000
x448_hqc192,p384_sphincsshake192ssimple,pqc-hybrid,pqc-hybrid,off,662.310000,0 - default,4578,9034,16331,11585.000000,7200.000000,1.609028,1162,1157,348,34452,16669,13,40,7507,43938,4949,42473,2032,0,51399,6,8,30,7,14.994000,15.014000,658.573000,44.721000,0.096000,1.866000,28.734000,28.970000,0.016000,568.726000,569.096000,643.484000
x448_hqc192,sphincsshake256fsimple,pqc-hybrid,pqc,off,145.990000,0 - default,4578,9034,49856,11585.000000,7200.000000,1.609028,1162,1157,604,103965,50105,19,98,7763,113451,4949,109840,2032,0,121168,6,8,88,13,15.003000,15.023000,141.500000,44.774000,0.133000,1.867000,28.717000,28.944000,0.073000,51.220000,97.899000,126.066000
x448_hqc192,p521_sphincsshake256fsimple,pqc-hybrid,pqc-hybrid,off,149.910000,0 - default,4578,9034,49998,11585.000000,7200.000000,1.609028,1162,1157,562,104389,50387,18,98,7721,113875,4949,110264,2032,0,121550,6,8,88,12,14.992000,15.012000,143.443000,44.729000,0.130000,3.754000,28.764000,29.001000,0.074000,53.528000,100.235000,128.324000
x448_hqc192,sphincsshake256ssimple,pqc-hybrid,pqc,off,575.670000,0 - default,4578,9034,29792,11585.000000,7200.000000,1.609028,1162,1157,390,62297,30041,14,63,7549,71783,4949,69467,2032,0,79286,6,8,53,8,14.978000,14.999000,572.603000,44.663000,0.109000,1.064000,28.718000,28.937000,0.043000,482.309000,482.714000,556.996000
x448_hqc192,p521_sphincsshake256ssimple,pqc-hybrid,pqc-hybrid,off,579.840000,0 - default,4578,9034,29934,11585.000000,7200.000000,1.609028,1162,1157,432,62766,30324,15,64,7591,72252,4949,69899,2032,0,79797,6,8,54,9,14.993000,15.013000,574.665000,44.689000,0.112000,2.886000,28.680000,28.901000,0.048000,484.809000,485.214000,559.536000
x448_hqc192,ED25519,pqc-hybrid,classic,off,90.910000,0 - default,4578,9034,64,13132.000000,8400.000000,1.563333,1162,1157,138,658,270,9,17,8441,13744,4949,9639,3133,3483,22139,7,11,4,2,15.024000,15.045000,89.849000,44.759000,0.050000,0.184000,28.728000,28.806000,0.012000,0.036000,0.072000,75.313000
x448_hqc192,ED448,pqc-hybrid,classic,off,90.980000,0 - default,4578,9034,114,13257.000000,8400.000000,1.578214,1162,1157,138,783,345,9,17,8441,13869,4949,9764,3133,3483,22264,7,11,4,2,14.980000,15.000000,89.823000,44.560000,0.048000,0.296000,28.741000,28.818000,0.011000,0.209000,0.244000,75.398000
hqc256,MLDSA44,pqc,pqc,off,163.240000,0 - default,7245,14421,2420,24587.000000,12000.000000,2.048917,1162,1157,180,6923,3931,14,28,12169,25616,7626,21093,3993,3483,37704,10,16,10,3,25.846000,25.867000,161.887000,81.801000,0.069000,0.214000,51.788000,51.881000,0.017000,0.806000,0.871000,135.442000
hqc256,MLDSA65,pqc,pqc,off,163.320000,0 - default,7245,14421,3309,27015.000000,12000.000000,2.251250,1162,1157,180,9425,5460,14,30,12169,28118,7626,23521,3993,3483,40206,10,16,12,3,25.834000,25.854000,161.906000,82.075000,0.066000,0.282000,51.829000,51.910000,0.013000,0.534000,0.594000,135.354000
hqc256,MLDSA87,pqc,pqc,off,164.810000,0 - default,7245,14421,4627,30306.000000,12000.000000,2.525500,1162,1157,180,12827,7418,14,33,12169,31520,7626,26812,3993,3483,43608,10,16,15,3,25.776000,25.796000,163.268000,81.932000,0.070000,0.395000,51.840000,51.927000,0.013000,2.014000,2.088000,136.795000
hqc256,p256_mldsa44,pqc,pqc-hybrid,off,164.250000,0 - default,7245,14421,2496,24796.000000,12000.000000,2.066333,1162,1157,180,7132,4064,14,28,12169,25825,7626,21302,3993,3483,37913,10,16,10,3,25.795000,25.816000,162.047000,82.188000,0.055000,1.130000,51.756000,51.982000,0.012000,0.405000,0.652000,135.627000
hqc256,rsa3072_mldsa44,pqc,pqc-hybrid,off,166.090000,0 - default,7245,14421,2808,25758.000000,12000.000000,2.146500,1162,1157,180,8131,4709,14,29,12169,26824,7626,22264,3993,3483,38912,10,16,11,3,25.779000,25.799000,163.921000,82.041000,0.059000,1.109000,51.730000,51.955000,0.012000,2.648000,2.903000,137.685000
hqc256,p384_mldsa65,pqc,pqc-hybrid,off,165.780000,0 - default,7245,14421,3417,27319.000000,12000.000000,2.276583,1162,1157,180,9729,5656,14,30,12169,28422,7626,23825,3993,3483,40510,10,16,12,3,25.867000,25.889000,162.867000,81.919000,0.068000,1.758000,51.812000,52.039000,0.014000,1.113000,1.392000,136.215000
hqc256,p521_mldsa87,pqc,pqc-hybrid,off,167.730000,0 - default,7245,14421,4770,30715.000000,12000.000000,2.559583,1162,1157,180,13236,7684,14,33,12169,31929,7626,27221,3993,3483,44017,10,16,15,3,25.904000,25.933000,163.913000,82.010000,0.071000,2.590000,51.859000,52.085000,0.014000,2.426000,2.700000,137.644000
hqc256,falcon512,pqc,pqc,off,163.320000,0 - default,7245,14421,658,20615.000000,12000.000000,1.717917,1162,1157,138,2803,1741,12,24,12041,21491,7626,17121,3937,3483,33486,10,16,6,2,25.875000,25.895000,162.021000,82.066000,0.070000,0.312000,51.855000,52.088000,0.016000,0.248000,0.527000,136.882000
hqc256,falcon1024,pqc,pqc,off,163.290000,0 - default,7245,14421,1271,22750.000000,12000.000000,1.895833,1162,1157,180,5012,3253,14,26,12169,23705,7626,19256,3993,3483,35793,10,16,8,3,25.790000,25.812000,161.939000,82.050000,0.062000,0.345000,51.756000,51.999000,0.013000,0.455000,0.701000,135.513000
hqc256,p256_falcon512,pqc,pqc-hybrid,off,164.060000,0 - default,7245,14421,733,20834.000000,12000.000000,1.736167,1162,1157,138,3022,1885,12,24,12041,21710,7626,17340,3937,3483,33705,10,16,6,2,25.836000,25.856000,161.970000,82.092000,0.054000,1.131000,51.736000,51.961000,0.012000,0.479000,0.725000,137.654000
hqc256,rsa3072_falcon512,pqc,pqc-hybrid,off,166.430000,0 - default,7245,14421,1046,21799.000000,12000.000000,1.816583,1162,1157,180,4024,2532,14,25,12169,22717,7626,18305,3993,3483,34805,10,16,7,3,26.008000,26.028000,164.156000,81.843000,0.075000,1.146000,51.736000,51.979000,0.016000,2.742000,3.032000,138.686000
hqc256,falconpadded512,pqc,pqc,off,162.810000,0 - default,7245,14421,666,20632.000000,12000.000000,1.719333,1162,1157,138,2820,1750,12,24,12041,21508,7626,17138,3937,3483,33503,10,16,6,2,25.844000,25.864000,161.487000,81.844000,0.071000,0.323000,51.759000,52.022000,0.015000,0.254000,0.509000,136.508000
hqc256,p256_falconpadded512,pqc,pqc-hybrid,off,164.200000,0 - default,7245,14421,740,20851.000000,12000.000000,1.737583,1162,1157,138,3039,1895,12,24,12041,21727,7626,17357,3937,3483,33722,10,16,6,2,25.790000,25.810000,162.030000,82.072000,0.063000,1.169000,51.755000,51.982000,0.013000,0.488000,0.738000,137.764000
hqc256,rsa3072_falconpadded512,pqc,pqc-hybrid,off,166.380000,0 - default,7245,14421,1054,21815.000000,12000.000000,1.817917,1162,1157,180,4040,2540,14,25,12169,22733,7626,18321,3993,3483,34821,10,16,7,3,25.931000,25.951000,164.240000,82.137000,0.058000,1.124000,51.756000,51.981000,0.013000,2.759000,3.007000,138.741000
hqc256,p521_falcon1024,pqc,pqc-hybrid,off,167.780000,0 - default,7245,14421,1415,23171.000000,12000.000000,1.930917,1162,1157,180,5433,3530,14,26,12169,24126,7626,19677,3993,3483,36214,10,16,8,3,25.917000,25.937000,164.067000,81.937000,0.064000,2.591000,51.795000,52.022000,0.012000,2.537000,2.789000,137.573000
hqc256,falconpadded1024,pqc,pqc,off,163.470000,0 - default,7245,14421,1280,22766.000000,12000.000000,1.897167,1162,1157,180,5028,3260,14,26,12169,23721,7626,19272,3993,3483,35809,10,16,8,3,25.852000,25.873000,162.003000,81.965000,0.075000,0.350000,51.797000,52.036000,0.016000,0.479000,0.768000,135.639000
hqc256,p521_falconpadded1024,pqc,pqc-hybrid,off,167.770000,0 - default,7245,14421,1423,23188.000000,12000.000000,1.932333,1162,1157,180,5450,3539,14,26,12169,24143,7626,19694,3993,3483,36231,10,16,8,3,25.874000,25.894000,163.953000,81.930000,0.071000,2.626000,51.835000,52.059000,0.013000,2.530000,2.788000,137.655000
hqc256,sphincssha2128fsimple,pqc,pqc,off,170.870000,0 - default,7245,14421,17088,31353.000000,12000.000000,2.612750,1162,1157,264,35891,17305,15,47,12223,51019,7626,49287,3993,1,63196,10,14,31,5,25.884000,25.905000,168.552000,82.026000,0.085000,0.808000,51.753000,51.977000,0.013000,7.084000,7.393000,142.125000
hqc256,p256_sphincssha2128fsimple,pqc,pqc-hybrid,off,171.950000,0 - default,7245,14421,17163,31353.000000,12000.000000,2.612750,1162,1157,264,36112,17451,15,47,12223,51240,7626,49508,3993,1,63417,10,14,31,5,25.801000,25.821000,168.741000,82.072000,0.080000,1.658000,51.778000,52.004000,0.014000,7.306000,7.608000,142.368000
hqc256,rsa3072_sphincssha2128fsimple,pqc,pqc-hybrid,off,174.210000,0 - default,7245,14421,17476,31315.000000,12000.000000,2.609583,1162,1157,264,37118,18100,15,49,12223,52286,7626,50477,3993,2,64463,10,15,32,5,25.783000,25.803000,171.017000,81.942000,0.088000,1.621000,51.777000,52.015000,0.015000,9.566000,9.880000,144.665000
hqc256,sphincssha2128ssimple,pqc,pqc,off,309.440000,0 - default,7245,14421,7856,27826.000000,10800.000000,2.576481,1162,1157,222,16798,8072,14,34,11011,31971,7626,30710,2836,2,42901,9,15,17,4,25.815000,25.837000,307.809000,81.898000,0.084000,0.460000,51.787000,52.026000,0.016000,146.275000,146.592000,281.458000
hqc256,p256_sphincssha2128ssimple,pqc,pqc-hybrid,off,311.480000,0 - default,7245,14421,7930,27826.000000,10800.000000,2.576481,1162,1157,222,17018,8218,14,34,11011,32191,7626,30930,2836,2,43121,9,15,17,4,25.877000,25.898000,308.893000,82.021000,0.077000,1.337000,51.867000,52.091000,0.012000,147.134000,147.413000,282.500000
hqc256,rsa3072_sphincssha2128ssimple,pqc,pqc-hybrid,off,313.750000,0 - default,7245,14421,8244,27826.000000,10800.000000,2.576481,1162,1157,264,17988,8868,15,34,11053,33161,7626,31901,2836,2,44133,9,15,17,5,25.933000,25.954000,311.172000,82.187000,0.090000,1.299000,51.843000,52.118000,0.016000,149.011000,149.332000,285.619000
hqc256,sphincssha2192fsimple,pqc,pqc,off,176.570000,0 - default,7245,14421,35664,32400.000000,12000.000000,2.700000,1162,1157,306,74467,35897,16,81,12265,89676,7626,86679,3993,3,101894,10,16,63,6,25.909000,25.929000,173.370000,81.881000,0.120000,1.085000,51.768000,52.003000,0.048000,11.960000,95.589000,147.016000
hqc256,p384_sphincssha2192fsimple,pqc,pqc-hybrid,off,179.510000,0 - default,7245,14421,35770,32364.000000,12000.000000,2.697000,1162,1157,432,74784,36108,19,83,12391,90072,7626,86996,3993,5,102417,10,18,63,9,25.829000,25.849000,174.642000,81.836000,0.123000,2.497000,51.791000,52.043000,0.037000,12.918000,96.103000,148.068000
hqc256,sphincssha2192ssimple,pqc,pqc,off,428.050000,0 - default,7245,14421,16224,27826.000000,10800.000000,2.576481,1162,1157,264,34091,16457,14,46,11023,49259,7626,47561,2836,2,60236,9,15,29,5,25.907000,25.927000,425.924000,81.963000,0.092000,0.595000,51.749000,51.990000,0.015000,264.277000,264.608000,399.496000
hqc256,p384_sphincssha2192ssimple,pqc,pqc-hybrid,off,432.030000,0 - default,7245,14421,16332,27826.000000,10800.000000,2.576481,1162,1157,306,34453,16667,15,47,11065,49621,7626,47886,2836,2,60640,9,15,30,6,25.928000,25.948000,428.233000,82.094000,0.096000,2.031000,51.803000,52.028000,0.012000,266.288000,266.607000,401.875000
hqc256,sphincssha2256fsimple,pqc,pqc,off,189.320000,0 - default,7245,14421,49856,32400.000000,12000.000000,2.700000,1162,1157,350,103967,50105,17,106,12309,119176,7626,115254,3993,3,131438,10,16,88,7,25.791000,25.812000,185.880000,81.999000,0.129000,1.080000,51.842000,52.069000,0.071000,24.400000,108.406000,159.686000
hqc256,p521_sphincssha2256fsimple,pqc,pqc-hybrid,off,194.020000,0 - default,7245,14421,49998,31315.000000,12000.000000,2.609583,1162,1157,478,104391,50387,20,105,12437,119559,7626,115678,3993,2,131950,10,15,88,10,25.926000,25.946000,188.086000,82.061000,0.127000,3.327000,51.766000,51.996000,0.048000,26.516000,110.586000,161.793000
hqc256,sphincssha2256ssimple,pqc,pqc,off,404.880000,0 - default,7245,14421,29792,27826.000000,10800.000000,2.576481,1162,1157,390,62299,30041,17,70,11149,77467,7626,74881,2836,2,88570,9,15,53,8,25.817000,25.837000,402.248000,82.088000,0.106000,0.718000,51.752000,51.978000,0.041000,240.331000,240.724000,375.769000
hqc256,p521_sphincssha2256ssimple,pqc,pqc-hybrid,off,409.530000,0 - default,7245,14421,29934,27826.000000,10800.000000,2.576481,1162,1157,390,62724,30324,17,70,11149,77892,7626,75306,2836,2,88995,9,15,53,8,25.786000,25.807000,404.372000,82.087000,0.109000,2.963000,51.737000,51.967000,0.031000,242.596000,242.971000,378.046000
hqc256,sphincsshake128fsimple,pqc,pqc,off,179.290000,0 - default,7245,14421,17088,31353.000000,12000.000000,2.612750,1162,1157,264,35891,17305,15,47,12223,51019,7626,49287,3993,1,63196,10,14,31,5,25.828000,25.849000,176.480000,81.970000,0.090000,1.343000,51.759000,51.980000,0.013000,15.193000,15.492000,150.173000
hqc256,p256_sphincsshake128fsimple,pqc,pqc-hybrid,off,180.670000,0 - default,7245,14421,17163,31315.000000,12000.000000,2.609583,1162,1157,264,36110,17449,15,48,12223,51278,7626,49506,3993,2,63455,10,15,31,5,25.844000,25.864000,176.826000,82.009000,0.092000,2.249000,51.783000,52.030000,0.015000,15.447000,15.768000,150.599000
hqc256,rsa3072_sphincsshake128fsimple,pqc,pqc-hybrid,off,183.470000,0 - default,7245,14421,17476,31315.000000,12000.000000,2.609583,1162,1157,264,37118,18100,15,49,12223,52286,7626,50477,3993,2,64463,10,15,32,5,26.052000,26.073000,179.700000,82.344000,0.098000,2.168000,51.788000,52.036000,0.017000,17.723000,18.062000,153.286000
hqc256,sphincsshake128ssimple,pqc,pqc,off,479.110000,0 - default,7245,14421,7856,27826.000000,10800.000000,2.576481,1162,1157,222,16799,8073,13,34,10981,31967,7626,30711,2836,2,42902,9,15,17,4,25.807000,25.827000,477.097000,81.898000,0.085000,0.697000,51.806000,52.061000,0.015000,315.553000,315.865000,451.854000
hqc256,p256_sphincsshake128ssimple,pqc,pqc-hybrid,off,480.820000,0 - default,7245,14421,7931,27826.000000,10800.000000,2.576481,1162,1157,222,17019,8218,13,34,10981,32187,7626,30931,2836,2,43122,9,15,17,4,25.767000,25.788000,477.956000,81.966000,0.087000,1.549000,51.811000,52.072000,0.016000,316.175000,316.488000,452.618000
hqc256,rsa3072_sphincsshake128ssimple,pqc,pqc-hybrid,off,482.800000,0 - default,7245,14421,8244,27826.000000,10800.000000,2.576481,1162,1157,264,17988,8868,15,34,11053,33161,7626,31901,2836,2,44133,9,15,17,5,25.768000,25.790000,479.934000,81.849000,0.090000,1.499000,51.781000,52.034000,0.016000,318.325000,318.666000,454.604000
hqc256,sphincsshake192fsimple,pqc,pqc,off,190.010000,0 - default,7245,14421,35664,31353.000000,12000.000000,2.612750,1162,1157,390,74467,35897,18,79,12349,89595,7626,86679,3993,1,101898,10,14,63,8,25.822000,25.842000,185.978000,81.974000,0.125000,1.839000,51.800000,52.030000,0.049000,24.552000,107.843000,159.730000
hqc256,p384_sphincsshake192fsimple,pqc,pqc-hybrid,off,192.400000,0 - default,7245,14421,35771,31315.000000,12000.000000,2.609583,1162,1157,390,74785,36108,18,80,12349,89953,7626,86997,3993,2,102256,10,15,63,8,25.778000,25.798000,186.842000,81.953000,0.125000,3.266000,51.755000,51.990000,0.036000,25.481000,108.716000,160.583000
hqc256,sphincsshake192ssimple,pqc,pqc,off,732.780000,0 - default,7245,14421,16224,27826.000000,10800.000000,2.576481,1162,1157,264,34091,16457,14,46,11023,49259,7626,47561,2836,2,60236,9,15,29,5,25.845000,25.866000,730.269000,82.102000,0.100000,0.845000,51.831000,52.057000,0.013000,568.146000,568.490000,703.687000
hqc256,p384_sphincsshake192ssimple,pqc,pqc-hybrid,off,732.800000,0 - default,7245,14421,16331,27826.000000,10800.000000,2.576481,1162,1157,306,34454,16669,15,47,11065,49622,7626,47887,2836,2,60641,9,15,30,6,25.851000,25.871000,728.638000,81.926000,0.098000,2.352000,51.744000,51.971000,0.017000,566.980000,567.347000,702.317000
hqc256,sphincsshake256fsimple,pqc,pqc,off,217.650000,0 - default,7245,14421,49856,27826.000000,10800.000000,2.576481,1162,1157,520,103967,50105,20,105,11279,119135,7626,115254,2836,2,130368,9,15,88,11,25.798000,25.821000,213.295000,81.922000,0.134000,1.878000,51.823000,52.086000,0.073000,51.422000,135.432000,186.819000
hqc256,p521_sphincsshake256fsimple,pqc,pqc-hybrid,off,221.970000,0 - default,7245,14421,49999,27826.000000,10800.000000,2.576481,1162,1157,520,104392,50387,20,105,11279,119560,7626,115679,2836,2,130793,9,15,88,11,25.769000,25.791000,215.182000,82.007000,0.138000,4.121000,51.805000,52.061000,0.054000,53.346000,137.498000,188.867000
hqc256,sphincsshake256ssimple,pqc,pqc,off,647.470000,0 - default,7245,14421,29792,27826.000000,10800.000000,2.576481,1162,1157,390,62299,30041,17,70,11149,77467,7626,74881,2836,2,88570,9,15,53,8,25.836000,25.858000,644.344000,81.978000,0.125000,1.083000,51.798000,52.048000,0.046000,482.546000,482.988000,618.099000
hqc256,p521_sphincsshake256ssimple,pqc,pqc-hybrid,off,652.220000,0 - default,7245,14421,29933,27826.000000,10800.000000,2.576481,1162,1157,390,62723,30324,17,70,11149,77891,7626,75305,2836,2,88994,9,15,53,8,25.814000,25.834000,646.651000,81.932000,0.113000,3.312000,51.803000,52.050000,0.032000,484.846000,485.281000,620.389000
hqc256,ED25519,pqc,classic,off,162.590000,0 - default,7245,14421,64,18558.000000,12000.000000,1.546500,1162,1157,138,654,270,12,22,12041,19360,7626,15046,3937,3501,31355,10,16,4,2,25.820000,25.843000,161.425000,82.098000,0.077000,0.193000,51.856000,51.961000,0.017000,0.036000,0.084000,136.210000
hqc256,ED448,pqc,classic,off,162.980000,0 - default,7245,14421,114,18670.000000,12000.000000,1.555833,1162,1157,138,821,345,12,23,12041,19509,7626,15176,3937,3483,31504,10,16,5,2,25.794000,25.815000,161.652000,82.061000,0.080000,0.311000,51.857000,51.956000,0.016000,0.211000,0.258000,136.460000
p521_hqc256,MLDSA44,pqc-hybrid,pqc,off,176.750000,0 - default,7378,14554,2420,24720.000000,10800.000000,2.288889,1162,1157,180,6923,3931,13,28,10969,25749,7759,21226,2703,3483,36637,9,16,10,3,32.167000,32.190000,175.366000,84.718000,0.065000,0.214000,55.479000,55.593000,0.018000,1.186000,1.251000,142.574000
p521_hqc256,MLDSA65,pqc-hybrid,pqc,off,176.010000,0 - default,7378,14554,3309,27148.000000,12000.000000,2.262333,1162,1157,180,9425,5460,14,30,12169,28251,7759,23654,3860,3483,40339,10,16,12,3,32.321000,32.343000,174.482000,84.667000,0.074000,0.301000,55.413000,55.533000,0.016000,0.372000,0.437000,141.640000
p521_hqc256,MLDSA87,pqc-hybrid,pqc,off,177.060000,0 - default,7378,14554,4627,30439.000000,12000.000000,2.536583,1162,1157,180,12827,7418,14,33,12169,31653,7759,26945,3860,3483,43741,10,16,15,3,32.220000,32.240000,175.498000,84.577000,0.071000,0.397000,55.365000,55.477000,0.015000,1.813000,1.884000,142.824000
p521_hqc256,p256_mldsa44,pqc-hybrid,pqc-hybrid,off,174.590000,0 - default,7378,14554,2495,24928.000000,12000.000000,2.077333,1162,1157,180,7131,4064,14,28,12169,25957,7759,21434,3860,3483,38045,10,16,10,3,32.179000,32.199000,172.757000,84.598000,0.069000,0.605000,55.353000,55.578000,0.013000,0.395000,0.655000,141.701000
p521_hqc256,rsa3072_mldsa44,pqc-hybrid,pqc-hybrid,off,178.500000,0 - default,7378,14554,2808,25891.000000,10800.000000,2.397315,1162,1157,180,8131,4709,13,29,10969,26957,7759,22397,2703,3483,37845,9,16,11,3,32.315000,32.338000,176.206000,84.610000,0.114000,0.814000,55.448000,55.742000,0.018000,2.666000,2.980000,144.510000
p521_hqc256,p384_mldsa65,pqc-hybrid,pqc-hybrid,off,176.520000,0 - default,7378,14554,3415,27450.000000,12000.000000,2.287500,1162,1157,180,9727,5656,14,30,12169,28553,7759,23956,3860,3483,40641,10,16,12,3,32.201000,32.223000,173.991000,84.726000,0.078000,1.236000,55.465000,55.752000,0.017000,1.140000,1.461000,142.961000
p521_hqc256,p521_mldsa87,pqc-hybrid,pqc-hybrid,off,178.410000,0 - default,7378,14554,4770,30848.000000,12000.000000,2.570667,1162,1157,180,13236,7684,14,33,12169,32062,7759,27354,3860,3483,44150,10,16,15,3,32.289000,32.310000,174.981000,84.733000,0.082000,2.076000,55.325000,55.576000,0.017000,2.207000,2.522000,143.870000
p521_hqc256,falcon512,pqc-hybrid,pqc,off,175.830000,0 - default,7378,14554,655,20745.000000,10800.000000,1.920833,1162,1157,138,2800,1741,11,24,10841,21621,7759,17251,2647,3483,32416,9,16,6,2,32.266000,32.287000,174.427000,84.576000,0.081000,0.302000,55.434000,55.720000,0.017000,0.254000,0.541000,143.179000
p521_hqc256,falcon1024,pqc-hybrid,pqc,off,176.500000,0 - default,7378,14554,1269,22881.000000,10800.000000,2.118611,1162,1157,180,5010,3253,13,26,10969,23836,7759,19387,2703,3483,34724,9,16,8,3,32.597000,32.619000,175.083000,84.916000,0.074000,0.345000,55.337000,55.619000,0.016000,0.464000,0.761000,142.174000
p521_hqc256,p256_falcon512,pqc-hybrid,pqc-hybrid,off,174.780000,0 - default,7378,14554,730,20969.000000,12000.000000,1.747417,1162,1157,180,3061,1885,14,25,12169,21887,7759,17475,3860,3483,33975,10,16,7,3,32.147000,32.169000,173.039000,84.775000,0.071000,0.608000,55.309000,55.574000,0.016000,0.495000,0.797000,143.015000
p521_hqc256,rsa3072_falcon512,pqc-hybrid,pqc-hybrid,off,177.690000,0 - default,7378,14554,1041,21927.000000,12000.000000,1.827250,1162,1157,180,4019,2532,14,25,12169,22845,7759,18433,3860,3483,34933,10,16,7,3,37.708000,37.731000,175.924000,84.557000,0.069000,0.704000,55.371000,55.640000,0.018000,2.781000,3.090000,145.067000
p521_hqc256,falconpadded512,pqc-hybrid,pqc,off,175.910000,0 - default,7378,14554,666,20765.000000,10800.000000,1.922685,1162,1157,138,2820,1750,11,24,10841,21641,7759,17271,2647,3483,32436,9,16,6,2,32.107000,32.127000,174.562000,84.611000,0.071000,0.306000,55.376000,55.661000,0.017000,0.262000,0.558000,143.106000
p521_hqc256,p256_falconpadded512,pqc-hybrid,pqc-hybrid,off,174.810000,0 - default,7378,14554,741,20990.000000,12000.000000,1.749167,1162,1157,138,3082,1895,12,25,12041,21903,7759,17496,3804,3483,33898,10,16,7,2,32.127000,32.147000,173.068000,84.790000,0.074000,0.626000,55.385000,55.624000,0.017000,0.492000,0.793000,143.900000
p521_hqc256,rsa3072_falconpadded512,pqc-hybrid,pqc-hybrid,off,177.620000,0 - default,7378,14554,1054,21948.000000,12000.000000,1.829000,1162,1157,180,4040,2540,14,25,12169,22866,7759,18454,3860,3483,34954,10,16,7,3,38.562000,38.594000,175.796000,84.611000,0.072000,0.720000,55.374000,55.613000,0.015000,2.733000,3.026000,145.052000
p521_hqc256,p521_falcon1024,pqc-hybrid,pqc-hybrid,off,178.600000,0 - default,7378,14554,1412,23306.000000,12000.000000,1.942167,1162,1157,180,5472,3530,14,27,12169,24298,7759,19812,3860,3483,36386,10,16,9,3,32.190000,32.211000,175.411000,84.707000,0.067000,2.019000,55.452000,55.737000,0.017000,2.548000,2.857000,144.225000
p521_hqc256,falconpadded1024,pqc-hybrid,pqc,off,175.970000,0 - default,7378,14554,1280,22899.000000,12000.000000,1.908250,1162,1157,180,5028,3260,14,26,12169,23854,7759,19405,3860,3483,35942,10,16,8,3,32.343000,32.364000,174.551000,84.543000,0.075000,0.338000,55.322000,55.606000,0.016000,0.476000,0.781000,141.801000
p521_hqc256,p521_falconpadded1024,pqc-hybrid,pqc-hybrid,off,178.510000,0 - default,7378,14554,1423,23326.000000,10800.000000,2.159815,1162,1157,180,5492,3539,13,27,10969,24318,7759,19832,2703,3483,35206,9,16,9,3,32.092000,32.113000,175.261000,84.649000,0.078000,2.043000,55.369000,55.649000,0.017000,2.530000,2.848000,144.139000
p521_hqc256,sphincssha2128fsimple,pqc-hybrid,pqc,off,183.810000,0 - default,7378,14554,17088,27826.000000,10800.000000,2.576481,1162,1157,306,35891,17305,15,48,11065,51192,7759,49420,2703,2,62211,9,15,31,6,32.152000,32.173000,181.508000,84.758000,0.100000,0.788000,55.346000,55.677000,0.017000,7.070000,7.417000,148.760000
p521_hqc256,p256_sphincssha2128fsimple,pqc-hybrid,pqc-hybrid,off,182.590000,0 - default,7378,14554,17162,32364.000000,12000.000000,2.697000,1162,1157,306,36111,17451,16,51,12265,51532,7759,49640,3860,5,63751,10,18,31,6,32.238000,32.259000,180.113000,84.673000,0.093000,1.074000,55.462000,55.721000,0.016000,7.326000,7.684000,148.955000
p521_hqc256,rsa3072_sphincssha2128fsimple,pqc-hybrid,pqc-hybrid,off,186.240000,0 - default,7378,14554,17476,27826.000000,10800.000000,2.576481,1162,1157,306,37118,18100,15,49,11065,52419,7759,50610,2703,2,63438,9,15,32,6,32.195000,32.218000,183.481000,84.813000,0.108000,1.213000,55.323000,55.615000,0.017000,9.589000,9.964000,151.319000
p521_hqc256,sphincssha2128ssimple,pqc-hybrid,pqc,off,322.660000,0 - default,7378,14554,7856,27826.000000,10800.000000,2.576481,1162,1157,222,16798,8072,13,34,10981,32099,7759,30843,2703,2,43034,9,15,17,4,32.216000,32.238000,320.926000,84.641000,0.082000,0.464000,55.397000,55.664000,0.017000,146.519000,146.881000,289.173000
p521_hqc256,p256_sphincssha2128ssimple,pqc-hybrid,pqc-hybrid,off,321.770000,0 - default,7378,14554,7931,27826.000000,10800.000000,2.576481,1162,1157,222,17019,8218,13,34,10981,32320,7759,31064,2703,2,43255,9,15,17,4,32.247000,32.268000,319.617000,84.763000,0.082000,0.773000,55.344000,55.609000,0.017000,146.770000,147.125000,289.669000
p521_hqc256,rsa3072_sphincssha2128ssimple,pqc-hybrid,pqc-hybrid,off,324.260000,0 - default,7378,14554,8244,27826.000000,10800.000000,2.576481,1162,1157,264,17988,8868,15,34,11053,33294,7759,32034,2703,2,44266,9,15,17,5,32.188000,32.210000,322.062000,84.688000,0.083000,0.874000,55.364000,55.597000,0.017000,148.842000,149.195000,291.503000
p521_hqc256,sphincssha2192fsimple,pqc-hybrid,pqc,off,189.240000,0 - default,7378,14554,35664,31315.000000,12000.000000,2.609583,1162,1157,390,74467,35897,18,80,12349,89768,7759,86812,3860,2,102071,10,15,63,8,32.144000,32.164000,186.086000,84.689000,0.109000,1.049000,55.355000,55.658000,0.040000,11.966000,98.010000,153.499000
p521_hqc256,p384_sphincssha2192fsimple,pqc-hybrid,pqc-hybrid,off,189.850000,0 - default,7378,14554,35771,32400.000000,12000.000000,2.700000,1162,1157,306,74829,36108,16,82,12265,90171,7759,87137,3860,3,102389,10,16,64,6,32.199000,32.221000,185.559000,84.815000,0.113000,1.925000,55.335000,55.617000,0.039000,12.948000,99.742000,154.673000
p521_hqc256,sphincssha2192ssimple,pqc-hybrid,pqc,off,441.160000,0 - default,7378,14554,16224,27826.000000,10800.000000,2.576481,1162,1157,306,34135,16457,15,47,11065,49436,7759,47701,2703,2,60455,9,15,30,6,32.145000,32.165000,439.044000,84.753000,0.108000,0.597000,55.479000,55.820000,0.016000,264.116000,264.468000,406.016000
p521_hqc256,p384_sphincssha2192ssimple,pqc-hybrid,pqc-hybrid,off,441.010000,0 - default,7378,14554,16330,27826.000000,10800.000000,2.576481,1162,1157,306,34451,16667,15,47,11065,49752,7759,48017,2703,2,60771,9,15,30,6,32.146000,32.165000,437.876000,84.729000,0.107000,1.464000,55.313000,55.568000,0.018000,265.207000,265.577000,406.827000
p521_hqc256,sphincssha2256fsimple,pqc-hybrid,pqc,off,202.670000,0 - default,7378,14554,49856,27826.000000,10800.000000,2.576481,1162,1157,520,103967,50105,20,105,11279,119268,7759,115387,2703,2,130501,9,15,88,11,32.249000,32.271000,199.091000,84.621000,0.145000,1.085000,55.499000,55.858000,0.050000,24.451000,111.134000,166.313000
p521_hqc256,p521_sphincssha2256fsimple,pqc-hybrid,pqc-hybrid,off,204.780000,0 - default,7378,14554,49999,32364.000000,12000.000000,2.697000,1162,1157,604,104392,50387,23,108,12563,119813,7759,115812,3860,5,132330,10,18,88,13,32.184000,32.206000,199.442000,84.581000,0.145000,2.764000,55.534000,55.828000,0.077000,26.531000,113.333000,168.271000
p521_hqc256,sphincssha2256ssimple,pqc-hybrid,pqc,off,416.680000,0 - default,7378,14554,29792,27826.000000,10800.000000,2.576481,1162,1157,390,62299,30041,17,70,11149,77600,7759,75014,2703,2,88703,9,15,53,8,32.194000,32.216000,414.194000,84.754000,0.104000,0.709000,55.363000,55.688000,0.030000,239.613000,240.033000,381.353000
p521_hqc256,p521_sphincssha2256ssimple,pqc-hybrid,pqc-hybrid,off,419.370000,0 - default,7378,14554,29935,27826.000000,10800.000000,2.576481,1162,1157,390,62725,30324,17,70,11149,78026,7759,75440,2703,2,89129,9,15,53,8,32.172000,32.193000,414.694000,84.691000,0.115000,2.398000,55.382000,55.662000,0.033000,241.814000,242.259000,383.732000
p521_hqc256,sphincsshake128fsimple,pqc-hybrid,pqc,off,191.840000,0 - default,7378,14554,17088,31353.000000,12000.000000,2.612750,1162,1157,264,35891,17305,15,47,12223,51152,7759,49420,3860,1,63329,10,14,31,5,32.193000,32.213000,189.104000,84.592000,0.098000,1.324000,55.310000,55.584000,0.012000,15.244000,15.546000,156.426000
p521_hqc256,p256_sphincsshake128fsimple,pqc-hybrid,pqc-hybrid,off,190.880000,0 - default,7378,14554,17162,31353.000000,12000.000000,2.612750,1162,1157,264,36109,17449,15,47,12223,51370,7759,49638,3860,1,63547,10,14,31,5,32.250000,32.270000,187.719000,84.621000,0.097000,1.582000,55.303000,55.565000,0.013000,15.458000,15.763000,156.704000
p521_hqc256,rsa3072_sphincsshake128fsimple,pqc-hybrid,pqc-hybrid,off,194.200000,0 - default,7378,14554,17476,32400.000000,12000.000000,2.700000,1162,1157,264,37118,18100,15,50,12223,52460,7759,50610,3860,3,64636,10,16,32,5,32.230000,32.250000,190.935000,84.588000,0.089000,1.761000,55.351000,55.593000,0.016000,17.714000,18.029000,159.002000
p521_hqc256,sphincsshake128ssimple,pqc-hybrid,pqc,off,492.870000,0 - default,7378,14554,7856,27826.000000,10800.000000,2.576481,1162,1157,222,16799,8073,14,34,11011,32105,7759,30844,2703,2,43035,9,15,17,4,32.168000,32.188000,490.922000,84.850000,0.083000,0.742000,55.350000,55.591000,0.014000,316.543000,316.862000,459.155000
p521_hqc256,p256_sphincsshake128ssimple,pqc-hybrid,pqc-hybrid,off,490.900000,0 - default,7378,14554,7930,27826.000000,10800.000000,2.576481,1162,1157,222,17018,8218,14,34,11011,32324,7759,31063,2703,2,43254,9,15,17,4,32.267000,32.287000,488.549000,84.809000,0.085000,0.973000,55.306000,55.565000,0.017000,315.718000,316.065000,458.572000
p521_hqc256,rsa3072_sphincsshake128ssimple,pqc-hybrid,pqc-hybrid,off,493.480000,0 - default,7378,14554,8244,27826.000000,10800.000000,2.576481,1162,1157,264,17988,8868,15,34,11053,33294,7759,32034,2703,2,44266,9,15,17,5,32.195000,32.215000,491.154000,84.689000,0.086000,1.102000,55.338000,55.570000,0.013000,318.090000,318.396000,460.553000
p521_hqc256,sphincsshake192fsimple,pqc-hybrid,pqc,off,202.590000,0 - default,7378,14554,35664,31353.000000,12000.000000,2.612750,1162,1157,432,74467,35897,19,79,12391,89728,7759,86812,3860,1,102073,10,14,63,9,32.257000,32.285000,198.699000,84.725000,0.111000,1.857000,55.344000,55.607000,0.032000,24.666000,110.643000,166.050000
p521_hqc256,p384_sphincsshake192fsimple,pqc-hybrid,pqc-hybrid,off,203.180000,0 - default,7378,14554,35771,27826.000000,10800.000000,2.576481,1162,1157,474,74828,36108,19,81,11233,90129,7759,87136,2703,2,101316,9,15,64,10,32.131000,32.152000,198.214000,84.740000,0.116000,2.684000,55.401000,55.686000,0.057000,25.505000,111.689000,167.226000
p521_hqc256,sphincsshake192ssimple,pqc-hybrid,pqc,off,742.810000,0 - default,7378,14554,16224,27826.000000,10800.000000,2.576481,1162,1157,306,34135,16457,15,47,11065,49436,7759,47701,2703,2,60455,9,15,30,6,32.313000,32.334000,740.467000,84.687000,0.121000,0.830000,55.347000,55.672000,0.016000,566.301000,566.644000,707.911000
p521_hqc256,p384_sphincsshake192ssimple,pqc-hybrid,pqc-hybrid,off,743.560000,0 - default,7378,14554,16331,27826.000000,10800.000000,2.576481,1162,1157,306,34454,16669,15,47,11065,49755,7759,48020,2703,2,60774,9,15,30,6,32.332000,32.353000,740.034000,84.680000,0.122000,1.753000,55.290000,55.534000,0.013000,567.402000,567.734000,709.012000
p521_hqc256,sphincsshake256fsimple,pqc-hybrid,pqc,off,230.110000,0 - default,7378,14554,49856,27826.000000,10800.000000,2.576481,1162,1157,562,103967,50105,21,105,11321,119268,7759,115387,2703,2,130543,9,15,88,12,32.307000,32.330000,225.770000,84.772000,0.135000,1.856000,55.328000,55.623000,0.049000,51.238000,137.722000,192.917000
p521_hqc256,p521_sphincsshake256fsimple,pqc-hybrid,pqc-hybrid,off,231.990000,0 - default,7378,14554,49999,27826.000000,10800.000000,2.576481,1162,1157,520,104392,50387,20,105,11279,119693,7759,115812,2703,2,130926,9,15,88,11,32.365000,32.386000,226.187000,84.946000,0.134000,3.527000,55.248000,55.487000,0.070000,53.409000,140.205000,195.097000
p521_hqc256,sphincsshake256ssimple,pqc-hybrid,pqc,off,659.900000,0 - default,7378,14554,29792,27826.000000,10800.000000,2.576481,1162,1157,390,62299,30041,17,70,11149,77600,7759,75014,2703,2,88703,9,15,53,8,32.244000,32.265000,656.962000,84.802000,0.115000,1.078000,55.355000,55.623000,0.027000,482.729000,483.118000,624.462000
p521_hqc256,p521_sphincsshake256ssimple,pqc-hybrid,pqc-hybrid,off,664.450000,0 - default,7378,14554,29935,27826.000000,10800.000000,2.576481,1162,1157,432,62725,30324,18,70,11191,78026,7759,75440,2703,2,89171,9,15,53,9,32.156000,32.177000,659.671000,84.686000,0.116000,2.758000,55.318000,55.579000,0.029000,486.884000,487.293000,628.560000
p521_hqc256,ED25519,pqc-hybrid,classic,off,174.510000,0 - default,7378,14554,64,18678.000000,12000.000000,1.556500,1162,1157,138,696,270,12,23,12041,19517,7759,15184,3804,3483,31512,10,16,5,2,32.212000,32.232000,173.434000,84.538000,0.057000,0.180000,55.320000,55.399000,0.012000,0.042000,0.080000,141.860000
p521_hqc256,ED448,pqc-hybrid,classic,off,175.040000,0 - default,7378,14554,114,18803.000000,12000.000000,1.566917,1162,1157,138,821,345,12,23,12041,19642,7759,15309,3804,3483,31637,10,16,5,2,32.104000,32.125000,173.748000,84.650000,0.064000,0.303000,55.347000,55.432000,0.016000,0.212000,0.257000,142.467000
bp256_mlkem512,MLDSA44,pqc-hybrid,pqc,off,10.370000,0 - default,865,833,2420,3451.000000,2400.000000,1.437917,1161,895,222,6809,3931,6,10,2581,7793,1216,7445,1117,0,10328,2,1,7,4,5.402000,5.422000,9.008000,1.659000,0.053000,0.205000,0.951000,1.025000,0.012000,0.284000,0.336000,3.377000
bp256_mlkem512,MLDSA65,pqc-hybrid,pqc,off,11.020000,0 - default,865,833,3309,3451.000000,2400.000000,1.437917,1161,895,222,9311,5460,6,12,2581,10295,1216,9873,1117,0,12830,2,1,9,4,5.204000,5.225000,9.579000,1.632000,0.049000,0.280000,0.943000,1.013000,0.012000,0.968000,1.025000,4.027000
bp256_mlkem512,MLDSA87,pqc-hybrid,pqc,off,11.300000,0 - default,865,833,4627,3451.000000,2400.000000,1.437917,1161,895,222,12713,7418,6,15,2581,13697,1216,13164,1117,0,16232,2,1,12,4,5.154000,5.176000,9.710000,1.722000,0.055000,0.387000,0.943000,1.016000,0.012000,0.976000,1.051000,4.152000
bp256_mlkem512,p256_mldsa44,pqc-hybrid,pqc-hybrid,off,9.540000,0 - default,865,833,2495,3451.000000,2400.000000,1.437917,1161,895,222,7017,4064,6,10,2581,8001,1216,7653,1117,0,10536,2,1,7,4,5.179000,5.199000,7.742000,1.660000,0.054000,0.561000,0.918000,1.153000,0.011000,0.397000,0.643000,3.819000
bp256_mlkem512,rsa3072_mldsa44,pqc-hybrid,pqc-hybrid,off,12.310000,0 - default,865,833,2808,3451.000000,2400.000000,1.437917,1161,895,222,8017,4709,6,11,2581,9001,1216,8616,1117,0,11536,2,1,8,4,5.191000,5.211000,10.517000,1.734000,0.053000,0.668000,0.912000,1.122000,0.011000,2.606000,2.857000,6.061000
bp256_mlkem512,p384_mldsa65,pqc-hybrid,pqc-hybrid,off,11.030000,0 - default,865,833,3416,3451.000000,2400.000000,1.437917,1161,895,222,9614,5656,6,12,2581,10598,1216,10176,1117,0,13133,2,1,9,4,5.163000,5.184000,8.577000,1.775000,0.056000,1.157000,0.938000,1.163000,0.011000,1.125000,1.382000,4.678000
bp256_mlkem512,p521_mldsa87,pqc-hybrid,pqc-hybrid,off,13.080000,0 - default,865,833,4768,3451.000000,2400.000000,1.437917,1161,895,222,13120,7684,6,15,2581,14104,1216,13571,1117,0,16639,2,1,12,4,5.190000,5.211000,9.612000,1.706000,0.065000,2.012000,0.923000,1.144000,0.012000,2.276000,2.539000,5.792000
bp256_mlkem512,falcon512,pqc-hybrid,pqc,off,10.760000,0 - default,865,833,652,3476.000000,2400.000000,1.448333,1161,895,138,2724,1741,4,7,2441,3708,1216,3471,1061,0,6103,2,1,4,2,5.219000,5.239000,9.560000,1.659000,0.057000,0.298000,0.935000,1.176000,0.012000,0.267000,0.532000,5.032000
bp256_mlkem512,falcon1024,pqc-hybrid,pqc,off,11.070000,0 - default,865,833,1270,3451.000000,2400.000000,1.437917,1161,895,180,4897,3253,5,8,2539,5881,1216,5607,1117,0,8374,2,1,5,3,5.183000,5.203000,9.641000,1.635000,0.064000,0.325000,0.918000,1.175000,0.012000,0.498000,0.747000,3.934000
bp256_mlkem512,p256_falcon512,pqc-hybrid,pqc-hybrid,off,9.440000,0 - default,865,833,731,3451.000000,2400.000000,1.437917,1161,895,180,2948,1885,5,7,2539,3932,1216,3695,1117,0,6425,2,1,4,3,5.209000,5.229000,7.804000,1.624000,0.053000,0.561000,0.907000,1.146000,0.012000,0.477000,0.722000,4.804000
bp256_mlkem512,rsa3072_falcon512,pqc-hybrid,pqc-hybrid,off,12.550000,0 - default,865,833,1041,3451.000000,2400.000000,1.437917,1161,895,180,3946,2532,5,8,2539,4930,1216,4656,1117,0,7423,2,1,5,3,5.204000,5.225000,10.776000,1.726000,0.050000,0.680000,0.923000,1.132000,0.011000,2.731000,2.983000,6.213000
bp256_mlkem512,falconpadded512,pqc-hybrid,pqc,off,10.740000,0 - default,865,833,666,3499.000000,2400.000000,1.457917,1161,895,138,2747,1750,4,7,2441,3731,1216,3494,1061,0,6126,2,1,4,2,5.171000,5.191000,9.567000,1.799000,0.055000,0.300000,0.931000,1.167000,0.011000,0.268000,0.521000,5.113000
bp256_mlkem512,p256_falconpadded512,pqc-hybrid,pqc-hybrid,off,9.830000,0 - default,865,833,741,3451.000000,2400.000000,1.437917,1161,895,180,2968,1895,5,7,2539,3952,1216,3715,1117,0,6445,2,1,4,3,5.236000,5.256000,8.176000,1.745000,0.062000,0.576000,0.925000,1.171000,0.012000,0.486000,0.724000,4.977000
bp256_mlkem512,rsa3072_falconpadded512,pqc-hybrid,pqc-hybrid,off,12.580000,0 - default,865,833,1054,3451.000000,2400.000000,1.437917,1161,895,180,3968,2540,5,8,2539,4952,1216,4678,1117,0,7445,2,1,5,3,5.197000,5.217000,10.803000,1.749000,0.056000,0.688000,0.915000,1.120000,0.011000,2.755000,3.000000,6.226000
bp256_mlkem512,p521_falcon1024,pqc-hybrid,pqc-hybrid,off,13.340000,0 - default,865,833,1415,3451.000000,2400.000000,1.437917,1161,895,180,5361,3530,5,9,2539,6345,1216,6034,1117,0,8838,2,1,6,3,5.149000,5.169000,10.033000,1.748000,0.068000,2.013000,0.914000,1.146000,0.011000,2.544000,2.796000,6.061000
bp256_mlkem512,falconpadded1024,pqc-hybrid,pqc,off,10.940000,0 - default,865,833,1280,3451.000000,2400.000000,1.437917,1161,895,180,4914,3260,5,8,2539,5898,1216,5624,1117,0,8391,2,1,5,3,5.229000,5.250000,9.521000,1.682000,0.056000,0.329000,0.933000,1.188000,0.011000,0.500000,0.751000,3.983000
bp256_mlkem512,p521_falconpadded1024,pqc-hybrid,pqc-hybrid,off,13.180000,0 - default,865,833,1423,3451.000000,2400.000000,1.437917,1161,895,180,5378,3539,5,9,2539,6362,1216,6051,1117,0,8855,2,1,6,3,5.205000,5.225000,9.970000,1.739000,0.058000,1.995000,0.927000,1.144000,0.011000,2.543000,2.786000,6.019000
bp256_mlkem512,sphincssha2128fsimple,pqc-hybrid,pqc,off,18.520000,0 - default,865,833,17088,3451.000000,2400.000000,1.437917,1161,895,348,35891,17305,9,34,2707,36875,1216,35639,1117,0,39536,2,1,31,7,5.172000,5.192000,16.273000,1.688000,0.068000,0.796000,0.925000,1.150000,0.045000,7.091000,7.428000,10.638000
bp256_mlkem512,p256_sphincssha2128fsimple,pqc-hybrid,pqc-hybrid,off,17.210000,0 - default,865,833,17163,3451.000000,2400.000000,1.437917,1161,895,348,36112,17451,9,34,2707,37096,1216,35860,1117,0,39757,2,1,31,7,5.234000,5.254000,14.628000,1.666000,0.070000,1.039000,0.920000,1.149000,0.039000,7.302000,7.628000,10.828000
bp256_mlkem512,rsa3072_sphincssha2128fsimple,pqc-hybrid,pqc-hybrid,off,20.320000,0 - default,865,833,17476,3451.000000,2400.000000,1.437917,1161,895,348,37118,18100,9,35,2707,38102,1216,36829,1117,0,40763,2,1,32,7,5.223000,5.244000,17.615000,1.705000,0.082000,1.171000,0.953000,1.166000,0.044000,9.525000,9.864000,13.145000
bp256_mlkem512,sphincssha2128ssimple,pqc-hybrid,pqc,off,157.250000,0 - default,865,833,7856,3451.000000,2400.000000,1.437917,1161,895,264,16722,8072,7,18,2623,17706,1216,17062,1117,0,20283,2,1,15,5,5.144000,5.164000,155.504000,1.689000,0.069000,0.452000,0.929000,1.155000,0.011000,146.309000,146.601000,149.875000
bp256_mlkem512,p256_sphincssha2128ssimple,pqc-hybrid,pqc-hybrid,off,156.810000,0 - default,865,833,7931,3451.000000,2400.000000,1.437917,1161,895,264,16943,8218,7,18,2623,17927,1216,17283,1117,0,20504,2,1,15,5,5.226000,5.248000,154.634000,1.831000,0.080000,0.756000,0.945000,1.173000,0.013000,146.779000,147.082000,150.573000
bp256_mlkem512,rsa3072_sphincssha2128ssimple,pqc-hybrid,pqc-hybrid,off,159.480000,0 - default,865,833,8244,3451.000000,2400.000000,1.437917,1161,895,264,17950,8868,7,19,2623,18934,1216,18253,1117,0,21511,2,1,16,5,5.156000,5.176000,157.304000,1.716000,0.070000,0.858000,0.922000,1.140000,0.011000,149.227000,149.510000,152.801000
bp256_mlkem512,sphincssha2192fsimple,pqc-hybrid,pqc,off,24.200000,0 - default,865,833,35664,3451.000000,2400.000000,1.437917,1161,895,600,74467,35897,15,66,2959,75451,1216,73031,1117,0,78364,2,1,63,13,5.187000,5.208000,21.072000,1.645000,0.088000,1.057000,0.943000,1.168000,0.060000,11.977000,14.655000,15.517000
bp256_mlkem512,p384_sphincssha2192fsimple,pqc-hybrid,pqc-hybrid,off,24.490000,0 - default,865,833,35771,3451.000000,2400.000000,1.437917,1161,895,558,74829,36108,14,67,2917,75813,1216,73356,1117,0,78684,2,1,64,12,5.224000,5.244000,20.329000,1.668000,0.094000,1.871000,0.934000,1.162000,0.055000,12.861000,15.548000,16.413000
bp256_mlkem512,sphincssha2192ssimple,pqc-hybrid,pqc,off,276.350000,0 - default,865,833,16224,3451.000000,2400.000000,1.437917,1161,895,348,34135,16457,9,33,2707,35119,1216,33920,1117,0,37780,2,1,30,7,5.150000,5.169000,274.243000,1.796000,0.086000,0.579000,0.923000,1.151000,0.040000,264.822000,265.167000,268.575000
bp256_mlkem512,p384_sphincssha2192ssimple,pqc-hybrid,pqc-hybrid,off,276.260000,0 - default,865,833,16332,3451.000000,2400.000000,1.437917,1161,895,306,34453,16667,8,33,2665,35437,1216,34238,1117,0,38056,2,1,30,6,5.221000,5.241000,273.161000,1.746000,0.095000,1.438000,0.938000,1.169000,0.040000,265.439000,265.790000,269.197000
bp256_mlkem512,sphincssha2256fsimple,pqc-hybrid,pqc,off,37.750000,0 - default,865,833,49856,3451.000000,2400.000000,1.437917,1161,895,646,103967,50105,16,91,3005,104951,1216,101606,1117,0,107910,2,1,88,14,5.216000,5.236000,34.210000,1.857000,0.135000,1.100000,0.915000,1.152000,0.078000,24.522000,28.211000,28.483000
bp256_mlkem512,p521_sphincssha2256fsimple,pqc-hybrid,pqc-hybrid,off,39.350000,0 - default,865,833,49998,3451.000000,2400.000000,1.437917,1161,895,778,104391,50387,19,91,3137,105375,1216,102030,1117,0,108466,2,1,88,17,5.184000,5.204000,34.110000,1.743000,0.112000,2.716000,0.921000,1.152000,0.076000,26.485000,29.978000,30.163000
bp256_mlkem512,sphincssha2256ssimple,pqc-hybrid,pqc,off,251.970000,0 - default,865,833,29792,3451.000000,2400.000000,1.437917,1161,895,516,62299,30041,13,56,2875,63283,1216,61233,1117,0,66112,2,1,53,11,5.182000,5.202000,249.411000,1.714000,0.103000,0.695000,0.917000,1.142000,0.053000,240.159000,240.570000,243.933000
bp256_mlkem512,p521_sphincssha2256ssimple,pqc-hybrid,pqc-hybrid,off,254.200000,0 - default,865,833,29935,3451.000000,2400.000000,1.437917,1161,895,516,62768,30324,13,57,2875,63752,1216,61665,1117,0,66581,2,1,54,11,5.189000,5.209000,249.762000,1.776000,0.109000,2.373000,0.920000,1.151000,0.051000,242.039000,242.445000,245.882000
bp256_mlkem512,sphincsshake128fsimple,pqc-hybrid,pqc,off,27.160000,0 - default,865,833,17088,3451.000000,2400.000000,1.437917,1161,895,348,35891,17305,9,34,2707,36875,1216,35639,1117,0,39536,2,1,31,7,5.185000,5.205000,24.402000,1.755000,0.077000,1.298000,0.913000,1.139000,0.041000,15.202000,15.542000,18.808000
bp256_mlkem512,p256_sphincsshake128fsimple,pqc-hybrid,pqc-hybrid,off,26.150000,0 - default,865,833,17162,3451.000000,2400.000000,1.437917,1161,895,348,36109,17449,9,34,2707,37093,1216,35857,1117,0,39754,2,1,31,7,5.172000,5.192000,23.041000,1.757000,0.076000,1.553000,0.922000,1.152000,0.043000,15.428000,15.764000,19.060000
bp256_mlkem512,rsa3072_sphincsshake128fsimple,pqc-hybrid,pqc-hybrid,off,29.120000,0 - default,865,833,17476,3451.000000,2400.000000,1.437917,1161,895,348,37118,18100,9,35,2707,38102,1216,36829,1117,0,40763,2,1,32,7,5.192000,5.213000,25.944000,1.780000,0.073000,1.683000,0.914000,1.127000,0.051000,17.691000,18.043000,21.332000
bp256_mlkem512,sphincsshake128ssimple,pqc-hybrid,pqc,off,326.960000,0 - default,865,833,7856,3451.000000,2400.000000,1.437917,1161,895,264,16723,8073,7,18,2623,17707,1216,17063,1117,0,20284,2,1,15,5,5.189000,5.216000,324.994000,1.753000,0.083000,0.638000,0.904000,1.127000,0.012000,315.663000,315.956000,319.296000
bp256_mlkem512,p256_sphincsshake128ssimple,pqc-hybrid,pqc-hybrid,off,326.680000,0 - default,865,833,7931,3451.000000,2400.000000,1.437917,1161,895,264,16943,8218,7,18,2623,17927,1216,17283,1117,0,20504,2,1,15,5,5.168000,5.188000,324.263000,1.799000,0.089000,0.972000,1.009000,1.226000,0.011000,316.589000,316.886000,320.402000
bp256_mlkem512,rsa3072_sphincsshake128ssimple,pqc-hybrid,pqc-hybrid,off,329.460000,0 - default,865,833,8244,3451.000000,2400.000000,1.437917,1161,895,264,17950,8868,7,19,2623,18934,1216,18253,1117,0,21511,2,1,16,5,5.218000,5.239000,327.016000,1.732000,0.082000,1.080000,0.938000,1.158000,0.013000,318.743000,319.033000,322.404000
bp256_mlkem512,sphincsshake192fsimple,pqc-hybrid,pqc,off,38.060000,0 - default,865,833,35664,3451.000000,2400.000000,1.437917,1161,895,642,74467,35897,16,66,3001,75451,1216,73031,1117,0,78406,2,1,63,14,5.234000,5.254000,34.148000,1.653000,0.096000,1.814000,0.928000,1.147000,0.066000,25.011000,27.699000,28.547000
bp256_mlkem512,p384_sphincsshake192fsimple,pqc-hybrid,pqc-hybrid,off,37.940000,0 - default,865,833,35771,3451.000000,2400.000000,1.437917,1161,895,558,74829,36108,14,67,2917,75813,1216,73356,1117,0,78684,2,1,64,12,5.173000,5.193000,33.011000,1.723000,0.095000,2.643000,0.918000,1.154000,0.059000,25.501000,28.234000,29.097000
bp256_mlkem512,sphincsshake192ssimple,pqc-hybrid,pqc,off,580.940000,0 - default,865,833,16224,3451.000000,2400.000000,1.437917,1161,895,348,34135,16457,9,33,2707,35119,1216,33920,1117,0,37780,2,1,30,7,5.181000,5.205000,578.603000,1.853000,0.081000,0.822000,0.917000,1.146000,0.041000,569.135000,569.482000,572.928000
bp256_mlkem512,p384_sphincsshake192ssimple,pqc-hybrid,pqc-hybrid,off,579.990000,0 - default,865,833,16330,3451.000000,2400.000000,1.437917,1161,895,348,34453,16669,9,33,2707,35437,1216,34238,1117,0,38098,2,1,30,7,5.213000,5.233000,576.607000,1.815000,0.096000,1.692000,0.914000,1.146000,0.042000,568.959000,569.310000,572.774000
bp256_mlkem512,sphincsshake256fsimple,pqc-hybrid,pqc,off,64.810000,0 - default,865,833,49856,3451.000000,2400.000000,1.437917,1161,895,822,103967,50105,20,91,3181,104951,1216,101606,1117,0,108086,2,1,88,18,5.207000,5.229000,60.524000,1.841000,0.123000,1.857000,0.916000,1.144000,0.074000,51.212000,54.806000,55.043000
bp256_mlkem512,p521_sphincsshake256fsimple,pqc-hybrid,pqc-hybrid,off,66.940000,0 - default,865,833,49998,3451.000000,2400.000000,1.437917,1161,895,646,104429,50387,16,92,3005,105413,1216,102030,1117,0,108372,2,1,89,14,5.180000,5.201000,60.906000,1.820000,0.128000,3.533000,0.918000,1.151000,0.081000,53.262000,56.871000,57.110000
bp256_mlkem512,sphincsshake256ssimple,pqc-hybrid,pqc,off,494.550000,0 - default,865,833,29792,3451.000000,2400.000000,1.437917,1161,895,474,62299,30041,12,56,2833,63283,1216,61233,1117,0,66070,2,1,53,10,5.211000,5.231000,491.556000,1.767000,0.109000,1.060000,0.925000,1.161000,0.058000,481.964000,482.381000,485.848000
bp256_mlkem512,p521_sphincsshake256ssimple,pqc-hybrid,pqc-hybrid,off,498.850000,0 - default,865,833,29935,3451.000000,2400.000000,1.437917,1161,895,516,62768,30324,13,57,2875,63752,1216,61665,1117,0,66581,2,1,54,11,5.206000,5.227000,494.027000,1.829000,0.111000,2.738000,0.904000,1.135000,0.042000,486.256000,486.645000,490.123000
bp256_mlkem512,ED25519,pqc-hybrid,classic,off,9.780000,0 - default,865,833,64,1408.000000,2400.000000,0.586667,1161,895,138,582,270,4,5,2441,1566,1216,1403,1061,0,3961,2,1,2,2,5.187000,5.208000,8.779000,1.713000,0.046000,0.176000,0.931000,1.006000,0.010000,0.040000,0.081000,4.257000
bp256_mlkem512,ED448,pqc-hybrid,classic,off,10.120000,0 - default,865,833,114,1533.000000,2400.000000,0.638750,1161,895,138,707,345,4,5,2441,1691,1216,1528,1061,0,4086,2,1,2,2,5.179000,5.199000,8.990000,1.688000,0.047000,0.288000,0.961000,1.030000,0.011000,0.211000,0.246000,4.527000
bp384_mlkem768,MLDSA44,pqc-hybrid,pqc,off,11.900000,0 - default,1281,1185,2420,6939.000000,3600.000000,1.927500,1162,1157,180,6767,3931,6,10,3739,8146,1637,7797,1858,0,11839,3,2,6,3,5.639000,5.659000,10.703000,2.167000,0.047000,0.209000,1.789000,1.860000,0.012000,0.264000,0.316000,5.558000
bp384_mlkem768,MLDSA65,pqc-hybrid,pqc,off,12.920000,0 - default,1281,1185,3309,6939.000000,3600.000000,1.927500,1162,1157,180,9269,5460,6,12,3739,10648,1637,10225,1858,0,14341,3,2,8,3,5.594000,5.615000,11.613000,2.064000,0.044000,0.288000,1.804000,1.875000,0.012000,1.106000,1.164000,6.332000
bp384_mlkem768,MLDSA87,pqc-hybrid,pqc,off,13.760000,0 - default,1281,1185,4627,6939.000000,3600.000000,1.927500,1162,1157,264,12671,7418,8,15,3823,14050,1637,13516,1858,0,17827,3,2,11,5,5.656000,5.676000,12.145000,2.061000,0.050000,0.396000,1.770000,1.844000,0.011000,1.816000,1.892000,6.213000
bp384_mlkem768,p256_mldsa44,pqc-hybrid,pqc-hybrid,off,11.010000,0 - default,1281,1185,2494,6939.000000,3600.000000,1.927500,1162,1157,222,6974,4064,7,10,3781,8353,1637,8004,1858,0,12088,3,2,6,4,5.689000,5.710000,9.373000,2.023000,0.052000,0.541000,1.757000,1.997000,0.011000,0.317000,0.572000,5.948000
bp384_mlkem768,rsa3072_mldsa44,pqc-hybrid,pqc-hybrid,off,14.110000,0 - default,1281,1185,2808,6939.000000,3600.000000,1.927500,1162,1157,180,7975,4709,6,11,3739,9354,1637,8968,1858,0,13047,3,2,7,3,5.633000,5.653000,12.380000,2.093000,0.056000,0.668000,1.761000,1.979000,0.012000,2.642000,2.900000,8.274000
bp384_mlkem768,p384_mldsa65,pqc-hybrid,pqc-hybrid,off,12.710000,0 - default,1281,1185,3415,6939.000000,3600.000000,1.927500,1162,1157,264,9613,5656,8,13,3823,10992,1637,10532,1858,0,14769,3,2,9,5,5.669000,5.689000,10.228000,2.137000,0.054000,1.180000,1.765000,1.988000,0.011000,1.075000,1.339000,5.853000
bp384_mlkem768,p521_mldsa87,pqc-hybrid,pqc-hybrid,off,14.850000,0 - default,1281,1185,4769,6939.000000,3600.000000,1.927500,1162,1157,264,13120,7684,8,16,3823,14499,1637,13928,1858,0,18276,3,2,12,5,5.669000,5.691000,11.424000,2.146000,0.062000,2.027000,1.793000,2.017000,0.012000,2.229000,2.495000,7.073000
bp384_mlkem768,falcon512,pqc-hybrid,pqc,off,13.050000,0 - default,1281,1185,651,3828.000000,3600.000000,1.063333,1162,1157,138,2682,1741,5,7,3641,4061,1637,3823,1802,0,7656,3,2,3,2,5.679000,5.700000,11.871000,2.443000,0.050000,0.293000,1.753000,1.990000,0.011000,0.258000,0.508000,6.586000
bp384_mlkem768,falcon1024,pqc-hybrid,pqc,off,12.560000,0 - default,1281,1185,1271,5970.000000,3600.000000,1.658333,1162,1157,138,4898,3253,5,9,3641,6277,1637,5965,1802,0,9872,3,2,5,2,5.621000,5.641000,11.354000,2.146000,0.046000,0.333000,1.753000,1.983000,0.011000,0.508000,0.756000,6.567000
bp384_mlkem768,p256_falcon512,pqc-hybrid,pqc-hybrid,off,10.970000,0 - default,1281,1185,731,4052.000000,3600.000000,1.125556,1162,1157,138,2906,1885,5,7,3641,4285,1637,4047,1802,0,7880,3,2,3,2,5.604000,5.623000,9.498000,2.013000,0.050000,0.559000,1.754000,1.988000,0.010000,0.481000,0.722000,6.670000
bp384_mlkem768,rsa3072_falcon512,pqc-hybrid,pqc-hybrid,off,14.390000,0 - default,1281,1185,1044,5017.000000,3600.000000,1.393611,1162,1157,138,3908,2532,5,8,3641,5287,1637,5012,1802,0,8882,3,2,4,2,5.670000,5.692000,12.751000,2.178000,0.064000,0.700000,1.784000,2.001000,0.012000,2.751000,2.998000,9.319000
bp384_mlkem768,falconpadded512,pqc-hybrid,pqc,off,12.240000,0 - default,1281,1185,666,3852.000000,3600.000000,1.070000,1162,1157,138,2706,1750,5,7,3641,4085,1637,3847,1802,0,7680,3,2,3,2,5.649000,5.670000,11.083000,2.086000,0.057000,0.297000,1.762000,2.003000,0.011000,0.263000,0.513000,6.223000
bp384_mlkem768,p256_falconpadded512,pqc-hybrid,pqc-hybrid,off,11.130000,0 - default,1281,1185,742,4073.000000,3600.000000,1.131389,1162,1157,138,2927,1895,5,7,3641,4306,1637,4068,1802,0,7901,3,2,3,2,5.609000,5.630000,9.666000,2.207000,0.047000,0.558000,1.765000,1.984000,0.011000,0.484000,0.732000,6.878000
bp384_mlkem768,rsa3072_falconpadded512,pqc-hybrid,pqc-hybrid,off,14.200000,0 - default,1281,1185,1054,5035.000000,3600.000000,1.398611,1162,1157,138,3926,2540,5,8,3641,5305,1637,5030,1802,0,8900,3,2,4,2,5.662000,5.682000,12.649000,2.142000,0.052000,0.681000,1.774000,1.988000,0.010000,2.749000,2.996000,9.147000
bp384_mlkem768,p521_falcon1024,pqc-hybrid,pqc-hybrid,off,14.740000,0 - default,1281,1185,1412,6388.000000,3600.000000,1.774444,1162,1157,180,5316,3530,6,9,3739,6695,1637,6383,1858,0,10388,3,2,5,3,5.581000,5.601000,11.747000,2.170000,0.054000,1.981000,1.752000,1.987000,0.011000,2.543000,2.799000,8.356000
bp384_mlkem768,falconpadded1024,pqc-hybrid,pqc,off,12.500000,0 - default,1281,1185,1280,5986.000000,3600.000000,1.662778,1162,1157,138,4914,3260,5,9,3641,6293,1637,5981,1802,0,9888,3,2,5,2,5.661000,5.682000,11.277000,2.044000,0.055000,0.335000,1.757000,1.998000,0.011000,0.491000,0.744000,6.479000
bp384_mlkem768,p521_falconpadded1024,pqc-hybrid,pqc-hybrid,off,14.860000,0 - default,1281,1185,1423,6408.000000,3600.000000,1.780000,1162,1157,180,5336,3539,6,9,3739,6715,1637,6403,1858,0,10408,3,2,5,3,5.625000,5.646000,11.847000,2.175000,0.058000,1.988000,1.773000,2.001000,0.011000,2.568000,2.821000,8.410000
bp384_mlkem768,sphincssha2128fsimple,pqc-hybrid,pqc,off,20.170000,0 - default,1281,1185,17088,6939.000000,3600.000000,1.927500,1162,1157,306,35847,17305,9,34,3865,37226,1637,35989,1858,0,41045,3,2,30,6,5.646000,5.667000,17.978000,2.193000,0.077000,0.787000,1.753000,1.983000,0.036000,7.068000,7.392000,11.973000
bp384_mlkem768,p256_sphincssha2128fsimple,pqc-hybrid,pqc-hybrid,off,19.140000,0 - default,1281,1185,17163,6939.000000,3600.000000,1.927500,1162,1157,348,36112,17451,10,35,3907,37491,1637,36217,1858,0,41352,3,2,31,7,5.656000,5.676000,16.518000,2.218000,0.070000,1.054000,1.763000,1.996000,0.036000,7.291000,7.621000,12.258000
bp384_mlkem768,rsa3072_sphincssha2128fsimple,pqc-hybrid,pqc-hybrid,off,22.040000,0 - default,1281,1185,17476,6939.000000,3600.000000,1.927500,1162,1157,348,37117,18100,10,36,3907,38496,1637,37185,1858,0,42357,3,2,32,7,5.584000,5.604000,19.344000,2.053000,0.074000,1.169000,1.765000,1.989000,0.038000,9.594000,9.935000,14.410000
bp384_mlkem768,sphincssha2128ssimple,pqc-hybrid,pqc,off,159.480000,0 - default,1281,1185,7856,6939.000000,3600.000000,1.927500,1162,1157,222,16721,8072,7,19,3781,18100,1637,17418,1858,0,21835,3,2,15,4,5.632000,5.653000,157.697000,2.169000,0.078000,0.459000,1.762000,2.009000,0.013000,146.504000,146.804000,151.497000
bp384_mlkem768,p256_sphincssha2128ssimple,pqc-hybrid,pqc-hybrid,off,158.500000,0 - default,1281,1185,7930,6939.000000,3600.000000,1.927500,1162,1157,222,16942,8218,7,19,3781,18321,1637,17639,1858,0,22056,3,2,15,4,5.637000,5.672000,156.447000,2.200000,0.057000,0.726000,1.778000,1.996000,0.010000,147.197000,147.470000,152.091000
bp384_mlkem768,rsa3072_sphincssha2128ssimple,pqc-hybrid,pqc-hybrid,off,161.300000,0 - default,1281,1185,8244,6939.000000,3600.000000,1.927500,1162,1157,222,17949,8868,7,20,3781,19328,1637,18609,1858,0,23063,3,2,16,4,5.617000,5.637000,159.177000,2.048000,0.061000,0.837000,1.755000,1.971000,0.011000,149.462000,149.740000,154.187000
bp384_mlkem768,sphincssha2192fsimple,pqc-hybrid,pqc,off,25.960000,0 - default,1281,1185,35664,6939.000000,3600.000000,1.927500,1162,1157,558,74467,35897,15,67,4117,75846,1637,73388,1858,0,79917,3,2,63,12,5.591000,5.611000,22.832000,2.076000,0.096000,1.041000,1.763000,1.989000,0.056000,11.949000,14.980000,16.779000
bp384_mlkem768,p384_sphincssha2192fsimple,pqc-hybrid,pqc-hybrid,off,26.150000,0 - default,1281,1185,35772,6939.000000,3600.000000,1.927500,1162,1157,516,74786,36108,14,67,4075,76165,1637,73707,1858,0,80194,3,2,63,11,5.599000,5.619000,22.058000,2.154000,0.092000,1.901000,1.764000,1.997000,0.055000,12.878000,15.979000,17.787000
bp384_mlkem768,sphincssha2192ssimple,pqc-hybrid,pqc,off,278.340000,0 - default,1281,1185,16224,6939.000000,3600.000000,1.927500,1162,1157,306,34091,16457,9,33,3865,35470,1637,34270,1858,0,39289,3,2,29,6,5.617000,5.637000,276.259000,2.310000,0.089000,0.578000,1.788000,2.016000,0.036000,265.193000,265.531000,270.353000
bp384_mlkem768,p384_sphincssha2192ssimple,pqc-hybrid,pqc-hybrid,off,278.040000,0 - default,1281,1185,16331,6939.000000,3600.000000,1.927500,1162,1157,348,34408,16667,10,33,3907,35787,1637,34587,1858,0,39648,3,2,29,7,5.637000,5.657000,274.883000,2.247000,0.092000,1.449000,1.761000,1.999000,0.038000,265.494000,265.847000,270.632000
bp384_mlkem768,sphincssha2256fsimple,pqc-hybrid,pqc,off,38.810000,0 - default,1281,1185,49856,6939.000000,3600.000000,1.927500,1162,1157,690,103923,50105,18,91,4249,105302,1637,101956,1858,0,109505,3,2,87,15,5.659000,5.679000,35.345000,2.120000,0.125000,1.070000,1.758000,1.988000,0.076000,24.482000,28.413000,29.471000
bp384_mlkem768,p521_sphincssha2256fsimple,pqc-hybrid,pqc-hybrid,off,40.950000,0 - default,1281,1185,49999,6939.000000,3600.000000,1.927500,1162,1157,732,104392,50387,19,92,4291,105771,1637,102388,1858,0,110016,3,2,88,16,5.646000,5.666000,35.769000,2.171000,0.108000,2.732000,1.778000,2.007000,0.071000,26.588000,30.502000,31.566000
bp384_mlkem768,sphincssha2256ssimple,pqc-hybrid,pqc,off,253.590000,0 - default,1281,1185,29792,6939.000000,3600.000000,1.927500,1162,1157,474,62255,30041,13,56,4033,63634,1637,61583,1858,0,67621,3,2,52,10,5.663000,5.684000,250.995000,2.242000,0.117000,0.718000,1.770000,1.997000,0.049000,239.811000,240.217000,245.012000
bp384_mlkem768,p521_sphincssha2256ssimple,pqc-hybrid,pqc-hybrid,off,256.590000,0 - default,1281,1185,29935,6939.000000,3600.000000,1.927500,1162,1157,432,62725,30324,12,57,3991,64104,1637,62016,1858,0,68049,3,2,53,9,5.635000,5.655000,251.946000,2.196000,0.100000,2.402000,1.758000,1.986000,0.045000,242.635000,243.026000,247.736000
bp384_mlkem768,sphincsshake128fsimple,pqc-hybrid,pqc,off,28.850000,0 - default,1281,1185,17088,6939.000000,3600.000000,1.927500,1162,1157,348,35847,17305,10,34,3907,37226,1637,35989,1858,0,41087,3,2,30,7,5.615000,5.635000,26.080000,2.118000,0.071000,1.310000,1.760000,1.988000,0.033000,15.261000,15.584000,20.101000
bp384_mlkem768,p256_sphincsshake128fsimple,pqc-hybrid,pqc-hybrid,off,27.580000,0 - default,1281,1185,17162,6939.000000,3600.000000,1.927500,1162,1157,348,36109,17449,10,35,3907,37488,1637,36214,1858,0,41349,3,2,31,7,5.599000,5.619000,24.435000,2.045000,0.070000,1.588000,1.766000,1.993000,0.035000,15.411000,15.734000,20.183000
bp384_mlkem768,rsa3072_sphincsshake128fsimple,pqc-hybrid,pqc-hybrid,off,30.550000,0 - default,1281,1185,17476,6939.000000,3600.000000,1.927500,1162,1157,348,37117,18100,10,36,3907,38496,1637,37185,1858,0,42357,3,2,32,7,5.621000,5.641000,27.362000,2.052000,0.072000,1.677000,1.764000,1.981000,0.037000,17.655000,17.990000,22.438000
bp384_mlkem768,sphincsshake128ssimple,pqc-hybrid,pqc,off,328.490000,0 - default,1281,1185,7856,6939.000000,3600.000000,1.927500,1162,1157,222,16722,8073,7,19,3781,18101,1637,17419,1858,0,21836,3,2,15,4,5.587000,5.607000,326.553000,2.157000,0.073000,0.664000,1.931000,2.164000,0.011000,315.383000,315.662000,320.420000
bp384_mlkem768,p256_sphincsshake128ssimple,pqc-hybrid,pqc-hybrid,off,327.560000,0 - default,1281,1185,7932,6939.000000,3600.000000,1.927500,1162,1157,222,16944,8218,7,19,3781,18323,1637,17641,1858,0,22058,3,2,15,4,5.600000,5.620000,325.290000,2.103000,0.060000,0.945000,1.769000,1.989000,0.011000,316.102000,316.376000,320.907000
bp384_mlkem768,rsa3072_sphincsshake128ssimple,pqc-hybrid,pqc-hybrid,off,329.910000,0 - default,1281,1185,8244,6939.000000,3600.000000,1.927500,1162,1157,222,17949,8868,7,20,3781,19328,1637,18609,1858,0,23063,3,2,16,4,5.639000,5.659000,327.427000,2.088000,0.074000,1.151000,1.770000,1.972000,0.011000,317.624000,317.904000,322.427000
bp384_mlkem768,sphincsshake192fsimple,pqc-hybrid,pqc,off,39.170000,0 - default,1281,1185,35664,6939.000000,3600.000000,1.927500,1162,1157,558,74467,35897,15,67,4117,75846,1637,73388,1858,0,79917,3,2,63,12,5.640000,5.660000,35.276000,2.048000,0.092000,1.822000,1.773000,1.999000,0.052000,24.516000,27.518000,29.325000
bp384_mlkem768,p384_sphincsshake192fsimple,pqc-hybrid,pqc-hybrid,off,39.600000,0 - default,1281,1185,35771,6939.000000,3600.000000,1.927500,1162,1157,558,74785,36108,15,67,4117,76164,1637,73706,1858,0,80235,3,2,63,12,5.623000,5.643000,34.758000,2.200000,0.097000,2.650000,1.778000,2.012000,0.051000,25.485000,28.635000,30.460000
bp384_mlkem768,sphincsshake192ssimple,pqc-hybrid,pqc,off,580.180000,0 - default,1281,1185,16224,6939.000000,3600.000000,1.927500,1162,1157,348,34091,16457,10,33,3907,35470,1637,34270,1858,0,39331,3,2,29,7,5.585000,5.605000,577.891000,2.245000,0.073000,0.840000,1.788000,2.014000,0.033000,566.906000,567.225000,571.922000
bp384_mlkem768,p384_sphincsshake192ssimple,pqc-hybrid,pqc-hybrid,off,580.490000,0 - default,1281,1185,16332,6939.000000,3600.000000,1.927500,1162,1157,348,34411,16669,10,33,3907,35790,1637,34590,1858,0,39651,3,2,29,7,5.617000,5.637000,577.143000,2.170000,0.079000,1.704000,1.793000,2.028000,0.035000,567.836000,568.164000,572.854000
bp384_mlkem768,sphincsshake256fsimple,pqc-hybrid,pqc,off,66.500000,0 - default,1281,1185,49856,6939.000000,3600.000000,1.927500,1162,1157,690,103923,50105,18,91,4249,105302,1637,101956,1858,0,109505,3,2,87,15,5.605000,5.638000,62.106000,2.089000,0.107000,1.901000,1.756000,1.988000,0.069000,51.214000,54.671000,56.091000
bp384_mlkem768,p521_sphincsshake256fsimple,pqc-hybrid,pqc-hybrid,off,68.570000,0 - default,1281,1185,49999,6939.000000,3600.000000,1.927500,1162,1157,734,104392,50387,19,92,4293,105771,1637,102388,1858,0,110018,3,2,88,16,5.623000,5.643000,62.500000,2.143000,0.121000,3.511000,1.773000,2.006000,0.071000,53.266000,56.771000,58.234000
bp384_mlkem768,sphincsshake256ssimple,pqc-hybrid,pqc,off,496.410000,0 - default,1281,1185,29792,6939.000000,3600.000000,1.927500,1162,1157,474,62255,30041,13,56,4033,63634,1637,61583,1858,0,67621,3,2,52,10,5.605000,5.625000,493.455000,2.140000,0.101000,1.092000,1.754000,1.978000,0.047000,482.479000,482.864000,487.477000
bp384_mlkem768,p521_sphincsshake256ssimple,pqc-hybrid,pqc-hybrid,off,498.630000,0 - default,1281,1185,29934,6939.000000,3600.000000,1.927500,1162,1157,474,62724,30324,13,57,4033,64103,1637,62015,1858,0,68090,3,2,53,10,5.618000,5.638000,493.852000,2.251000,0.087000,2.746000,1.754000,1.991000,0.034000,484.452000,484.818000,489.520000
bp384_mlkem768,ED25519,pqc-hybrid,classic,off,11.540000,0 - default,1281,1185,64,2287.000000,3600.000000,0.635278,1162,1157,138,540,270,5,5,3641,2446,1637,1755,1802,527,6041,3,2,1,2,5.630000,5.650000,10.560000,2.218000,0.039000,0.173000,1.785000,1.859000,0.010000,0.039000,0.075000,5.564000
bp384_mlkem768,ED448,pqc-hybrid,classic,off,11.900000,0 - default,1281,1185,114,2287.000000,3600.000000,0.635278,1162,1157,138,665,345,5,5,3641,2446,1637,1880,1802,402,6041,3,2,1,2,5.629000,5.650000,10.812000,2.214000,0.044000,0.288000,1.784000,1.853000,0.011000,0.210000,0.244000,5.825000
bp512_mlkem1024,MLDSA44,pqc-hybrid,pqc,off,13.750000,0 - default,1697,1697,2420,6939.000000,3600.000000,1.927500,1162,1157,180,6809,3931,6,11,3739,8700,2053,8314,1442,0,12393,3,2,7,3,6.001000,6.021000,12.531000,2.570000,0.047000,0.210000,2.494000,2.569000,0.011000,0.474000,0.525000,6.882000
bp512_mlkem1024,MLDSA65,pqc-hybrid,pqc,off,14.470000,0 - default,1697,1697,3309,6939.000000,3600.000000,1.927500,1162,1157,222,9311,5460,7,13,3781,11202,2053,10742,1442,0,14937,3,2,9,4,5.976000,5.996000,13.037000,2.481000,0.049000,0.270000,2.512000,2.582000,0.011000,1.101000,1.158000,6.607000
bp512_mlkem1024,MLDSA87,pqc-hybrid,pqc,off,14.560000,0 - default,1697,1697,4627,6939.000000,3600.000000,1.927500,1162,1157,222,12713,7418,7,16,3781,14604,2053,14033,1442,0,18339,3,2,12,4,5.934000,5.954000,12.966000,2.562000,0.048000,0.393000,2.504000,2.578000,0.012000,0.976000,1.040000,6.582000
bp512_mlkem1024,p256_mldsa44,pqc-hybrid,pqc-hybrid,off,12.700000,0 - default,1697,1697,2496,6939.000000,3600.000000,1.927500,1162,1157,180,7018,4064,6,11,3739,8909,2053,8523,1442,0,12602,3,2,7,3,6.004000,6.024000,11.077000,2.492000,0.056000,0.537000,2.474000,2.701000,0.011000,0.359000,0.608000,7.135000
bp512_mlkem1024,rsa3072_mldsa44,pqc-hybrid,pqc-hybrid,off,15.460000,0 - default,1697,1697,2808,6939.000000,3600.000000,1.927500,1162,1157,180,8017,4709,6,12,3739,9908,2053,9485,1442,0,13601,3,2,8,3,5.959000,5.979000,13.786000,2.469000,0.048000,0.638000,2.489000,2.701000,0.011000,2.568000,2.823000,9.218000
bp512_mlkem1024,p384_mldsa65,pqc-hybrid,pqc-hybrid,off,14.020000,0 - default,1697,1697,3417,6939.000000,3600.000000,1.927500,1162,1157,264,9615,5656,8,13,3823,11506,2053,11046,1442,0,15283,3,2,9,5,6.047000,6.068000,11.589000,2.454000,0.054000,1.125000,2.513000,2.733000,0.011000,1.062000,1.330000,6.914000
bp512_mlkem1024,p521_mldsa87,pqc-hybrid,pqc-hybrid,off,15.970000,0 - default,1697,1697,4769,6939.000000,3600.000000,1.927500,1162,1157,222,13121,7684,7,16,3781,15012,2053,14441,1442,0,18747,3,2,12,4,5.988000,6.008000,12.626000,2.395000,0.055000,1.991000,2.494000,2.715000,0.011000,2.233000,2.499000,8.015000
bp512_mlkem1024,falcon512,pqc-hybrid,pqc,off,13.700000,0 - default,1697,1697,655,4344.000000,3600.000000,1.206667,1162,1157,138,2686,1741,5,7,3641,4577,2053,4339,1386,0,8172,3,2,3,2,5.980000,6.001000,12.574000,2.520000,0.049000,0.282000,2.474000,2.713000,0.010000,0.255000,0.497000,7.321000
bp512_mlkem1024,falcon1024,pqc-hybrid,pqc,off,14.200000,0 - default,1697,1697,1270,6481.000000,3600.000000,1.800278,1162,1157,180,4897,3253,6,9,3739,6788,2053,6476,1442,0,10481,3,2,5,3,5.991000,6.013000,12.946000,2.538000,0.046000,0.339000,2.480000,2.716000,0.011000,0.489000,0.740000,7.239000
bp512_mlkem1024,p256_falcon512,pqc-hybrid,pqc-hybrid,off,12.400000,0 - default,1697,1697,731,4564.000000,3600.000000,1.267778,1162,1157,138,2906,1885,5,7,3641,4797,2053,4559,1386,0,8392,3,2,3,2,5.986000,6.006000,10.943000,2.377000,0.057000,0.556000,2.492000,2.709000,0.010000,0.474000,0.717000,7.753000
bp512_mlkem1024,rsa3072_falcon512,pqc-hybrid,pqc-hybrid,off,15.630000,0 - default,1697,1697,1046,5531.000000,3600.000000,1.536389,1162,1157,138,3910,2532,5,8,3641,5801,2053,5526,1386,0,9396,3,2,4,2,5.985000,6.006000,14.084000,2.472000,0.050000,0.678000,2.500000,2.716000,0.010000,2.747000,2.995000,10.202000
bp512_mlkem1024,falconpadded512,pqc-hybrid,pqc,off,13.770000,0 - default,1697,1697,666,4364.000000,3600.000000,1.212222,1162,1157,138,2706,1750,5,7,3641,4597,2053,4359,1386,0,8192,3,2,3,2,5.983000,6.009000,12.627000,2.486000,0.051000,0.288000,2.484000,2.719000,0.010000,0.261000,0.501000,7.334000
bp512_mlkem1024,p256_falconpadded512,pqc-hybrid,pqc-hybrid,off,12.580000,0 - default,1697,1697,742,4585.000000,3600.000000,1.273611,1162,1157,138,2927,1895,5,7,3641,4818,2053,4580,1386,0,8413,3,2,3,2,5.950000,5.970000,11.118000,2.564000,0.051000,0.569000,2.502000,2.716000,0.014000,0.479000,0.732000,7.960000
bp512_mlkem1024,rsa3072_falconpadded512,pqc-hybrid,pqc-hybrid,off,15.850000,0 - default,1697,1697,1054,5547.000000,3600.000000,1.540833,1162,1157,138,3926,2540,5,8,3641,5817,2053,5542,1386,0,9412,3,2,4,2,5.950000,5.970000,14.302000,2.520000,0.049000,0.688000,2.753000,2.973000,0.010000,2.724000,2.978000,10.500000
bp512_mlkem1024,p521_falcon1024,pqc-hybrid,pqc-hybrid,off,16.210000,0 - default,1697,1697,1410,6898.000000,3600.000000,1.916111,1162,1157,138,5314,3530,5,9,3641,7205,2053,6893,1386,0,10800,3,2,5,2,5.988000,6.009000,13.236000,2.563000,0.055000,1.999000,2.487000,2.726000,0.011000,2.551000,2.798000,11.591000
bp512_mlkem1024,falconpadded1024,pqc-hybrid,pqc,off,14.250000,0 - default,1697,1697,1280,6498.000000,3600.000000,1.805000,1162,1157,138,4914,3260,5,9,3641,6805,2053,6493,1386,0,10400,3,2,5,2,6.038000,6.058000,12.950000,2.511000,0.071000,0.355000,2.490000,2.744000,0.013000,0.487000,0.745000,7.816000
bp512_mlkem1024,p521_falconpadded1024,pqc-hybrid,pqc-hybrid,off,16.240000,0 - default,1697,1697,1423,6920.000000,3600.000000,1.922222,1162,1157,138,5336,3539,5,9,3641,7227,2053,6915,1386,0,10822,3,2,5,2,5.994000,6.014000,13.268000,2.438000,0.058000,1.982000,2.502000,2.733000,0.011000,2.540000,2.791000,11.478000
bp512_mlkem1024,sphincssha2128fsimple,pqc-hybrid,pqc,off,21.770000,0 - default,1697,1697,17088,6939.000000,3600.000000,1.927500,1162,1157,348,35891,17305,10,35,3907,37782,2053,36508,1442,0,41643,3,2,31,7,5.997000,6.017000,19.490000,2.431000,0.088000,0.775000,2.483000,2.712000,0.040000,7.072000,7.404000,12.992000
bp512_mlkem1024,p256_sphincssha2128fsimple,pqc-hybrid,pqc-hybrid,off,21.030000,0 - default,1697,1697,17164,6939.000000,3600.000000,1.927500,1162,1157,348,36113,17451,10,35,3907,38004,2053,36730,1442,0,41865,3,2,31,7,6.084000,6.106000,18.258000,2.533000,0.106000,1.111000,2.490000,2.732000,0.042000,7.292000,7.635000,13.402000
bp512_mlkem1024,rsa3072_sphincssha2128fsimple,pqc-hybrid,pqc-hybrid,off,23.640000,0 - default,1697,1697,17476,6939.000000,3600.000000,1.927500,1162,1157,306,37118,18100,9,36,3865,39009,2053,37698,1442,0,42828,3,2,32,6,6.018000,6.038000,20.931000,2.555000,0.081000,1.164000,2.523000,2.745000,0.035000,9.556000,9.888000,15.646000
bp512_mlkem1024,sphincssha2128ssimple,pqc-hybrid,pqc,off,160.870000,0 - default,1697,1697,7856,6939.000000,3600.000000,1.927500,1162,1157,222,16722,8072,7,19,3781,18613,2053,17931,1442,0,22348,3,2,15,4,5.975000,5.995000,158.989000,2.622000,0.077000,0.445000,2.482000,2.717000,0.011000,146.431000,146.708000,152.540000
bp512_mlkem1024,p256_sphincssha2128ssimple,pqc-hybrid,pqc-hybrid,off,159.680000,0 - default,1697,1697,7931,6939.000000,3600.000000,1.927500,1162,1157,222,16943,8218,7,19,3781,18834,2053,18152,1442,0,22569,3,2,15,4,6.011000,6.031000,157.487000,2.494000,0.085000,0.740000,2.491000,2.711000,0.011000,146.777000,147.064000,152.781000
bp512_mlkem1024,rsa3072_sphincssha2128ssimple,pqc-hybrid,pqc-hybrid,off,162.640000,0 - default,1697,1697,8244,6939.000000,3600.000000,1.927500,1162,1157,222,17950,8868,7,20,3781,19841,2053,19122,1442,0,23576,3,2,16,4,5.986000,6.006000,160.487000,2.432000,0.064000,0.818000,2.483000,2.694000,0.011000,149.208000,149.480000,155.034000
bp512_mlkem1024,sphincssha2192fsimple,pqc-hybrid,pqc,off,27.410000,0 - default,1697,1697,35664,6939.000000,3600.000000,1.927500,1162,1157,516,74467,35897,14,67,4075,76358,2053,73900,1442,0,80387,3,2,63,11,6.003000,6.023000,24.284000,2.459000,0.099000,1.063000,2.478000,2.704000,0.056000,11.933000,15.345000,17.867000
bp512_mlkem1024,p384_sphincssha2192fsimple,pqc-hybrid,pqc-hybrid,off,27.510000,0 - default,1697,1697,35771,6939.000000,3600.000000,1.927500,1162,1157,558,74785,36108,15,67,4117,76676,2053,74218,1442,0,80747,3,2,63,12,6.030000,6.049000,23.423000,2.458000,0.099000,1.870000,2.483000,2.713000,0.053000,12.893000,16.297000,18.821000
bp512_mlkem1024,sphincssha2192ssimple,pqc-hybrid,pqc,off,279.180000,0 - default,1697,1697,16224,6939.000000,3600.000000,1.927500,1162,1157,306,34091,16457,9,33,3865,35982,2053,34782,1442,0,39801,3,2,29,6,6.014000,6.035000,277.137000,2.467000,0.092000,0.569000,2.491000,2.721000,0.034000,264.804000,265.141000,270.808000
bp512_mlkem1024,p384_sphincssha2192ssimple,pqc-hybrid,pqc-hybrid,off,278.920000,0 - default,1697,1697,16330,6939.000000,3600.000000,1.927500,1162,1157,306,34451,16667,9,34,3865,36342,2053,35105,1442,0,40161,3,2,30,6,6.015000,6.035000,275.795000,2.582000,0.088000,1.463000,2.483000,2.713000,0.037000,264.900000,265.254000,271.073000
bp512_mlkem1024,sphincssha2256fsimple,pqc-hybrid,pqc,off,40.020000,0 - default,1697,1697,49856,6939.000000,3600.000000,1.927500,1162,1157,604,103967,50105,16,92,4163,105858,2053,102475,1442,0,109975,3,2,88,13,5.988000,6.008000,36.568000,2.397000,0.110000,1.027000,2.471000,2.697000,0.071000,24.425000,28.213000,30.327000
bp512_mlkem1024,p521_sphincssha2256fsimple,pqc-hybrid,pqc-hybrid,off,42.130000,0 - default,1697,1697,49999,6939.000000,3600.000000,1.927500,1162,1157,690,104392,50387,18,92,4249,106283,2053,102900,1442,0,110486,3,2,88,15,6.009000,6.030000,37.076000,2.534000,0.108000,2.712000,2.505000,2.732000,0.070000,26.473000,30.649000,32.539000
bp512_mlkem1024,sphincssha2256ssimple,pqc-hybrid,pqc,off,255.270000,0 - default,1697,1697,29792,6939.000000,3600.000000,1.927500,1162,1157,432,62299,30041,12,57,3991,64190,2053,62102,1442,0,68135,3,2,53,9,5.989000,6.009000,252.543000,2.677000,0.111000,0.710000,2.522000,2.785000,0.086000,239.384000,239.855000,245.963000
bp512_mlkem1024,p521_sphincssha2256ssimple,pqc-hybrid,pqc-hybrid,off,258.140000,0 - default,1697,1697,29934,6939.000000,3600.000000,1.927500,1162,1157,390,62724,30324,11,57,3949,64615,2053,62527,1442,0,68518,3,2,53,8,6.012000,6.032000,253.752000,2.508000,0.096000,2.356000,2.483000,2.714000,0.049000,242.941000,243.327000,249.038000
bp512_mlkem1024,sphincsshake128fsimple,pqc-hybrid,pqc,off,30.410000,0 - default,1697,1697,17088,6939.000000,3600.000000,1.927500,1162,1157,348,35891,17305,10,35,3907,37782,2053,36508,1442,0,41643,3,2,31,7,5.983000,6.003000,27.620000,2.528000,0.072000,1.326000,2.486000,2.710000,0.035000,15.226000,15.552000,21.198000
bp512_mlkem1024,p256_sphincsshake128fsimple,pqc-hybrid,pqc-hybrid,off,29.280000,0 - default,1697,1697,17164,6939.000000,3600.000000,1.927500,1162,1157,348,36111,17449,10,35,3907,38002,2053,36728,1442,0,41863,3,2,31,7,6.014000,6.034000,26.109000,2.467000,0.083000,1.574000,2.476000,2.708000,0.038000,15.435000,15.765000,21.355000
bp512_mlkem1024,rsa3072_sphincsshake128fsimple,pqc-hybrid,pqc-hybrid,off,32.240000,0 - default,1697,1697,17476,6939.000000,3600.000000,1.927500,1162,1157,306,37118,18100,9,36,3865,39009,2053,37698,1442,0,42828,3,2,32,6,5.952000,5.973000,29.011000,2.460000,0.074000,1.720000,2.483000,2.699000,0.034000,17.729000,18.062000,23.637000
bp512_mlkem1024,sphincsshake128ssimple,pqc-hybrid,pqc,off,329.970000,0 - default,1697,1697,7856,6939.000000,3600.000000,1.927500,1162,1157,222,16723,8073,7,19,3781,18614,2053,17932,1442,0,22349,3,2,15,4,5.965000,5.991000,327.961000,2.608000,0.077000,0.657000,2.494000,2.729000,0.011000,315.397000,315.687000,321.539000
bp512_mlkem1024,p256_sphincsshake128ssimple,pqc-hybrid,pqc-hybrid,off,329.240000,0 - default,1697,1697,7932,6939.000000,3600.000000,1.927500,1162,1157,222,16944,8218,7,19,3781,18835,2053,18153,1442,0,22570,3,2,15,4,6.007000,6.032000,326.848000,2.492000,0.077000,0.933000,2.494000,2.713000,0.011000,316.161000,316.441000,322.133000
bp512_mlkem1024,rsa3072_sphincsshake128ssimple,pqc-hybrid,pqc-hybrid,off,331.920000,0 - default,1697,1697,8244,6939.000000,3600.000000,1.927500,1162,1157,222,17950,8868,7,20,3781,19841,2053,19122,1442,0,23576,3,2,16,4,6.003000,6.024000,329.474000,2.536000,0.078000,1.070000,2.492000,2.708000,0.011000,318.146000,318.437000,324.163000
bp512_mlkem1024,sphincsshake192fsimple,pqc-hybrid,pqc,off,40.770000,0 - default,1697,1697,35664,6939.000000,3600.000000,1.927500,1162,1157,516,74467,35897,14,67,4075,76358,2053,73900,1442,0,80387,3,2,63,11,5.993000,6.013000,36.853000,2.465000,0.097000,1.835000,2.480000,2.704000,0.055000,24.486000,27.915000,30.432000
bp512_mlkem1024,p384_sphincsshake192fsimple,pqc-hybrid,pqc-hybrid,off,41.180000,0 - default,1697,1697,35770,6939.000000,3600.000000,1.927500,1162,1157,600,74784,36108,16,67,4159,76675,2053,74217,1442,0,80788,3,2,63,13,6.004000,6.024000,36.134000,2.474000,0.100000,2.790000,2.472000,2.702000,0.054000,25.445000,28.865000,31.379000
bp512_mlkem1024,sphincsshake192ssimple,pqc-hybrid,pqc,off,588.430000,0 - default,1697,1697,16224,6939.000000,3600.000000,1.927500,1162,1157,306,34091,16457,9,33,3865,35982,2053,34782,1442,0,39801,3,2,29,6,5.963000,5.984000,586.061000,2.532000,0.098000,0.828000,2.493000,2.722000,0.035000,573.347000,573.704000,579.676000
bp512_mlkem1024,p384_sphincsshake192ssimple,pqc-hybrid,pqc-hybrid,off,581.700000,0 - default,1697,1697,16330,6939.000000,3600.000000,1.927500,1162,1157,306,34453,16669,9,34,3865,36344,2053,35107,1442,0,40163,3,2,30,6,5.971000,5.991000,578.341000,2.536000,0.093000,1.701000,2.498000,2.727000,0.035000,567.492000,567.828000,573.583000
bp512_mlkem1024,sphincsshake256fsimple,pqc-hybrid,pqc,off,67.970000,0 - default,1697,1697,49856,6939.000000,3600.000000,1.927500,1162,1157,604,103967,50105,16,92,4163,105858,2053,102475,1442,0,109975,3,2,88,13,5.995000,6.016000,63.699000,2.398000,0.111000,1.839000,2.489000,2.716000,0.071000,51.267000,55.077000,57.193000
bp512_mlkem1024,p521_sphincsshake256fsimple,pqc-hybrid,pqc-hybrid,off,70.030000,0 - default,1697,1697,49999,6939.000000,3600.000000,1.927500,1162,1157,604,104392,50387,16,92,4163,106283,2053,102900,1442,0,110400,3,2,88,13,5.984000,6.004000,64.134000,2.578000,0.110000,3.523000,2.483000,2.717000,0.072000,53.354000,57.615000,59.464000
bp512_mlkem1024,sphincsshake256ssimple,pqc-hybrid,pqc,off,497.600000,0 - default,1697,1697,29792,6939.000000,3600.000000,1.927500,1162,1157,390,62299,30041,11,57,3949,64190,2053,62102,1442,0,68093,3,2,53,8,5.964000,5.985000,494.661000,2.519000,0.103000,1.071000,2.471000,2.698000,0.054000,482.228000,482.624000,488.337000
bp512_mlkem1024,p521_sphincsshake256ssimple,pqc-hybrid,pqc-hybrid,off,500.930000,0 - default,1697,1697,29933,6939.000000,3600.000000,1.927500,1162,1157,390,62723,30324,11,57,3949,64614,2053,62526,1442,0,68517,3,2,53,8,6.020000,6.040000,496.138000,2.582000,0.100000,2.744000,2.476000,2.709000,0.036000,485.302000,485.671000,491.436000
bp512_mlkem1024,ED25519,pqc-hybrid,classic,off,13.060000,0 - default,1697,1697,64,2287.000000,3600.000000,0.635278,1162,1157,138,540,270,5,5,3641,2446,2053,2267,1386,15,6041,3,2,1,2,5.969000,5.990000,12.093000,2.492000,0.040000,0.172000,2.501000,2.570000,0.017000,0.036000,0.078000,6.539000
bp512_mlkem1024,ED448,pqc-hybrid,classic,off,13.180000,0 - default,1697,1697,114,2402.000000,3600.000000,0.667222,1162,1157,138,707,345,5,6,3641,2598,2053,2397,1386,0,6193,3,2,2,2,5.974000,5.994000,12.072000,2.394000,0.044000,0.286000,2.497000,2.569000,0.010000,0.217000,0.253000,6.770000
secp256r1,MLDSA44,classic,pqc,off,2.910000,0 - default,65,65,2420,3451.000000,2400.000000,1.437917,367,127,180,6767,3931,5,9,2539,6983,422,6672,1911,0,9476,2,1,6,3,0.057000,0.077000,1.517000,0.104000,0.048000,0.201000,0.128000,0.254000,0.014000,0.319000,0.381000,1.111000
secp256r1,MLDSA65,classic,pqc,off,3.400000,0 - default,65,65,3309,3451.000000,2400.000000,1.437917,367,127,222,9269,5460,6,11,2581,9485,422,9100,1911,0,12020,2,1,8,4,0.065000,0.085000,1.919000,0.109000,0.043000,0.269000,0.128000,0.258000,0.013000,0.757000,0.820000,1.553000
secp256r1,MLDSA87,classic,pqc,off,3.300000,0 - default,65,65,4627,3451.000000,2400.000000,1.437917,367,127,222,12671,7418,6,14,2581,12887,422,12391,1911,0,15422,2,1,11,4,0.057000,0.077000,1.722000,0.086000,0.049000,0.385000,0.127000,0.250000,0.014000,0.585000,0.659000,1.348000
secp256r1,p256_mldsa44,classic,pqc-hybrid,off,4.250000,0 - default,65,65,2496,3451.000000,2400.000000,1.437917,367,127,180,7014,4064,5,10,2539,7230,422,6881,1911,0,9723,2,1,7,3,0.064000,0.084000,1.878000,0.109000,0.052000,1.117000,0.110000,0.411000,0.012000,0.411000,0.663000,1.557000
secp256r1,rsa3072_mldsa44,classic,pqc-hybrid,off,7.340000,0 - default,65,65,2808,3451.000000,2400.000000,1.437917,367,127,180,8013,4709,5,11,2539,8229,422,7843,1911,0,10722,2,1,8,3,0.062000,0.082000,4.962000,0.104000,0.051000,1.129000,0.149000,0.594000,0.016000,3.065000,3.450000,4.542000
secp256r1,p384_mldsa65,classic,pqc-hybrid,off,5.730000,0 - default,65,65,3415,3451.000000,2400.000000,1.437917,367,127,222,9651,5656,6,13,2581,9867,422,9407,1911,0,12402,2,1,10,4,0.063000,0.082000,2.692000,0.110000,0.054000,1.742000,0.126000,0.463000,0.012000,1.161000,1.426000,2.349000
secp256r1,p521_mldsa87,classic,pqc-hybrid,off,15.250000,0 - default,65,65,4769,3451.000000,2400.000000,1.437917,367,127,222,13196,7684,7,17,2611,13417,422,12803,1911,0,15947,2,1,14,4,0.064000,0.084000,4.084000,0.110000,0.059000,2.586000,0.129000,0.462000,0.014000,2.314000,2.619000,3.598000
secp256r1,falcon512,classic,pqc,off,3.120000,0 - default,65,65,658,2710.000000,2400.000000,1.129167,367,127,138,2689,1741,4,6,2441,2905,422,2705,1855,0,5300,2,1,3,2,0.060000,0.080000,1.920000,0.084000,0.048000,0.321000,0.129000,0.473000,0.013000,0.285000,0.557000,2.767000
secp256r1,falcon1024,classic,pqc,off,3.940000,0 - default,65,65,1270,3451.000000,2400.000000,1.437917,367,127,180,4935,3253,5,9,2539,5151,422,4839,1911,0,7644,2,1,6,3,0.055000,0.075000,2.327000,0.108000,0.056000,0.354000,0.143000,0.482000,0.014000,0.523000,0.805000,1.780000
secp256r1,p256_falcon512,classic,pqc-hybrid,off,4.490000,0 - default,65,65,732,2928.000000,2400.000000,1.220000,367,127,138,2907,1885,4,6,2441,3123,422,2923,1855,0,5518,2,1,3,2,0.059000,0.080000,2.222000,0.107000,0.057000,1.141000,0.130000,0.481000,0.013000,0.528000,0.817000,4.174000
secp256r1,rsa3072_falcon512,classic,pqc-hybrid,off,6.700000,0 - default,65,65,1042,3451.000000,2400.000000,1.437917,367,127,180,3906,2532,5,7,2539,4122,422,3885,1911,0,6615,2,1,4,3,0.064000,0.086000,4.427000,0.109000,0.054000,1.117000,0.139000,0.485000,0.013000,2.796000,3.069000,5.049000
secp256r1,falconpadded512,classic,pqc,off,3.280000,0 - default,65,65,666,2727.000000,2400.000000,1.136250,367,127,138,2706,1750,4,6,2441,2922,422,2722,1855,0,5317,2,1,3,2,0.057000,0.077000,1.906000,0.084000,0.049000,0.318000,0.112000,0.465000,0.011000,0.301000,0.561000,2.929000
secp256r1,p256_falconpadded512,classic,pqc-hybrid,off,4.310000,0 - default,65,65,741,2947.000000,2400.000000,1.227917,367,127,138,2926,1895,4,6,2441,3142,422,2942,1855,0,5537,2,1,3,2,0.059000,0.079000,2.132000,0.109000,0.051000,1.132000,0.106000,0.438000,0.012000,0.529000,0.779000,3.993000
secp256r1,rsa3072_falconpadded512,classic,pqc-hybrid,off,6.480000,0 - default,65,65,1054,3451.000000,2400.000000,1.437917,367,127,180,3926,2540,5,7,2539,4142,422,3905,1911,0,6635,2,1,4,3,0.060000,0.081000,4.318000,0.105000,0.065000,1.099000,0.118000,0.407000,0.012000,2.798000,3.051000,4.845000
secp256r1,p521_falcon1024,classic,pqc-hybrid,off,9.500000,0 - default,65,65,1412,3451.000000,2400.000000,1.437917,367,127,180,5354,3530,5,9,2539,5570,422,5258,1911,0,8063,2,1,6,3,0.057000,0.077000,5.584000,0.104000,0.052000,2.574000,0.185000,0.692000,0.013000,3.525000,3.932000,5.125000
secp256r1,falconpadded1024,classic,pqc,off,3.560000,0 - default,65,65,1280,3451.000000,2400.000000,1.437917,367,127,180,4952,3260,5,9,2539,5168,422,4856,1911,0,7661,2,1,6,3,0.057000,0.078000,2.045000,0.107000,0.050000,0.352000,0.114000,0.426000,0.012000,0.528000,0.775000,1.665000
secp256r1,p521_falconpadded1024,classic,pqc-hybrid,off,8.170000,0 - default,65,65,1423,3451.000000,2400.000000,1.437917,367,127,180,5374,3539,5,9,2539,5590,422,5278,1911,0,8083,2,1,6,3,0.059000,0.079000,4.273000,0.113000,0.048000,2.575000,0.121000,0.482000,0.012000,2.655000,2.962000,3.930000
secp256r1,sphincssha2128fsimple,classic,pqc,off,11.080000,0 - default,65,65,17088,3451.000000,2400.000000,1.437917,367,127,348,35890,17305,9,34,2707,36106,422,34870,1911,0,38767,2,1,31,7,0.064000,0.085000,8.787000,0.108000,0.067000,0.796000,0.130000,0.464000,0.040000,7.099000,7.464000,8.413000
secp256r1,p256_sphincssha2128fsimple,classic,pqc-hybrid,off,13.320000,0 - default,65,65,17161,3451.000000,2400.000000,1.437917,367,127,348,36110,17451,9,34,2707,36326,422,35090,1911,0,38987,2,1,31,7,0.056000,0.079000,9.729000,0.105000,0.065000,1.776000,0.167000,0.680000,0.038000,7.644000,8.116000,9.309000
secp256r1,rsa3072_sphincssha2128fsimple,classic,pqc-hybrid,off,14.460000,0 - default,65,65,17476,3451.000000,2400.000000,1.437917,367,127,348,37117,18100,9,35,2707,37333,422,36060,1911,0,39994,2,1,32,7,0.071000,0.091000,11.264000,0.110000,0.069000,1.607000,0.130000,0.456000,0.044000,9.600000,9.945000,10.911000
secp256r1,sphincssha2128ssimple,classic,pqc,off,153.510000,0 - default,65,65,7856,3451.000000,2400.000000,1.437917,367,127,222,16759,8072,6,19,2581,16975,422,16293,1911,0,19510,2,1,16,4,0.058000,0.078000,148.205000,0.110000,0.061000,0.581000,0.127000,0.467000,0.012000,146.561000,146.839000,147.816000
secp256r1,p256_sphincssha2128ssimple,classic,pqc-hybrid,off,151.260000,0 - default,65,65,7931,3451.000000,2400.000000,1.437917,367,127,222,16943,8218,6,18,2581,17159,422,16515,1911,0,19694,2,1,15,4,0.059000,0.079000,148.381000,0.117000,0.069000,1.316000,0.106000,0.418000,0.012000,146.788000,147.071000,148.034000
secp256r1,rsa3072_sphincssha2128ssimple,classic,pqc-hybrid,off,153.130000,0 - default,65,65,8244,3451.000000,2400.000000,1.437917,367,127,222,17950,8868,6,19,2581,18166,422,17485,1911,0,20701,2,1,16,4,0.062000,0.082000,150.501000,0.110000,0.062000,1.265000,0.107000,0.387000,0.012000,148.981000,149.252000,150.138000
secp256r1,sphincssha2192fsimple,classic,pqc,off,17.360000,0 - default,65,65,35664,3451.000000,2400.000000,1.437917,367,127,516,74467,35897,13,66,2875,74683,422,72263,1911,0,77512,2,1,63,11,0.062000,0.083000,13.933000,0.113000,0.089000,1.099000,0.116000,0.552000,0.055000,12.035000,13.156000,13.540000
secp256r1,p384_sphincssha2192fsimple,classic,pqc-hybrid,off,19.420000,0 - default,65,65,35771,3451.000000,2400.000000,1.437917,367,127,516,74823,36108,13,67,2875,75039,422,72581,1911,0,77868,2,1,64,11,0.063000,0.083000,14.666000,0.108000,0.102000,2.511000,0.132000,0.483000,0.076000,12.924000,14.001000,14.327000
secp256r1,sphincssha2192ssimple,classic,pqc,off,269.290000,0 - default,65,65,16224,3451.000000,2400.000000,1.437917,367,127,306,34091,16457,8,32,2665,34307,422,33145,1911,0,36926,2,1,29,6,0.058000,0.078000,267.058000,0.115000,0.077000,0.577000,0.130000,0.478000,0.034000,264.929000,265.302000,266.482000
secp256r1,p384_sphincssha2192ssimple,classic,pqc-hybrid,off,271.310000,0 - default,65,65,16332,3451.000000,2400.000000,1.437917,367,127,264,34447,16667,7,33,2623,34663,422,33463,1911,0,37240,2,1,30,5,0.057000,0.077000,267.221000,0.120000,0.085000,2.050000,0.129000,0.478000,0.040000,265.480000,265.818000,266.869000
secp256r1,sphincssha2256fsimple,classic,pqc,off,29.750000,0 - default,65,65,49856,3451.000000,2400.000000,1.437917,367,127,604,103923,50105,15,90,2963,104139,422,100831,1911,0,107056,2,1,87,13,0.063000,0.084000,26.373000,0.127000,0.125000,1.083000,0.121000,0.476000,0.082000,24.503000,26.260000,25.996000
secp256r1,p521_sphincssha2256fsimple,classic,pqc-hybrid,off,33.850000,0 - default,65,65,49998,3451.000000,2400.000000,1.437917,367,127,604,104429,50387,15,92,2963,104645,422,101262,1911,0,107562,2,1,89,13,0.064000,0.084000,28.126000,0.110000,0.114000,3.318000,0.108000,0.399000,0.069000,26.507000,28.239000,27.834000
secp256r1,sphincssha2256ssimple,classic,pqc,off,244.820000,0 - default,65,65,29792,3451.000000,2400.000000,1.437917,367,127,390,62298,30041,10,56,2749,62514,422,60464,1911,0,65217,2,1,53,8,0.065000,0.085000,241.978000,0.111000,0.088000,0.732000,0.130000,0.473000,0.046000,240.195000,240.578000,241.611000
secp256r1,p521_sphincssha2256ssimple,classic,pqc-hybrid,off,249.460000,0 - default,65,65,29934,3451.000000,2400.000000,1.437917,367,127,390,62762,30324,10,57,2749,62978,422,60890,1911,0,65681,2,1,54,8,0.057000,0.078000,244.142000,0.111000,0.087000,2.931000,0.116000,0.419000,0.047000,242.467000,242.840000,243.835000
secp256r1,sphincsshake128fsimple,classic,pqc,off,19.770000,0 - default,65,65,17088,3451.000000,2400.000000,1.437917,367,127,348,35890,17305,9,34,2707,36106,422,34870,1911,0,38767,2,1,31,7,0.066000,0.086000,16.968000,0.109000,0.073000,1.319000,0.131000,0.486000,0.041000,15.244000,15.624000,16.592000
secp256r1,p256_sphincsshake128fsimple,classic,pqc-hybrid,off,21.150000,0 - default,65,65,17164,3451.000000,2400.000000,1.437917,367,127,348,36149,17449,9,35,2707,36365,422,35091,1911,0,39026,2,1,32,7,0.063000,0.083000,17.218000,0.124000,0.087000,2.179000,0.133000,0.485000,0.017000,15.471000,15.814000,16.870000
secp256r1,rsa3072_sphincsshake128fsimple,classic,pqc-hybrid,off,23.140000,0 - default,65,65,17476,3451.000000,2400.000000,1.437917,367,127,348,37155,18100,9,36,2707,37371,422,36060,1911,0,40032,2,1,33,7,0.054000,0.075000,19.444000,0.105000,0.077000,2.124000,0.134000,0.490000,0.037000,17.773000,18.101000,19.088000
secp256r1,sphincsshake128ssimple,classic,pqc,off,319.910000,0 - default,65,65,7856,3451.000000,2400.000000,1.437917,367,127,222,16722,8073,6,18,2581,16938,422,16294,1911,0,19473,2,1,15,4,0.061000,0.081000,317.740000,0.131000,0.084000,0.708000,0.129000,0.470000,0.014000,315.919000,316.265000,317.349000
secp256r1,p256_sphincsshake128ssimple,classic,pqc-hybrid,off,320.620000,0 - default,65,65,7930,3451.000000,2400.000000,1.437917,367,127,222,16942,8218,6,18,2581,17158,422,16514,1911,0,19693,2,1,15,4,0.059000,0.079000,317.348000,0.126000,0.081000,1.602000,0.106000,0.419000,0.012000,315.694000,316.000000,317.010000
secp256r1,rsa3072_sphincsshake128ssimple,classic,pqc-hybrid,off,323.480000,0 - default,65,65,8244,3451.000000,2400.000000,1.437917,367,127,222,17950,8868,6,19,2581,18166,422,17485,1911,0,20701,2,1,16,4,0.059000,0.081000,320.247000,0.127000,0.081000,1.531000,0.133000,0.471000,0.014000,318.487000,318.796000,319.896000
secp256r1,sphincsshake192fsimple,classic,pqc,off,30.000000,0 - default,65,65,35664,3451.000000,2400.000000,1.437917,367,127,516,74505,35897,13,67,2875,74721,422,72263,1911,0,77550,2,1,64,11,0.060000,0.080000,26.091000,0.109000,0.091000,1.849000,0.106000,0.405000,0.053000,24.518000,25.525000,25.760000
secp256r1,p384_sphincsshake192fsimple,classic,pqc-hybrid,off,32.780000,0 - default,65,65,35771,3451.000000,2400.000000,1.437917,367,127,516,74823,36108,13,67,2875,75039,422,72581,1911,0,77868,2,1,64,11,0.066000,0.086000,27.265000,0.105000,0.095000,3.271000,0.128000,0.475000,0.061000,25.545000,26.621000,26.956000
secp256r1,sphincsshake192ssimple,classic,pqc,off,570.250000,0 - default,65,65,16224,3451.000000,2400.000000,1.437917,367,127,306,34091,16457,8,32,2665,34307,422,33145,1911,0,36926,2,1,29,6,0.059000,0.079000,567.663000,0.123000,0.087000,0.857000,0.105000,0.432000,0.030000,565.965000,566.285000,567.279000
secp256r1,p384_sphincsshake192ssimple,classic,pqc-hybrid,off,573.640000,0 - default,65,65,16332,3451.000000,2400.000000,1.437917,367,127,264,34449,16669,7,33,2623,34665,422,33465,1911,0,37242,2,1,30,5,0.057000,0.077000,569.366000,0.128000,0.092000,2.340000,0.131000,0.482000,0.014000,567.568000,567.910000,569.023000
secp256r1,sphincsshake256fsimple,classic,pqc,off,57.210000,0 - default,65,65,49856,3451.000000,2400.000000,1.437917,367,127,604,103961,50105,15,91,2963,104177,422,100831,1911,0,107094,2,1,88,13,0.066000,0.086000,53.049000,0.131000,0.122000,1.897000,0.136000,0.485000,0.073000,51.222000,52.939000,52.704000
secp256r1,p521_sphincsshake256fsimple,classic,pqc-hybrid,off,61.980000,0 - default,65,65,49998,3451.000000,2400.000000,1.437917,367,127,736,104429,50387,18,92,3095,104645,422,101262,1911,0,107694,2,1,89,16,0.064000,0.085000,55.119000,0.127000,0.141000,4.156000,0.135000,0.479000,0.074000,53.315000,55.147000,54.828000
secp256r1,sphincsshake256ssimple,classic,pqc,off,487.950000,0 - default,65,65,29792,3451.000000,2400.000000,1.437917,367,127,390,62298,30041,10,56,2749,62514,422,60464,1911,0,65217,2,1,53,8,0.066000,0.087000,484.218000,0.134000,0.124000,1.185000,0.113000,0.448000,0.048000,482.315000,482.721000,483.834000
secp256r1,p521_sphincsshake256ssimple,classic,pqc-hybrid,off,492.120000,0 - default,65,65,29935,3451.000000,2400.000000,1.437917,367,127,516,62763,30324,13,57,2875,62979,422,60891,1911,0,65808,2,1,54,11,0.064000,0.084000,486.598000,0.135000,0.106000,3.356000,0.110000,0.443000,0.047000,484.777000,485.185000,486.327000
secp256r1,ED25519,classic,classic,off,2.480000,0 - default,65,65,64,1125.000000,2400.000000,0.468750,367,127,138,540,270,4,4,2441,1246,422,630,1855,490,3641,2,1,1,2,0.053000,0.073000,1.237000,0.091000,0.060000,0.201000,0.130000,0.258000,0.013000,0.043000,0.084000,2.144000
secp256r1,ED448,classic,classic,off,2.730000,0 - default,65,65,114,1125.000000,2400.000000,0.468750,367,127,138,665,345,4,4,2441,1246,422,755,1855,365,3641,2,1,1,2,0.061000,0.081000,1.457000,0.111000,0.044000,0.292000,0.124000,0.243000,0.013000,0.268000,0.313000,2.383000
secp384r1,MLDSA44,classic,pqc,off,5.130000,0 - default,97,97,2420,3451.000000,2400.000000,1.437917,399,159,180,6767,3931,5,9,2539,7015,454,6704,1879,0,9508,2,1,6,3,0.785000,0.804000,3.825000,0.870000,0.044000,0.202000,1.493000,1.594000,0.012000,0.563000,0.610000,3.439000
secp384r1,MLDSA65,classic,pqc,off,6.020000,0 - default,97,97,3309,3451.000000,2400.000000,1.437917,399,159,222,9269,5460,6,11,2581,9517,454,9132,1879,0,12052,2,1,8,4,0.781000,0.800000,4.600000,0.917000,0.046000,0.267000,1.649000,1.773000,0.013000,1.099000,1.171000,4.197000
secp384r1,MLDSA87,classic,pqc,off,5.950000,0 - default,97,97,4627,3451.000000,2400.000000,1.437917,399,159,222,12671,7418,6,14,2581,12919,454,12423,1879,0,15454,2,1,11,4,0.802000,0.823000,4.283000,0.973000,0.054000,0.416000,1.604000,1.740000,0.012000,0.772000,0.836000,3.896000
secp384r1,p256_mldsa44,classic,pqc-hybrid,off,6.450000,0 - default,97,97,2495,3451.000000,2400.000000,1.437917,399,159,180,6975,4064,5,9,2539,7223,454,6912,1879,0,9716,2,1,6,3,0.843000,0.867000,4.140000,0.930000,0.052000,1.132000,1.492000,1.847000,0.011000,0.388000,0.652000,3.783000
secp384r1,rsa3072_mldsa44,classic,pqc-hybrid,off,8.940000,0 - default,97,97,2808,3451.000000,2400.000000,1.437917,399,159,180,7975,4709,5,10,2539,8223,454,7875,1879,0,10716,2,1,7,3,0.785000,0.805000,6.568000,0.889000,0.059000,1.168000,1.550000,1.893000,0.019000,2.738000,3.028000,6.176000
secp384r1,p384_mldsa65,classic,pqc-hybrid,off,7.910000,0 - default,97,97,3415,3451.000000,2400.000000,1.437917,399,159,222,9651,5656,6,13,2581,9899,454,9439,1879,0,12434,2,1,10,4,0.780000,0.800000,4.905000,0.897000,0.055000,1.721000,1.496000,1.802000,0.012000,1.214000,1.489000,4.527000
secp384r1,p521_mldsa87,classic,pqc-hybrid,off,10.130000,0 - default,97,97,4770,3451.000000,2400.000000,1.437917,399,159,222,13160,7684,6,16,2581,13408,454,12837,1879,0,15943,2,1,13,4,0.773000,0.812000,6.120000,0.921000,0.063000,2.612000,1.513000,1.848000,0.012000,2.349000,2.625000,5.758000
secp384r1,falcon512,classic,pqc,off,5.190000,0 - default,97,97,660,2744.000000,2400.000000,1.143333,399,159,138,2691,1741,4,6,2441,2939,454,2739,1823,0,5334,2,1,3,2,0.780000,0.800000,3.993000,0.857000,0.047000,0.308000,1.492000,1.782000,0.012000,0.286000,0.531000,4.822000
secp384r1,falcon1024,classic,pqc,off,5.720000,0 - default,97,97,1270,3451.000000,2400.000000,1.437917,399,159,180,4897,3253,5,8,2539,5145,454,4871,1879,0,7638,2,1,5,3,0.782000,0.802000,4.288000,0.841000,0.056000,0.351000,1.501000,1.804000,0.012000,0.516000,0.776000,3.760000
secp384r1,p256_falcon512,classic,pqc-hybrid,off,6.310000,0 - default,97,97,730,2958.000000,2400.000000,1.232500,399,159,138,2905,1885,4,6,2441,3153,454,2953,1823,0,5548,2,1,3,2,0.799000,0.819000,4.236000,0.839000,0.051000,1.138000,1.481000,1.804000,0.012000,0.521000,0.785000,5.978000
secp384r1,rsa3072_falcon512,classic,pqc-hybrid,off,8.850000,0 - default,97,97,1043,3451.000000,2400.000000,1.437917,399,159,180,3907,2532,5,7,2539,4155,454,3918,1879,0,6648,2,1,4,3,0.782000,0.802000,6.681000,0.891000,0.059000,1.110000,1.594000,1.950000,0.012000,2.796000,3.067000,7.168000
secp384r1,falconpadded512,classic,pqc,off,5.380000,0 - default,97,97,666,2759.000000,2400.000000,1.149583,399,159,138,2706,1750,4,6,2441,2954,454,2754,1823,0,5349,2,1,3,2,0.782000,0.801000,4.179000,0.938000,0.051000,0.311000,1.529000,1.882000,0.012000,0.297000,0.552000,5.022000
secp384r1,p256_falconpadded512,classic,pqc-hybrid,off,6.500000,0 - default,97,97,741,2979.000000,2400.000000,1.241250,399,159,138,2926,1895,4,6,2441,3174,454,2974,1823,0,5569,2,1,3,2,0.770000,0.797000,4.408000,0.936000,0.046000,1.148000,1.544000,1.879000,0.012000,0.523000,0.776000,6.163000
secp384r1,rsa3072_falconpadded512,classic,pqc-hybrid,off,9.120000,0 - default,97,97,1054,3451.000000,2400.000000,1.437917,399,159,180,3926,2540,5,7,2539,4174,454,3937,1879,0,6667,2,1,4,3,0.782000,0.803000,6.705000,0.838000,0.069000,1.258000,1.563000,1.922000,0.014000,2.825000,3.109000,7.258000
secp384r1,p521_falcon1024,classic,pqc-hybrid,off,10.190000,0 - default,97,97,1415,3451.000000,2400.000000,1.437917,399,159,180,5357,3530,5,9,2539,5605,454,5293,1879,0,8098,2,1,6,3,0.779000,0.799000,6.316000,0.955000,0.049000,2.597000,1.487000,1.787000,0.012000,2.587000,2.843000,5.957000
secp384r1,falconpadded1024,classic,pqc,off,5.630000,0 - default,97,97,1280,3451.000000,2400.000000,1.437917,399,159,180,4914,3260,5,8,2539,5162,454,4888,1879,0,7655,2,1,5,3,0.777000,0.797000,4.204000,0.845000,0.061000,0.348000,1.491000,1.808000,0.012000,0.531000,0.779000,3.783000
secp384r1,p521_falconpadded1024,classic,pqc-hybrid,off,10.130000,0 - default,97,97,1423,3451.000000,2400.000000,1.437917,399,159,180,5374,3539,5,9,2539,5622,454,5310,1879,0,8115,2,1,6,3,0.780000,0.800000,6.301000,0.959000,0.053000,2.541000,1.483000,1.764000,0.012000,2.604000,2.864000,5.963000
secp384r1,sphincssha2128fsimple,classic,pqc,off,16.160000,0 - default,97,97,17088,3451.000000,2400.000000,1.437917,399,159,348,35890,17305,9,34,2707,36138,454,34902,1879,0,38799,2,1,31,7,0.788000,0.808000,11.034000,0.959000,0.065000,0.800000,1.524000,1.864000,0.039000,7.101000,7.428000,10.620000
secp384r1,p256_sphincssha2128fsimple,classic,pqc-hybrid,off,14.140000,0 - default,97,97,17163,3451.000000,2400.000000,1.437917,399,159,348,36112,17451,9,34,2707,36360,454,35124,1879,0,39021,2,1,31,7,0.808000,0.828000,11.004000,0.838000,0.065000,1.614000,1.486000,1.766000,0.040000,7.341000,7.665000,10.626000
secp384r1,rsa3072_sphincssha2128fsimple,classic,pqc-hybrid,off,16.500000,0 - default,97,97,17476,3451.000000,2400.000000,1.437917,399,159,348,37118,18100,9,35,2707,37366,454,36093,1879,0,40027,2,1,32,7,0.785000,0.805000,13.391000,0.961000,0.065000,1.575000,1.490000,1.776000,0.043000,9.590000,9.925000,13.048000
secp384r1,sphincssha2128ssimple,classic,pqc,off,152.230000,0 - default,97,97,7856,3451.000000,2400.000000,1.437917,399,159,264,16722,8072,7,18,2623,16970,454,16326,1879,0,19547,2,1,15,5,0.777000,0.798000,150.401000,0.897000,0.080000,0.481000,1.542000,1.848000,0.014000,146.482000,146.783000,149.981000
secp384r1,p256_sphincssha2128ssimple,classic,pqc-hybrid,off,153.130000,0 - default,97,97,7930,3451.000000,2400.000000,1.437917,399,159,264,16942,8218,7,18,2623,17190,454,16546,1879,0,19767,2,1,15,5,0.785000,0.806000,150.304000,0.881000,0.087000,1.365000,1.480000,1.780000,0.012000,146.515000,146.812000,149.947000
secp384r1,rsa3072_sphincssha2128ssimple,classic,pqc-hybrid,off,155.990000,0 - default,97,97,8244,3451.000000,2400.000000,1.437917,399,159,222,17950,8868,6,19,2581,18198,454,17517,1879,0,20733,2,1,16,4,0.779000,0.800000,153.079000,0.911000,0.088000,1.341000,1.599000,1.941000,0.013000,149.048000,149.358000,152.689000
secp384r1,sphincssha2192fsimple,classic,pqc,off,18.930000,0 - default,97,97,35664,3451.000000,2400.000000,1.437917,399,159,516,74467,35897,13,66,2875,74715,454,72295,1879,0,77544,2,1,63,11,0.808000,0.829000,15.820000,0.952000,0.095000,1.073000,1.490000,1.815000,0.059000,11.941000,13.741000,15.421000
secp384r1,p384_sphincssha2192fsimple,classic,pqc-hybrid,off,21.410000,0 - default,97,97,35771,3451.000000,2400.000000,1.437917,399,159,516,74785,36108,13,66,2875,75033,454,72613,1879,0,77862,2,1,63,11,0.790000,0.810000,16.766000,0.946000,0.092000,2.470000,1.486000,1.797000,0.059000,12.956000,14.780000,16.429000
secp384r1,sphincssha2192ssimple,classic,pqc,off,270.390000,0 - default,97,97,16224,3451.000000,2400.000000,1.437917,399,159,306,34091,16457,8,32,2665,34339,454,33177,1879,0,36958,2,1,29,6,0.789000,0.810000,268.084000,0.974000,0.092000,0.602000,1.487000,1.786000,0.040000,264.094000,264.460000,267.691000
secp384r1,p384_sphincssha2192ssimple,classic,pqc-hybrid,off,273.480000,0 - default,97,97,16332,3451.000000,2400.000000,1.437917,399,159,306,34409,16667,8,32,2665,34657,454,33495,1879,0,37276,2,1,29,6,0.782000,0.803000,269.639000,0.979000,0.085000,2.031000,1.577000,1.912000,0.040000,265.597000,265.933000,269.291000
secp384r1,sphincssha2256fsimple,classic,pqc,off,31.500000,0 - default,97,97,49856,3451.000000,2400.000000,1.437917,399,159,604,103923,50105,15,90,2963,104171,454,100863,1879,0,107088,2,1,87,13,0.800000,0.820000,28.279000,0.850000,0.104000,1.081000,1.496000,1.822000,0.076000,24.488000,26.797000,27.917000
secp384r1,p521_sphincssha2256fsimple,classic,pqc-hybrid,off,36.330000,0 - default,97,97,49998,3451.000000,2400.000000,1.437917,399,159,734,104429,50387,18,92,3093,104677,454,101294,1879,0,107724,2,1,89,16,0.779000,0.800000,30.425000,0.966000,0.114000,3.340000,1.491000,1.793000,0.076000,26.524000,29.242000,30.124000
secp384r1,sphincssha2256ssimple,classic,pqc,off,246.300000,0 - default,97,97,29792,3451.000000,2400.000000,1.437917,399,159,432,62298,30041,11,56,2791,62546,454,60496,1879,0,65291,2,1,53,9,0.788000,0.808000,243.491000,0.943000,0.112000,0.726000,1.496000,1.819000,0.052000,239.468000,239.866000,243.131000
secp384r1,p521_sphincssha2256ssimple,classic,pqc-hybrid,off,251.870000,0 - default,97,97,29934,3451.000000,2400.000000,1.437917,399,159,516,62724,30324,13,56,2875,62972,454,60922,1879,0,65801,2,1,53,11,0.783000,0.805000,246.811000,0.973000,0.100000,3.009000,1.590000,1.937000,0.061000,242.582000,243.002000,246.436000
secp384r1,sphincsshake128fsimple,classic,pqc,off,34.220000,0 - default,97,97,17088,3451.000000,2400.000000,1.437917,399,159,348,35928,17305,9,35,2707,36176,454,34902,1879,0,38837,2,1,32,7,0.794000,0.814000,19.278000,0.963000,0.082000,1.356000,1.586000,1.932000,0.041000,15.252000,15.581000,18.881000
secp384r1,p256_sphincsshake128fsimple,classic,pqc-hybrid,off,23.250000,0 - default,97,97,17163,3451.000000,2400.000000,1.437917,399,159,348,36110,17449,9,34,2707,36358,454,35122,1879,0,39019,2,1,31,7,0.784000,0.803000,19.456000,0.938000,0.087000,2.212000,1.590000,1.939000,0.042000,15.519000,15.854000,19.085000
secp384r1,rsa3072_sphincsshake128fsimple,classic,pqc-hybrid,off,25.350000,0 - default,97,97,17476,3451.000000,2400.000000,1.437917,399,159,348,37118,18100,9,35,2707,37366,454,36093,1879,0,40027,2,1,32,7,0.797000,0.817000,21.633000,0.956000,0.075000,2.166000,1.496000,1.806000,0.042000,17.780000,18.110000,21.268000
secp384r1,sphincsshake128ssimple,classic,pqc,off,321.340000,0 - default,97,97,7856,3451.000000,2400.000000,1.437917,399,159,264,16723,8073,7,18,2623,16971,454,16327,1879,0,19548,2,1,15,5,0.911000,0.932000,319.156000,0.989000,0.088000,0.710000,1.491000,1.775000,0.012000,315.205000,315.499000,318.751000
secp384r1,p256_sphincsshake128ssimple,classic,pqc-hybrid,off,323.090000,0 - default,97,97,7931,3451.000000,2400.000000,1.437917,399,159,264,16943,8218,7,18,2623,17191,454,16547,1879,0,19768,2,1,15,5,0.788000,0.809000,319.922000,0.993000,0.087000,1.582000,1.596000,1.948000,0.013000,315.827000,316.145000,319.574000
secp384r1,rsa3072_sphincsshake128ssimple,classic,pqc-hybrid,off,324.980000,0 - default,97,97,8244,3451.000000,2400.000000,1.437917,399,159,222,17950,8868,6,19,2581,18198,454,17517,1879,0,20733,2,1,16,4,0.781000,0.802000,321.965000,0.932000,0.086000,1.534000,1.546000,1.885000,0.012000,317.979000,318.287000,321.583000
secp384r1,sphincsshake192fsimple,classic,pqc,off,32.280000,0 - default,97,97,35664,3451.000000,2400.000000,1.437917,399,159,516,74467,35897,13,66,2875,74715,454,72295,1879,0,77544,2,1,63,11,0.786000,0.807000,28.335000,0.851000,0.102000,1.892000,1.505000,1.842000,0.059000,24.552000,26.255000,27.950000
secp384r1,p384_sphincsshake192fsimple,classic,pqc-hybrid,off,34.980000,0 - default,97,97,35771,3451.000000,2400.000000,1.437917,399,159,558,74823,36108,14,67,2917,75071,454,72613,1879,0,77942,2,1,64,12,0.783000,0.803000,29.361000,0.954000,0.094000,3.279000,1.496000,1.793000,0.059000,25.538000,27.423000,29.056000
secp384r1,sphincsshake192ssimple,classic,pqc,off,572.950000,0 - default,97,97,16224,3451.000000,2400.000000,1.437917,399,159,348,34091,16457,9,32,2707,34339,454,33177,1879,0,37000,2,1,29,7,0.783000,0.803000,570.352000,0.978000,0.097000,0.861000,1.510000,1.808000,0.039000,566.179000,566.531000,570.012000
secp384r1,p384_sphincsshake192ssimple,classic,pqc-hybrid,off,575.310000,0 - default,97,97,16332,3451.000000,2400.000000,1.437917,399,159,306,34449,16669,8,33,2665,34697,454,33497,1879,0,37316,2,1,30,6,0.774000,0.795000,571.253000,0.925000,0.098000,2.315000,1.545000,1.886000,0.041000,567.226000,567.580000,570.876000
secp384r1,sphincsshake256fsimple,classic,pqc,off,59.500000,0 - default,97,97,49856,3451.000000,2400.000000,1.437917,399,159,604,103923,50105,15,90,2963,104171,454,100863,1879,0,107088,2,1,87,13,0.782000,0.803000,55.351000,0.957000,0.126000,1.878000,1.528000,1.875000,0.080000,51.242000,53.748000,54.896000
secp384r1,p521_sphincsshake256fsimple,classic,pqc-hybrid,off,64.080000,0 - default,97,97,49998,3451.000000,2400.000000,1.437917,399,159,778,104429,50387,19,92,3137,104677,454,101294,1879,0,107768,2,1,89,17,0.775000,0.796000,57.418000,0.986000,0.112000,4.107000,1.616000,1.954000,0.076000,53.353000,56.069000,57.115000
secp384r1,sphincsshake256ssimple,classic,pqc,off,491.340000,0 - default,97,97,29792,3451.000000,2400.000000,1.437917,399,159,432,62298,30041,11,56,2791,62546,454,60496,1879,0,65291,2,1,53,9,0.793000,0.814000,488.181000,0.856000,0.106000,1.083000,1.489000,1.803000,0.053000,484.260000,484.671000,487.820000
secp384r1,p521_sphincsshake256ssimple,classic,pqc-hybrid,off,494.190000,0 - default,97,97,29935,3451.000000,2400.000000,1.437917,399,159,516,62763,30324,13,57,2875,63011,454,60923,1879,0,65840,2,1,54,11,0.774000,0.795000,488.595000,0.986000,0.106000,3.352000,1.486000,1.817000,0.054000,484.546000,484.949000,488.274000
secp384r1,ED25519,classic,classic,off,4.490000,0 - default,97,97,64,1125.000000,2400.000000,0.468750,399,159,138,540,270,4,4,2441,1246,454,662,1823,458,3641,2,1,1,2,0.781000,0.801000,3.430000,0.952000,0.051000,0.190000,1.483000,1.600000,0.011000,0.035000,0.069000,4.150000
secp384r1,ED448,classic,classic,off,4.830000,0 - default,97,97,114,1125.000000,2400.000000,0.468750,399,159,138,665,345,4,4,2441,1246,454,787,1823,333,3641,2,1,1,2,0.772000,0.793000,3.667000,0.964000,0.045000,0.284000,1.542000,1.659000,0.012000,0.212000,0.247000,4.473000
secp521r1,MLDSA44,classic,pqc,off,9.030000,0 - default,133,133,2420,3451.000000,2400.000000,1.437917,435,195,180,6767,3931,5,9,2539,7051,490,6740,1843,0,9544,2,1,6,3,1.807000,1.831000,7.733000,1.922000,0.047000,0.199000,3.683000,3.833000,0.012000,1.165000,1.216000,7.307000
secp521r1,MLDSA65,classic,pqc,off,10.520000,0 - default,133,133,3309,3451.000000,2400.000000,1.437917,435,195,222,9269,5460,6,11,2581,9553,490,9168,1843,0,12088,2,1,8,4,1.811000,1.832000,9.011000,1.931000,0.061000,0.269000,3.563000,3.687000,0.014000,2.551000,2.610000,8.594000
secp521r1,MLDSA87,classic,pqc,off,9.960000,0 - default,133,133,4627,3451.000000,2400.000000,1.437917,435,195,222,12671,7418,6,14,2581,12955,490,12459,1843,0,15490,2,1,11,4,1.813000,1.834000,8.341000,1.950000,0.049000,0.390000,3.662000,3.783000,0.012000,1.814000,1.877000,7.953000
secp521r1,p256_mldsa44,classic,pqc-hybrid,off,9.710000,0 - default,133,133,2496,3451.000000,2400.000000,1.437917,435,195,222,7017,4064,6,10,2581,7301,490,6953,1843,0,9836,2,1,7,4,1.794000,1.815000,7.310000,1.954000,0.051000,1.137000,3.626000,3.972000,0.012000,0.367000,0.632000,6.931000
secp521r1,rsa3072_mldsa44,classic,pqc-hybrid,off,11.800000,0 - default,133,133,2808,3451.000000,2400.000000,1.437917,435,195,222,7975,4709,6,10,2581,8259,490,7911,1843,0,10794,2,1,7,4,1.816000,1.837000,9.512000,1.847000,0.049000,1.097000,3.550000,3.870000,0.012000,2.642000,2.895000,8.973000
secp521r1,p384_mldsa65,classic,pqc-hybrid,off,11.090000,0 - default,133,133,3415,3451.000000,2400.000000,1.437917,435,195,222,9613,5656,6,12,2581,9897,490,9475,1843,0,12432,2,1,9,4,1.821000,1.842000,8.013000,1.955000,0.053000,1.740000,3.564000,3.913000,0.013000,1.184000,1.453000,7.666000
secp521r1,p521_mldsa87,classic,pqc-hybrid,off,13.160000,0 - default,133,133,4769,3451.000000,2400.000000,1.437917,435,195,222,13121,7684,6,15,2581,13405,490,12872,1843,0,15940,2,1,12,4,1.811000,1.831000,9.155000,1.913000,0.056000,2.584000,3.555000,3.888000,0.013000,2.350000,2.627000,8.788000
secp521r1,falcon512,classic,pqc,off,8.640000,0 - default,133,133,654,2774.000000,2400.000000,1.155833,435,195,138,2685,1741,4,6,2441,2969,490,2769,1787,0,5364,2,1,3,2,1.803000,1.830000,7.434000,2.029000,0.049000,0.320000,3.703000,4.035000,0.012000,0.285000,0.529000,8.267000
secp521r1,falcon1024,classic,pqc,off,8.860000,0 - default,133,133,1271,3451.000000,2400.000000,1.437917,435,195,180,4898,3253,5,8,2539,5182,490,4908,1843,0,7675,2,1,5,3,1.792000,1.819000,7.364000,1.909000,0.054000,0.363000,3.568000,3.906000,0.012000,0.529000,0.783000,6.953000
secp521r1,p256_falcon512,classic,pqc-hybrid,off,9.750000,0 - default,133,133,732,2996.000000,2400.000000,1.248333,435,195,138,2907,1885,4,6,2441,3191,490,2991,1787,0,5586,2,1,3,2,1.829000,1.850000,7.671000,2.033000,0.052000,1.137000,3.551000,3.866000,0.011000,0.533000,0.788000,9.257000
secp521r1,rsa3072_falcon512,classic,pqc-hybrid,off,12.650000,0 - default,133,133,1043,3451.000000,2400.000000,1.437917,435,195,180,3907,2532,5,7,2539,4191,490,3954,1843,0,6684,2,1,4,3,1.827000,1.851000,10.360000,2.052000,0.070000,1.166000,3.718000,4.066000,0.020000,2.881000,3.227000,10.855000
secp521r1,falconpadded512,classic,pqc,off,8.550000,0 - default,133,133,666,2795.000000,2400.000000,1.164583,435,195,138,2706,1750,4,6,2441,2990,490,2790,1787,0,5385,2,1,3,2,1.806000,1.826000,7.358000,2.008000,0.050000,0.312000,3.645000,3.990000,0.012000,0.297000,0.544000,8.180000
secp521r1,p256_falconpadded512,classic,pqc-hybrid,off,9.650000,0 - default,133,133,740,3014.000000,2400.000000,1.255833,435,195,138,2925,1895,4,6,2441,3209,490,3009,1787,0,5604,2,1,3,2,1.808000,1.828000,7.561000,1.962000,0.057000,1.151000,3.651000,3.989000,0.012000,0.518000,0.780000,9.311000
secp521r1,rsa3072_falconpadded512,classic,pqc-hybrid,off,11.730000,0 - default,133,133,1054,3451.000000,2400.000000,1.437917,435,195,180,3926,2540,5,7,2539,4210,490,3973,1843,0,6703,2,1,4,3,1.806000,1.827000,9.611000,1.959000,0.052000,1.086000,3.542000,3.824000,0.012000,2.796000,3.059000,10.086000
secp521r1,p521_falcon1024,classic,pqc-hybrid,off,13.320000,0 - default,133,133,1415,3451.000000,2400.000000,1.437917,435,195,180,5319,3530,5,8,2539,5603,490,5329,1843,0,8096,2,1,5,3,1.814000,1.834000,9.458000,2.022000,0.049000,2.568000,3.555000,3.846000,0.012000,2.603000,2.860000,9.085000
secp521r1,falconpadded1024,classic,pqc,off,8.750000,0 - default,133,133,1280,3451.000000,2400.000000,1.437917,435,195,180,4914,3260,5,8,2539,5198,490,4924,1843,0,7691,2,1,5,3,1.828000,1.847000,7.274000,1.874000,0.057000,0.356000,3.550000,3.872000,0.012000,0.524000,0.780000,6.878000
secp521r1,p521_falconpadded1024,classic,pqc-hybrid,off,13.390000,0 - default,133,133,1421,3451.000000,2400.000000,1.437917,435,195,180,5334,3539,5,8,2539,5618,490,5344,1843,0,8111,2,1,5,3,1.809000,1.829000,9.535000,1.961000,0.048000,2.576000,3.673000,4.011000,0.012000,2.602000,2.858000,9.189000
secp521r1,sphincssha2128fsimple,classic,pqc,off,16.540000,0 - default,133,133,17088,3451.000000,2400.000000,1.437917,435,195,348,35891,17305,9,34,2707,36175,490,34939,1843,0,38836,2,1,31,7,1.918000,1.939000,14.297000,2.142000,0.068000,0.772000,3.639000,3.980000,0.042000,7.093000,7.420000,13.899000
secp521r1,p256_sphincssha2128fsimple,classic,pqc-hybrid,off,19.610000,0 - default,133,133,17163,3451.000000,2400.000000,1.437917,435,195,348,36112,17451,9,34,2707,36396,490,35160,1843,0,39057,2,1,31,7,1.821000,1.842000,14.589000,1.908000,0.169000,2.498000,3.557000,3.913000,0.054000,7.404000,7.807000,14.153000
secp521r1,rsa3072_sphincssha2128fsimple,classic,pqc-hybrid,off,19.560000,0 - default,133,133,17476,3451.000000,2400.000000,1.437917,435,195,348,37118,18100,9,35,2707,37402,490,36129,1843,0,40063,2,1,32,7,1.814000,1.834000,16.477000,1.870000,0.068000,1.565000,3.560000,3.900000,0.043000,9.623000,9.960000,16.113000
secp521r1,sphincssha2128ssimple,classic,pqc,off,155.800000,0 - default,133,133,7856,3451.000000,2400.000000,1.437917,435,195,264,16722,8072,7,18,2623,17006,490,16362,1843,0,19583,2,1,15,5,1.805000,1.825000,153.900000,1.939000,0.067000,0.464000,3.622000,3.957000,0.012000,146.920000,147.193000,153.495000
secp521r1,p256_sphincssha2128ssimple,classic,pqc-hybrid,off,157.230000,0 - default,133,133,7930,3451.000000,2400.000000,1.437917,435,195,264,16942,8218,7,18,2623,17226,490,16582,1843,0,19803,2,1,15,5,1.827000,1.848000,154.514000,2.034000,0.059000,1.280000,3.643000,3.995000,0.012000,147.452000,147.728000,154.135000
secp521r1,rsa3072_sphincssha2128ssimple,classic,pqc-hybrid,off,158.790000,0 - default,133,133,8244,3451.000000,2400.000000,1.437917,435,195,264,17950,8868,7,19,2623,18234,490,17553,1843,0,20811,2,1,16,5,1.822000,1.843000,156.140000,1.952000,0.062000,1.251000,3.567000,3.864000,0.012000,149.283000,149.566000,155.768000
secp521r1,sphincssha2192fsimple,classic,pqc,off,22.030000,0 - default,133,133,35664,3451.000000,2400.000000,1.437917,435,195,516,74467,35897,13,66,2875,74751,490,72331,1843,0,77580,2,1,63,11,1.811000,1.832000,18.903000,1.877000,0.095000,1.044000,3.637000,3.985000,0.059000,11.948000,14.720000,18.523000
secp521r1,p384_sphincssha2192fsimple,classic,pqc-hybrid,off,24.720000,0 - default,133,133,35771,3451.000000,2400.000000,1.437917,435,195,558,74785,36108,14,66,2917,75069,490,72649,1843,0,77940,2,1,63,12,1.803000,1.823000,19.940000,2.000000,0.087000,2.486000,3.584000,3.925000,0.069000,12.943000,15.863000,19.606000
secp521r1,sphincssha2192ssimple,classic,pqc,off,275.220000,0 - default,133,133,16224,3451.000000,2400.000000,1.437917,435,195,348,34091,16457,9,32,2707,34375,490,33213,1843,0,37036,2,1,29,7,1.827000,1.850000,272.956000,2.010000,0.086000,0.592000,3.636000,3.987000,0.039000,265.772000,266.118000,272.551000
secp521r1,p384_sphincssha2192ssimple,classic,pqc-hybrid,off,275.970000,0 - default,133,133,16331,3451.000000,2400.000000,1.437917,435,195,348,34408,16667,9,32,2707,34692,490,33530,1843,0,37353,2,1,29,7,1.801000,1.822000,272.054000,1.880000,0.087000,2.053000,3.583000,3.932000,0.040000,265.027000,265.386000,271.692000
secp521r1,sphincssha2256fsimple,classic,pqc,off,34.930000,0 - default,133,133,49856,3451.000000,2400.000000,1.437917,435,195,778,103923,50105,19,90,3137,104207,490,100899,1843,0,107298,2,1,87,17,1.804000,1.823000,31.469000,2.038000,0.108000,1.082000,3.545000,3.841000,0.076000,24.452000,28.110000,31.100000
secp521r1,p521_sphincssha2256fsimple,classic,pqc-hybrid,off,39.650000,0 - default,133,133,49998,3451.000000,2400.000000,1.437917,435,195,778,104391,50387,19,91,3137,104675,490,101330,1843,0,107766,2,1,88,17,1.823000,1.842000,33.829000,2.207000,0.110000,3.277000,3.547000,3.888000,0.077000,26.608000,30.485000,33.502000
secp521r1,sphincssha2256ssimple,classic,pqc,off,251.010000,0 - default,133,133,29792,3451.000000,2400.000000,1.437917,435,195,516,62299,30041,13,56,2875,62583,490,60533,1843,0,65412,2,1,53,11,1.812000,1.832000,248.335000,2.009000,0.087000,0.714000,3.567000,3.912000,0.049000,241.049000,241.432000,247.957000
secp521r1,p521_sphincssha2256ssimple,classic,pqc-hybrid,off,254.500000,0 - default,133,133,29934,3451.000000,2400.000000,1.437917,435,195,474,62724,30324,12,56,2833,63008,490,60958,1843,0,65795,2,1,53,10,1.831000,1.851000,249.280000,1.993000,0.105000,3.002000,3.774000,4.117000,0.054000,241.746000,242.151000,248.779000
secp521r1,sphincsshake128fsimple,classic,pqc,off,24.940000,0 - default,133,133,17088,3451.000000,2400.000000,1.437917,435,195,348,35891,17305,9,34,2707,36175,490,34939,1843,0,38836,2,1,31,7,1.807000,1.828000,22.084000,1.876000,0.077000,1.342000,3.563000,3.861000,0.042000,15.221000,15.564000,21.661000
secp521r1,p256_sphincsshake128fsimple,classic,pqc-hybrid,off,26.030000,0 - default,133,133,17164,3451.000000,2400.000000,1.437917,435,195,348,36111,17449,9,34,2707,36395,490,35159,1843,0,39056,2,1,31,7,1.812000,1.833000,22.278000,1.864000,0.072000,2.158000,3.541000,3.856000,0.039000,15.508000,15.834000,21.909000
secp521r1,rsa3072_sphincsshake128fsimple,classic,pqc-hybrid,off,28.330000,0 - default,133,133,17476,3451.000000,2400.000000,1.437917,435,195,348,37118,18100,9,35,2707,37402,490,36129,1843,0,40063,2,1,32,7,1.822000,1.842000,24.660000,1.983000,0.074000,2.131000,3.570000,3.848000,0.042000,17.773000,18.103000,24.308000
secp521r1,sphincsshake128ssimple,classic,pqc,off,324.560000,0 - default,133,133,7856,3451.000000,2400.000000,1.437917,435,195,264,16723,8073,7,18,2623,17007,490,16363,1843,0,19584,2,1,15,5,1.816000,1.836000,322.418000,1.905000,0.078000,0.685000,3.628000,3.977000,0.013000,315.217000,315.512000,322.026000
secp521r1,p256_sphincsshake128ssimple,classic,pqc-hybrid,off,326.870000,0 - default,133,133,7931,3451.000000,2400.000000,1.437917,435,195,264,16943,8218,7,18,2623,17227,490,16583,1843,0,19804,2,1,15,5,1.821000,1.847000,323.704000,2.059000,0.083000,1.594000,3.640000,3.981000,0.013000,316.512000,316.826000,323.332000
secp521r1,rsa3072_sphincsshake128ssimple,classic,pqc-hybrid,off,328.650000,0 - default,133,133,8244,3451.000000,2400.000000,1.437917,435,195,264,17950,8868,7,19,2623,18234,490,17553,1843,0,20811,2,1,16,5,1.816000,1.836000,325.760000,2.025000,0.067000,1.478000,3.622000,3.993000,0.013000,318.676000,318.967000,325.378000
secp521r1,sphincsshake192fsimple,classic,pqc,off,35.440000,0 - default,133,133,35664,3451.000000,2400.000000,1.437917,435,195,600,74467,35897,15,66,2959,74751,490,72331,1843,0,77664,2,1,63,13,1.804000,1.824000,31.475000,1.988000,0.096000,1.858000,3.525000,3.811000,0.061000,24.585000,27.464000,31.103000
secp521r1,p384_sphincsshake192fsimple,classic,pqc-hybrid,off,38.190000,0 - default,133,133,35770,3451.000000,2400.000000,1.437917,435,195,558,74784,36108,14,66,2917,75068,490,72648,1843,0,77939,2,1,63,12,1.816000,1.837000,32.637000,1.962000,0.094000,3.277000,3.762000,4.103000,0.060000,25.501000,28.378000,32.302000
secp521r1,sphincsshake192ssimple,classic,pqc,off,576.590000,0 - default,133,133,16224,3451.000000,2400.000000,1.437917,435,195,348,34091,16457,9,32,2707,34375,490,33213,1843,0,37036,2,1,29,7,1.821000,1.841000,573.946000,1.969000,0.108000,0.889000,3.539000,3.837000,0.043000,566.822000,567.193000,573.531000
secp521r1,p384_sphincsshake192ssimple,classic,pqc-hybrid,off,578.120000,0 - default,133,133,16332,3451.000000,2400.000000,1.437917,435,195,348,34411,16669,9,32,2707,34695,490,33533,1843,0,37356,2,1,29,7,1.808000,1.827000,573.902000,1.961000,0.096000,2.335000,3.558000,3.844000,0.040000,566.900000,567.252000,573.537000
secp521r1,sphincsshake256fsimple,classic,pqc,off,62.560000,0 - default,133,133,49856,3451.000000,2400.000000,1.437917,435,195,780,103923,50105,19,90,3139,104207,490,100899,1843,0,107300,2,1,87,17,1.827000,1.846000,58.261000,1.969000,0.108000,1.885000,3.570000,3.913000,0.078000,51.251000,54.828000,57.929000
secp521r1,p521_sphincsshake256fsimple,classic,pqc-hybrid,off,67.370000,0 - default,133,133,49999,3451.000000,2400.000000,1.437917,435,195,736,104430,50387,18,92,3095,104714,490,101331,1843,0,107763,2,1,89,16,1.857000,1.878000,60.595000,2.005000,0.127000,4.130000,3.644000,3.998000,0.077000,53.322000,57.090000,60.208000
secp521r1,sphincsshake256ssimple,classic,pqc,off,494.600000,0 - default,133,133,29792,3451.000000,2400.000000,1.437917,435,195,516,62299,30041,13,56,2875,62583,490,60533,1843,0,65412,2,1,53,11,1.812000,1.832000,491.460000,2.021000,0.106000,1.086000,3.559000,3.852000,0.051000,484.345000,484.747000,491.105000
secp521r1,p521_sphincsshake256ssimple,classic,pqc-hybrid,off,498.660000,0 - default,133,133,29935,3451.000000,2400.000000,1.437917,435,195,516,62725,30324,13,56,2875,63009,490,60959,1843,0,65838,2,1,53,11,1.795000,1.815000,493.016000,2.005000,0.111000,3.384000,3.670000,4.025000,0.061000,485.741000,486.156000,492.683000
secp521r1,ED25519,classic,classic,off,7.570000,0 - default,133,133,64,1125.000000,2400.000000,0.468750,435,195,138,540,270,4,4,2441,1246,490,698,1787,422,3641,2,1,1,2,1.799000,1.819000,6.562000,2.049000,0.040000,0.175000,3.561000,3.681000,0.011000,0.036000,0.071000,7.234000
secp521r1,ED448,classic,classic,off,7.840000,0 - default,133,133,114,1125.000000,2400.000000,0.468750,435,195,138,665,345,4,4,2441,1246,490,823,1787,297,3641,2,1,1,2,1.821000,1.841000,6.700000,1.868000,0.042000,0.305000,3.660000,3.780000,0.012000,0.212000,0.247000,7.508000
x25519,MLDSA44,classic,pqc,off,2.940000,0 - default,32,32,2420,3451.000000,2400.000000,1.437917,334,94,180,6767,3931,5,9,2539,6950,389,6639,1944,0,9443,2,1,6,3,0.044000,0.063000,1.674000,0.055000,0.045000,0.203000,0.109000,0.234000,0.014000,0.624000,0.683000,1.303000
x25519,MLDSA65,classic,pqc,off,3.210000,0 - default,32,32,3309,3451.000000,2400.000000,1.437917,334,94,222,9269,5460,6,11,2581,9452,389,9067,1944,0,11987,2,1,8,4,0.047000,0.067000,1.712000,0.076000,0.044000,0.269000,0.106000,0.229000,0.014000,0.613000,0.691000,1.380000
x25519,MLDSA87,classic,pqc,off,3.520000,0 - default,32,32,4627,3451.000000,2400.000000,1.437917,334,94,222,12709,7418,6,15,2581,12892,389,12358,1944,0,15427,2,1,12,4,0.051000,0.070000,1.864000,0.067000,0.052000,0.396000,0.090000,0.222000,0.012000,0.810000,0.872000,1.518000
x25519,p256_mldsa44,classic,pqc-hybrid,off,4.340000,0 - default,32,32,2496,3451.000000,2400.000000,1.437917,334,94,180,7014,4064,5,10,2539,7197,389,6848,1944,0,9690,2,1,7,3,0.052000,0.072000,1.848000,0.062000,0.052000,1.134000,0.113000,0.470000,0.013000,0.374000,0.646000,1.522000
x25519,rsa3072_mldsa44,classic,pqc-hybrid,off,6.560000,0 - default,32,32,2808,3451.000000,2400.000000,1.437917,334,94,180,8013,4709,5,11,2539,8196,389,7810,1944,0,10689,2,1,8,3,0.044000,0.064000,4.170000,0.072000,0.052000,1.093000,0.114000,0.453000,0.014000,2.636000,2.945000,3.862000
x25519,p384_mldsa65,classic,pqc-hybrid,off,5.760000,0 - default,32,32,3417,3451.000000,2400.000000,1.437917,334,94,222,9653,5656,6,13,2581,9836,389,9376,1944,0,12371,2,1,10,4,0.045000,0.065000,2.692000,0.074000,0.051000,1.742000,0.117000,0.467000,0.013000,1.179000,1.454000,2.388000
x25519,p521_mldsa87,classic,pqc-hybrid,off,7.940000,0 - default,32,32,4770,3451.000000,2400.000000,1.437917,334,94,222,13159,7684,6,16,2581,13342,389,12771,1944,0,15877,2,1,13,4,0.049000,0.070000,3.857000,0.068000,0.054000,2.596000,0.089000,0.416000,0.012000,2.411000,2.677000,3.532000
x25519,falcon512,classic,pqc,off,3.050000,0 - default,32,32,656,2675.000000,2400.000000,1.114583,334,94,138,2687,1741,4,6,2441,2870,389,2670,1888,0,5265,2,1,3,2,0.044000,0.064000,1.859000,0.058000,0.056000,0.315000,0.111000,0.476000,0.013000,0.286000,0.547000,2.740000
x25519,falcon1024,classic,pqc,off,3.410000,0 - default,32,32,1274,3451.000000,2400.000000,1.437917,334,94,180,4939,3253,5,9,2539,5122,389,4810,1944,0,7615,2,1,6,3,0.044000,0.064000,1.936000,0.068000,0.051000,0.344000,0.090000,0.376000,0.012000,0.527000,0.773000,1.569000
x25519,p256_falcon512,classic,pqc-hybrid,off,4.360000,0 - default,32,32,727,2890.000000,2400.000000,1.204167,334,94,138,2902,1885,4,6,2441,3085,389,2885,1888,0,5480,2,1,3,2,0.048000,0.068000,2.111000,0.075000,0.051000,1.141000,0.108000,0.468000,0.013000,0.520000,0.774000,4.055000
x25519,rsa3072_falcon512,classic,pqc-hybrid,off,6.620000,0 - default,32,32,1044,3451.000000,2400.000000,1.437917,334,94,180,3908,2532,5,7,2539,4091,389,3854,1944,0,6584,2,1,4,3,0.045000,0.065000,4.356000,0.067000,0.045000,1.116000,0.111000,0.452000,0.014000,2.797000,3.071000,4.990000
x25519,falconpadded512,classic,pqc,off,3.160000,0 - default,32,32,666,2694.000000,2400.000000,1.122500,334,94,138,2706,1750,4,6,2441,2889,389,2689,1888,0,5284,2,1,3,2,0.051000,0.070000,1.900000,0.067000,0.050000,0.320000,0.108000,0.461000,0.013000,0.295000,0.577000,2.847000
x25519,p256_falconpadded512,classic,pqc-hybrid,off,4.480000,0 - default,32,32,741,2914.000000,2400.000000,1.214167,334,94,138,2926,1895,4,6,2441,3109,389,2909,1888,0,5504,2,1,3,2,0.050000,0.070000,2.185000,0.067000,0.064000,1.150000,0.111000,0.441000,0.013000,0.555000,0.860000,4.157000
x25519,rsa3072_falconpadded512,classic,pqc-hybrid,off,6.420000,0 - default,32,32,1054,3451.000000,2400.000000,1.437917,334,94,180,3926,2540,5,7,2539,4109,389,3872,1944,0,6602,2,1,4,3,0.053000,0.074000,4.261000,0.067000,0.055000,1.091000,0.087000,0.367000,0.011000,2.805000,3.080000,4.805000
x25519,p521_falcon1024,classic,pqc-hybrid,off,8.270000,0 - default,32,32,1414,3451.000000,2400.000000,1.437917,334,94,180,5356,3530,5,9,2539,5539,389,5227,1944,0,8032,2,1,6,3,0.043000,0.065000,4.357000,0.068000,0.047000,2.607000,0.098000,0.506000,0.012000,2.747000,3.066000,4.013000
x25519,falconpadded1024,classic,pqc,off,3.760000,0 - default,32,32,1280,3451.000000,2400.000000,1.437917,334,94,180,4952,3260,5,9,2539,5135,389,4823,1944,0,7628,2,1,6,3,0.044000,0.064000,2.143000,0.067000,0.051000,0.352000,0.112000,0.488000,0.014000,0.541000,0.860000,1.784000
x25519,p521_falconpadded1024,classic,pqc-hybrid,off,7.920000,0 - default,32,32,1423,3451.000000,2400.000000,1.437917,334,94,180,5374,3539,5,9,2539,5557,389,5245,1944,0,8050,2,1,6,3,0.050000,0.070000,4.127000,0.068000,0.054000,2.571000,0.110000,0.449000,0.014000,2.604000,2.911000,3.796000
x25519,sphincssha2128fsimple,classic,pqc,off,11.030000,0 - default,32,32,17088,3451.000000,2400.000000,1.437917,334,94,306,35885,17305,8,34,2665,36068,389,34831,1944,0,38687,2,1,31,6,0.045000,0.065000,8.740000,0.067000,0.068000,0.808000,0.121000,0.464000,0.046000,7.096000,7.480000,8.385000
x25519,p256_sphincssha2128fsimple,classic,pqc-hybrid,off,12.130000,0 - default,32,32,17163,3451.000000,2400.000000,1.437917,334,94,348,36112,17451,9,34,2707,36295,389,35059,1944,0,38956,2,1,31,7,0.046000,0.066000,8.964000,0.072000,0.070000,1.614000,0.108000,0.450000,0.047000,7.330000,7.729000,8.630000
x25519,rsa3072_sphincssha2128fsimple,classic,pqc-hybrid,off,14.550000,0 - default,32,32,17476,3451.000000,2400.000000,1.437917,334,94,348,37117,18100,9,35,2707,37300,389,36027,1944,0,39961,2,1,32,7,0.045000,0.065000,11.234000,0.071000,0.076000,1.651000,0.112000,0.443000,0.050000,9.603000,9.970000,10.896000
x25519,sphincssha2128ssimple,classic,pqc,off,150.340000,0 - default,32,32,7856,3451.000000,2400.000000,1.437917,334,94,222,16721,8072,6,18,2581,16904,389,16260,1944,0,19439,2,1,15,4,0.045000,0.065000,148.463000,0.070000,0.065000,0.459000,0.091000,0.435000,0.012000,146.919000,147.190000,148.105000
x25519,p256_sphincssha2128ssimple,classic,pqc-hybrid,off,151.410000,0 - default,32,32,7932,3451.000000,2400.000000,1.437917,334,94,222,16944,8218,6,18,2581,17127,389,16483,1944,0,19662,2,1,15,4,0.044000,0.064000,148.438000,0.078000,0.064000,1.323000,0.108000,0.458000,0.014000,146.809000,147.148000,148.110000
x25519,rsa3072_sphincssha2128ssimple,classic,pqc-hybrid,off,153.740000,0 - default,32,32,8244,3451.000000,2400.000000,1.437917,334,94,222,17949,8868,6,19,2581,18132,389,17451,1944,0,20667,2,1,16,4,0.044000,0.064000,150.891000,0.083000,0.076000,1.303000,0.092000,0.385000,0.012000,149.363000,149.663000,150.572000
x25519,sphincssha2192fsimple,classic,pqc,off,16.690000,0 - default,32,32,35664,3451.000000,2400.000000,1.437917,334,94,516,74467,35897,13,66,2875,74650,389,72230,1944,0,77479,2,1,63,11,0.049000,0.068000,13.567000,0.067000,0.087000,1.083000,0.111000,0.466000,0.077000,11.938000,12.930000,13.244000
x25519,p384_sphincssha2192fsimple,classic,pqc-hybrid,off,19.230000,0 - default,32,32,35770,3451.000000,2400.000000,1.437917,334,94,558,74822,36108,14,67,2917,75005,389,72547,1944,0,77876,2,1,64,12,0.050000,0.070000,14.547000,0.068000,0.089000,2.483000,0.105000,0.445000,0.066000,12.921000,13.895000,14.184000
x25519,sphincssha2192ssimple,classic,pqc,off,268.580000,0 - default,32,32,16224,3451.000000,2400.000000,1.437917,334,94,306,34091,16457,8,32,2665,34274,389,33112,1944,0,36893,2,1,29,6,0.053000,0.074000,266.247000,0.086000,0.090000,0.606000,0.113000,0.464000,0.042000,264.496000,264.848000,265.890000
x25519,p384_sphincssha2192ssimple,classic,pqc-hybrid,off,270.820000,0 - default,32,32,16331,3451.000000,2400.000000,1.437917,334,94,306,34408,16667,8,32,2665,34591,389,33429,1944,0,37210,2,1,29,6,0.050000,0.070000,266.889000,0.083000,0.089000,2.057000,0.088000,0.405000,0.041000,265.262000,265.601000,266.578000
x25519,sphincssha2256fsimple,classic,pqc,off,29.300000,0 - default,32,32,49856,3451.000000,2400.000000,1.437917,334,94,604,103923,50105,15,90,2963,104106,389,100798,1944,0,107023,2,1,87,13,0.044000,0.064000,26.055000,0.068000,0.100000,1.078000,0.106000,0.465000,0.090000,24.391000,26.004000,25.775000
x25519,p521_sphincssha2256fsimple,classic,pqc-hybrid,off,33.970000,0 - default,32,32,49998,3451.000000,2400.000000,1.437917,334,94,604,104429,50387,15,92,2963,104612,389,101229,1944,0,107529,2,1,89,13,0.043000,0.064000,28.371000,0.068000,0.102000,3.275000,0.087000,0.419000,0.074000,26.512000,28.153000,27.796000
x25519,sphincssha2256ssimple,classic,pqc,off,244.640000,0 - default,32,32,29792,3451.000000,2400.000000,1.437917,334,94,390,62255,30041,10,55,2749,62438,389,60425,1944,0,65141,2,1,52,8,0.049000,0.068000,241.813000,0.081000,0.091000,0.709000,0.118000,0.462000,0.061000,239.890000,240.313000,241.509000
x25519,p521_sphincssha2256ssimple,classic,pqc-hybrid,off,248.590000,0 - default,32,32,29934,3451.000000,2400.000000,1.437917,334,94,390,62762,30324,10,57,2749,62945,389,60857,1944,0,65648,2,1,54,8,0.044000,0.064000,243.284000,0.082000,0.104000,2.970000,0.091000,0.378000,0.053000,241.591000,241.992000,242.988000
x25519,sphincsshake128fsimple,classic,pqc,off,19.730000,0 - default,32,32,17088,3451.000000,2400.000000,1.437917,334,94,306,35885,17305,8,34,2665,36068,389,34831,1944,0,38687,2,1,31,6,0.048000,0.067000,16.819000,0.068000,0.074000,1.334000,0.102000,0.445000,0.039000,15.252000,15.571000,16.454000
x25519,p256_sphincsshake128fsimple,classic,pqc-hybrid,off,20.710000,0 - default,32,32,17163,3451.000000,2400.000000,1.437917,334,94,348,36148,17449,9,35,2707,36331,389,35057,1944,0,38992,2,1,32,7,0.050000,0.070000,16.965000,0.068000,0.075000,2.158000,0.087000,0.363000,0.040000,15.503000,15.827000,16.627000
x25519,rsa3072_sphincsshake128fsimple,classic,pqc-hybrid,off,22.830000,0 - default,32,32,17476,3451.000000,2400.000000,1.437917,334,94,348,37155,18100,9,36,2707,37338,389,36027,1944,0,39999,2,1,33,7,0.050000,0.070000,19.197000,0.068000,0.074000,2.118000,0.091000,0.373000,0.041000,17.738000,18.066000,18.884000
x25519,sphincsshake128ssimple,classic,pqc,off,320.210000,0 - default,32,32,7856,3451.000000,2400.000000,1.437917,334,94,222,16722,8073,6,18,2581,16905,389,16261,1944,0,19440,2,1,15,4,0.045000,0.065000,317.967000,0.086000,0.086000,0.692000,0.110000,0.453000,0.014000,316.293000,316.594000,317.614000
x25519,p256_sphincsshake128ssimple,classic,pqc-hybrid,off,320.670000,0 - default,32,32,7931,3451.000000,2400.000000,1.437917,334,94,222,16943,8218,6,18,2581,17126,389,16482,1944,0,19661,2,1,15,4,0.044000,0.064000,317.456000,0.092000,0.082000,1.586000,0.086000,0.367000,0.012000,315.878000,316.177000,317.120000
x25519,rsa3072_sphincsshake128ssimple,classic,pqc-hybrid,off,322.240000,0 - default,32,32,8244,3451.000000,2400.000000,1.437917,334,94,264,17987,8868,7,20,2623,18170,389,17451,1944,0,20747,2,1,17,5,0.048000,0.067000,319.327000,0.100000,0.079000,1.508000,0.101000,0.455000,0.012000,317.695000,317.995000,319.010000
x25519,sphincsshake192fsimple,classic,pqc,off,30.090000,0 - default,32,32,35664,3451.000000,2400.000000,1.437917,334,94,516,74505,35897,13,67,2875,74688,389,72230,1944,0,77517,2,1,64,11,0.047000,0.066000,26.205000,0.071000,0.091000,1.848000,0.108000,0.455000,0.068000,24.567000,25.594000,25.910000
x25519,p384_sphincsshake192fsimple,classic,pqc-hybrid,off,32.660000,0 - default,32,32,35771,3451.000000,2400.000000,1.437917,334,94,516,74823,36108,13,67,2875,75006,389,72548,1944,0,77835,2,1,64,11,0.044000,0.064000,27.197000,0.067000,0.091000,3.244000,0.108000,0.443000,0.068000,25.599000,26.626000,26.909000
x25519,sphincsshake192ssimple,classic,pqc,off,571.470000,0 - default,32,32,16224,3451.000000,2400.000000,1.437917,334,94,306,34091,16457,8,32,2665,34274,389,33112,1944,0,36893,2,1,29,6,0.045000,0.065000,568.877000,0.084000,0.089000,0.853000,0.110000,0.457000,0.048000,567.100000,567.499000,568.520000
x25519,p384_sphincsshake192ssimple,classic,pqc-hybrid,off,574.390000,0 - default,32,32,16330,3451.000000,2400.000000,1.437917,334,94,306,34447,16669,8,33,2665,34630,389,33430,1944,0,37249,2,1,30,6,0.044000,0.063000,570.125000,0.091000,0.093000,2.324000,0.108000,0.444000,0.045000,568.352000,568.764000,569.819000
x25519,sphincsshake256fsimple,classic,pqc,off,57.330000,0 - default,32,32,49856,3451.000000,2400.000000,1.437917,334,94,694,103961,50105,17,91,3053,104144,389,100798,1944,0,107151,2,1,88,15,0.053000,0.074000,53.061000,0.073000,0.124000,1.881000,0.093000,0.473000,0.085000,51.329000,52.937000,52.689000
x25519,p521_sphincsshake256fsimple,classic,pqc-hybrid,off,61.400000,0 - default,32,32,49999,3451.000000,2400.000000,1.437917,334,94,604,104430,50387,15,92,2963,104613,389,101230,1944,0,107530,2,1,89,13,0.043000,0.063000,54.967000,0.067000,0.111000,4.101000,0.109000,0.457000,0.092000,53.329000,54.996000,54.699000
x25519,sphincsshake256ssimple,classic,pqc,off,488.810000,0 - default,32,32,29792,3451.000000,2400.000000,1.437917,334,94,432,62255,30041,11,55,2791,62438,389,60425,1944,0,65183,2,1,52,9,0.044000,0.065000,485.653000,0.086000,0.108000,1.070000,0.109000,0.465000,0.053000,483.689000,484.085000,485.354000
x25519,p521_sphincsshake256ssimple,classic,pqc-hybrid,off,492.850000,0 - default,32,32,29933,3451.000000,2400.000000,1.437917,334,94,390,62761,30324,10,57,2749,62944,389,60856,1944,0,65647,2,1,54,8,0.045000,0.064000,487.146000,0.085000,0.103000,3.345000,0.108000,0.448000,0.061000,485.354000,485.770000,486.870000
x25519,ED25519,classic,classic,off,2.340000,0 - default,32,32,64,1125.000000,2400.000000,0.468750,334,94,138,540,270,4,4,2441,1246,389,597,1888,523,3641,2,1,1,2,0.048000,0.068000,1.296000,0.064000,0.045000,0.178000,0.104000,0.222000,0.012000,0.034000,0.068000,1.832000
x25519,ED448,classic,classic,off,2.440000,0 - default,32,32,114,1125.000000,2400.000000,0.468750,334,94,138,665,345,4,4,2441,1246,389,722,1888,398,3641,2,1,1,2,0.043000,0.063000,1.309000,0.060000,0.045000,0.301000,0.104000,0.218000,0.013000,0.237000,0.278000,2.115000
x448,MLDSA44,classic,pqc,off,4.550000,0 - default,56,56,2420,3451.000000,2400.000000,1.437917,358,118,180,6767,3931,5,9,2539,6974,413,6663,1920,0,9467,2,1,6,3,0.214000,0.234000,3.081000,0.242000,0.051000,0.212000,0.388000,0.515000,0.013000,1.500000,1.555000,2.717000
x448,MLDSA65,classic,pqc,off,3.790000,0 - default,56,56,3309,3451.000000,2400.000000,1.437917,358,118,222,9269,5460,6,11,2581,9476,413,9091,1920,0,12011,2,1,8,4,0.219000,0.239000,2.104000,0.189000,0.055000,0.276000,0.482000,0.608000,0.013000,0.521000,0.580000,1.757000
x448,MLDSA87,classic,pqc,off,5.020000,0 - default,56,56,4627,3451.000000,2400.000000,1.437917,358,118,222,12709,7418,6,15,2581,12916,413,12382,1920,0,15451,2,1,12,4,0.218000,0.239000,3.311000,0.248000,0.050000,0.392000,0.490000,0.615000,0.015000,1.625000,1.697000,2.968000
x448,p256_mldsa44,classic,pqc-hybrid,off,4.750000,0 - default,56,56,2495,3451.000000,2400.000000,1.437917,358,118,180,7013,4064,5,10,2539,7220,413,6871,1920,0,9713,2,1,7,3,0.224000,0.244000,2.298000,0.235000,0.049000,1.137000,0.399000,0.732000,0.012000,0.370000,0.624000,2.010000
x448,rsa3072_mldsa44,classic,pqc-hybrid,off,6.960000,0 - default,56,56,2808,3451.000000,2400.000000,1.437917,358,118,222,8013,4709,6,11,2581,8220,413,7834,1920,0,10755,2,1,8,4,0.219000,0.240000,4.579000,0.248000,0.050000,1.115000,0.390000,0.720000,0.012000,2.631000,2.894000,4.279000
x448,p384_mldsa65,classic,pqc-hybrid,off,6.490000,0 - default,56,56,3417,3451.000000,2400.000000,1.437917,358,118,222,9653,5656,6,13,2581,9860,413,9400,1920,0,12395,2,1,10,4,0.215000,0.235000,3.194000,0.236000,0.055000,1.737000,0.467000,0.801000,0.012000,1.177000,1.448000,2.894000
x448,p521_mldsa87,classic,pqc-hybrid,off,8.530000,0 - default,56,56,4770,3451.000000,2400.000000,1.437917,358,118,222,13159,7684,6,16,2581,13366,413,12795,1920,0,15901,2,1,13,4,0.221000,0.242000,4.361000,0.235000,0.061000,2.596000,0.443000,0.792000,0.013000,2.360000,2.632000,4.072000
x448,falcon512,classic,pqc,off,3.790000,0 - default,56,56,654,2697.000000,2400.000000,1.123750,358,118,138,2685,1741,4,6,2441,2892,413,2692,1864,0,5287,2,1,3,2,0.232000,0.254000,2.457000,0.235000,0.049000,0.328000,0.419000,0.809000,0.012000,0.311000,0.576000,3.446000
x448,falcon1024,classic,pqc,off,3.970000,0 - default,56,56,1270,3451.000000,2400.000000,1.437917,358,118,180,4897,3253,5,8,2539,5104,413,4830,1920,0,7597,2,1,5,3,0.214000,0.234000,2.470000,0.250000,0.052000,0.350000,0.389000,0.695000,0.012000,0.514000,0.767000,2.118000
x448,p256_falcon512,classic,pqc-hybrid,off,4.810000,0 - default,56,56,731,2918.000000,2400.000000,1.215833,358,118,138,2906,1885,4,6,2441,3113,413,2913,1864,0,5508,2,1,3,2,0.219000,0.240000,2.620000,0.236000,0.050000,1.133000,0.436000,0.781000,0.011000,0.526000,0.775000,4.504000
x448,rsa3072_falcon512,classic,pqc-hybrid,off,7.010000,0 - default,56,56,1043,3451.000000,2400.000000,1.437917,358,118,180,3907,2532,5,7,2539,4114,413,3877,1920,0,6607,2,1,4,3,0.218000,0.237000,4.818000,0.254000,0.050000,1.106000,0.393000,0.759000,0.012000,2.791000,3.046000,5.363000
x448,falconpadded512,classic,pqc,off,3.770000,0 - default,56,56,666,2718.000000,2400.000000,1.132500,358,118,138,2706,1750,4,6,2441,2913,413,2713,1864,0,5308,2,1,3,2,0.215000,0.234000,2.390000,0.227000,0.051000,0.320000,0.455000,0.800000,0.011000,0.294000,0.539000,3.445000
x448,p256_falconpadded512,classic,pqc-hybrid,off,4.740000,0 - default,56,56,740,2937.000000,2400.000000,1.223750,358,118,138,2925,1895,4,6,2441,3132,413,2932,1864,0,5527,2,1,3,2,0.223000,0.244000,2.555000,0.238000,0.057000,1.177000,0.393000,0.687000,0.013000,0.534000,0.796000,4.427000
x448,rsa3072_falconpadded512,classic,pqc-hybrid,off,7.160000,0 - default,56,56,1054,3451.000000,2400.000000,1.437917,358,118,180,3926,2540,5,7,2539,4133,413,3896,1920,0,6626,2,1,4,3,0.219000,0.239000,4.879000,0.242000,0.059000,1.136000,0.443000,0.789000,0.012000,2.788000,3.046000,5.451000
x448,p521_falcon1024,classic,pqc-hybrid,off,8.430000,0 - default,56,56,1408,3451.000000,2400.000000,1.437917,358,118,180,5350,3530,5,9,2539,5557,413,5245,1920,0,8050,2,1,6,3,0.220000,0.240000,4.534000,0.245000,0.059000,2.585000,0.387000,0.710000,0.013000,2.611000,2.868000,4.214000
x448,falconpadded1024,classic,pqc,off,4.170000,0 - default,56,56,1280,3451.000000,2400.000000,1.437917,358,118,180,4914,3260,5,8,2539,5121,413,4847,1920,0,7614,2,1,5,3,0.221000,0.241000,2.581000,0.245000,0.057000,0.368000,0.429000,0.774000,0.012000,0.526000,0.775000,2.217000
x448,p521_falconpadded1024,classic,pqc-hybrid,off,8.620000,0 - default,56,56,1422,3451.000000,2400.000000,1.437917,358,118,180,5373,3539,5,9,2539,5580,413,5268,1920,0,8073,2,1,6,3,0.211000,0.231000,4.722000,0.242000,0.049000,2.573000,0.392000,0.722000,0.012000,2.595000,2.850000,4.221000
x448,sphincssha2128fsimple,classic,pqc,off,11.670000,0 - default,56,56,17088,3451.000000,2400.000000,1.437917,358,118,348,35890,17305,9,34,2707,36097,413,34861,1920,0,38758,2,1,31,7,0.227000,0.247000,9.158000,0.242000,0.070000,0.806000,0.412000,0.754000,0.039000,7.095000,7.418000,8.833000
x448,p256_sphincssha2128fsimple,classic,pqc-hybrid,off,12.810000,0 - default,56,56,17164,3451.000000,2400.000000,1.437917,358,118,348,36113,17451,9,34,2707,36320,413,35084,1920,0,38981,2,1,31,7,0.217000,0.236000,9.406000,0.241000,0.074000,1.625000,0.430000,0.777000,0.041000,7.325000,7.650000,9.115000
x448,rsa3072_sphincssha2128fsimple,classic,pqc-hybrid,off,14.990000,0 - default,56,56,17476,3451.000000,2400.000000,1.437917,358,118,348,37117,18100,9,35,2707,37324,413,36051,1920,0,39985,2,1,32,7,0.214000,0.235000,11.712000,0.235000,0.077000,1.600000,0.491000,0.824000,0.042000,9.589000,9.920000,11.399000
x448,sphincssha2128ssimple,classic,pqc,off,150.550000,0 - default,56,56,7856,3451.000000,2400.000000,1.437917,358,118,222,16721,8072,6,18,2581,16928,413,16284,1920,0,19463,2,1,15,4,0.212000,0.233000,148.540000,0.261000,0.077000,0.470000,0.394000,0.695000,0.012000,146.424000,146.726000,148.196000
x448,p256_sphincssha2128ssimple,classic,pqc-hybrid,off,151.740000,0 - default,56,56,7931,3451.000000,2400.000000,1.437917,358,118,222,16943,8218,6,18,2581,17150,413,16506,1920,0,19685,2,1,15,4,0.214000,0.235000,148.727000,0.274000,0.081000,1.369000,0.388000,0.714000,0.013000,146.612000,146.912000,148.425000
x448,rsa3072_sphincssha2128ssimple,classic,pqc-hybrid,off,154.600000,0 - default,56,56,8244,3451.000000,2400.000000,1.437917,358,118,222,17950,8868,6,19,2581,18157,413,17476,1920,0,20692,2,1,16,4,0.223000,0.243000,151.602000,0.260000,0.085000,1.324000,0.472000,0.810000,0.013000,149.392000,149.708000,151.294000
x448,sphincssha2192fsimple,classic,pqc,off,17.210000,0 - default,56,56,35664,3451.000000,2400.000000,1.437917,358,118,516,74467,35897,13,66,2875,74674,413,72254,1920,0,77503,2,1,63,11,0.214000,0.234000,14.041000,0.237000,0.086000,1.075000,0.432000,0.777000,0.057000,11.956000,13.083000,13.711000
x448,p384_sphincssha2192fsimple,classic,pqc-hybrid,off,19.680000,0 - default,56,56,35772,3451.000000,2400.000000,1.437917,358,118,474,74824,36108,12,67,2833,75031,413,72573,1920,0,77818,2,1,64,10,0.223000,0.243000,14.933000,0.238000,0.087000,2.486000,0.391000,0.731000,0.066000,12.895000,14.092000,14.651000
x448,sphincssha2192ssimple,classic,pqc,off,269.130000,0 - default,56,56,16224,3451.000000,2400.000000,1.437917,358,118,306,34091,16457,8,32,2665,34298,413,33136,1920,0,36917,2,1,29,6,0.215000,0.234000,266.695000,0.273000,0.089000,0.592000,0.485000,0.828000,0.040000,264.174000,264.523000,266.159000
x448,p384_sphincssha2192ssimple,classic,pqc-hybrid,off,272.930000,0 - default,56,56,16330,3451.000000,2400.000000,1.437917,358,118,306,34407,16667,8,32,2665,34614,413,33452,1920,0,37233,2,1,29,6,0.220000,0.241000,268.859000,0.276000,0.087000,2.061000,0.401000,0.737000,0.022000,266.163000,266.516000,268.242000
x448,sphincssha2256fsimple,classic,pqc,off,30.050000,0 - default,56,56,49856,3451.000000,2400.000000,1.437917,358,118,478,103923,50105,12,90,2837,104130,413,100822,1920,0,106921,2,1,87,10,0.220000,0.240000,26.570000,0.238000,0.108000,1.092000,0.391000,0.689000,0.074000,24.510000,26.180000,26.280000
x448,p521_sphincssha2256fsimple,classic,pqc-hybrid,off,34.580000,0 - default,56,56,49999,3451.000000,2400.000000,1.437917,358,118,562,104430,50387,14,92,2921,104637,413,101254,1920,0,107512,2,1,89,12,0.210000,0.231000,28.714000,0.238000,0.106000,3.311000,0.462000,0.799000,0.076000,26.547000,28.349000,28.432000
x448,sphincssha2256ssimple,classic,pqc,off,248.080000,0 - default,56,56,29792,3451.000000,2400.000000,1.437917,358,118,390,62298,30041,10,56,2749,62505,413,60455,1920,0,65208,2,1,53,8,0.227000,0.247000,245.135000,0.278000,0.111000,0.736000,0.404000,0.750000,0.050000,242.860000,243.253000,244.832000
x448,p521_sphincssha2256ssimple,classic,pqc-hybrid,off,249.730000,0 - default,56,56,29934,3451.000000,2400.000000,1.437917,358,118,390,62762,30324,10,57,2749,62969,413,60881,1920,0,65672,2,1,54,8,0.220000,0.240000,244.173000,0.261000,0.105000,3.009000,0.390000,0.698000,0.054000,241.934000,242.350000,243.906000
x448,sphincsshake128fsimple,classic,pqc,off,20.280000,0 - default,56,56,17088,3451.000000,2400.000000,1.437917,358,118,348,35890,17305,9,34,2707,36097,413,34861,1920,0,38758,2,1,31,7,0.219000,0.238000,17.280000,0.243000,0.074000,1.352000,0.389000,0.732000,0.039000,15.238000,15.562000,16.938000
x448,p256_sphincsshake128fsimple,classic,pqc-hybrid,off,21.630000,0 - default,56,56,17163,3451.000000,2400.000000,1.437917,358,118,348,36148,17449,9,35,2707,36355,413,35081,1920,0,39016,2,1,32,7,0.220000,0.239000,17.709000,0.239000,0.077000,2.203000,0.395000,0.736000,0.038000,15.497000,15.820000,17.206000
x448,rsa3072_sphincsshake128fsimple,classic,pqc-hybrid,off,23.740000,0 - default,56,56,17476,3451.000000,2400.000000,1.437917,358,118,348,37155,18100,9,36,2707,37362,413,36051,1920,0,40023,2,1,33,7,0.228000,0.248000,19.910000,0.243000,0.078000,2.162000,0.489000,0.830000,0.046000,17.764000,18.101000,19.602000
x448,sphincsshake128ssimple,classic,pqc,off,320.630000,0 - default,56,56,7856,3451.000000,2400.000000,1.437917,358,118,222,16722,8073,6,18,2581,16929,413,16285,1920,0,19464,2,1,15,4,0.225000,0.245000,318.403000,0.244000,0.071000,0.703000,0.493000,0.838000,0.012000,316.252000,316.525000,318.051000
x448,p256_sphincsshake128ssimple,classic,pqc-hybrid,off,321.130000,0 - default,56,56,7932,3451.000000,2400.000000,1.437917,358,118,222,16944,8218,6,18,2581,17151,413,16507,1920,0,19686,2,1,15,4,0.214000,0.233000,317.969000,0.242000,0.068000,1.559000,0.404000,0.745000,0.013000,315.947000,316.225000,317.664000
x448,rsa3072_sphincsshake128ssimple,classic,pqc-hybrid,off,323.550000,0 - default,56,56,8244,3451.000000,2400.000000,1.437917,358,118,222,17950,8868,6,19,2581,18157,413,17476,1920,0,20692,2,1,16,4,0.222000,0.242000,320.447000,0.245000,0.070000,1.461000,0.390000,0.735000,0.013000,318.431000,318.721000,320.149000
x448,sphincsshake192fsimple,classic,pqc,off,30.650000,0 - default,56,56,35664,3451.000000,2400.000000,1.437917,358,118,516,74505,35897,13,67,2875,74712,413,72254,1920,0,77541,2,1,64,11,0.224000,0.244000,26.618000,0.236000,0.093000,1.892000,0.394000,0.740000,0.057000,24.566000,25.709000,26.297000
x448,p384_sphincsshake192fsimple,classic,pqc-hybrid,off,33.220000,0 - default,56,56,35772,3451.000000,2400.000000,1.437917,358,118,474,74824,36108,12,67,2833,75031,413,72573,1920,0,77818,2,1,64,10,0.214000,0.234000,27.611000,0.237000,0.095000,3.285000,0.409000,0.746000,0.065000,25.523000,26.741000,27.328000
x448,sphincsshake192ssimple,classic,pqc,off,570.560000,0 - default,56,56,16224,3451.000000,2400.000000,1.437917,358,118,306,34091,16457,8,32,2665,34298,413,33136,1920,0,36917,2,1,29,6,0.229000,0.249000,567.981000,0.250000,0.080000,0.868000,0.398000,0.686000,0.019000,565.946000,566.265000,567.629000
x448,p384_sphincsshake192ssimple,classic,pqc-hybrid,off,575.130000,0 - default,56,56,16331,3451.000000,2400.000000,1.437917,358,118,264,34448,16669,7,33,2623,34655,413,33455,1920,0,37232,2,1,30,5,0.222000,0.242000,570.789000,0.256000,0.089000,2.276000,0.397000,0.686000,0.039000,568.716000,569.051000,570.499000
x448,sphincsshake256fsimple,classic,pqc,off,57.760000,0 - default,56,56,49856,3451.000000,2400.000000,1.437917,358,118,562,103961,50105,14,91,2921,104168,413,100822,1920,0,107043,2,1,88,12,0.223000,0.243000,53.485000,0.242000,0.108000,1.914000,0.482000,0.829000,0.079000,51.290000,52.990000,53.183000
x448,p521_sphincsshake256fsimple,classic,pqc-hybrid,off,61.860000,0 - default,56,56,49999,3451.000000,2400.000000,1.437917,358,118,562,104430,50387,14,92,2921,104637,413,101254,1920,0,107512,2,1,89,12,0.219000,0.239000,55.291000,0.241000,0.113000,4.072000,0.390000,0.694000,0.079000,53.245000,55.024000,55.031000
x448,sphincsshake256ssimple,classic,pqc,off,489.100000,0 - default,56,56,29792,3451.000000,2400.000000,1.437917,358,118,390,62298,30041,10,56,2749,62505,413,60455,1920,0,65208,2,1,53,8,0.238000,0.258000,485.871000,0.260000,0.100000,1.096000,0.397000,0.721000,0.052000,483.675000,484.065000,485.576000
x448,p521_sphincsshake256ssimple,classic,pqc-hybrid,off,492.790000,0 - default,56,56,29934,3451.000000,2400.000000,1.437917,358,118,432,62762,30324,11,57,2791,62969,413,60881,1920,0,65714,2,1,54,9,0.220000,0.240000,487.233000,0.262000,0.111000,3.328000,0.433000,0.789000,0.054000,484.884000,485.313000,486.960000
x448,ED25519,classic,classic,off,2.620000,0 - default,56,56,64,1125.000000,2400.000000,0.468750,358,118,138,540,270,4,4,2441,1246,413,621,1864,499,3641,2,1,1,2,0.226000,0.247000,1.568000,0.195000,0.047000,0.185000,0.435000,0.551000,0.012000,0.036000,0.070000,2.301000
x448,ED448,classic,classic,off,2.930000,0 - default,56,56,114,1125.000000,2400.000000,0.468750,358,118,138,665,345,4,4,2441,1246,413,746,1864,374,3641,2,1,1,2,0.213000,0.233000,1.763000,0.193000,0.045000,0.303000,0.463000,0.589000,0.011000,0.208000,0.242000,2.627000
